step,environment,gps_error,rtk_error,ekf_error
0,URBAN,9.65609642136287,1.8351214949791326,0.5019058292710712
1,URBAN,4.892070146496495,1.502307147528726,0.360516778074749
2,URBAN,3.219075666735021,0.5753440279263212,0.37107447533986043
3,URBAN,7.384574517967679,0.6060275175672972,0.42847001027812487
4,URBAN,0.5642530173335749,1.5522106462558276,0.6242708312327283
5,URBAN,4.764579207754707,0.5181440696291513,0.6132991306323399
6,URBAN,5.164195355917974,0.6079186195098306,0.5338014707178791
7,URBAN,6.56134061225752,1.1865931468770214,0.6493049535544849
8,URBAN,7.9469982260600815,0.5870091798034501,0.5731076957676833
9,URBAN,3.5937241793275967,1.693066920399659,0.7314713078345632
10,URBAN,5.914570125432141,1.3659806001920316,0.9671588614106909
11,URBAN,2.3857258432014943,0.736999874465374,0.4775945861724444
12,URBAN,4.551309047906936,1.1170422160148659,0.6676559238900569
13,URBAN,1.6499474143322008,0.8953858171469685,0.5341964427586495
14,URBAN,4.87223550399117,0.7999805357768871,0.3905568718962174
15,URBAN,7.102683416262807,1.026191255807813,0.34315292609492737
16,URBAN,2.894565353232787,1.8103996855420745,0.5568835602049604
17,URBAN,5.663659172395088,1.239764944536107,0.46302311522704886
18,URBAN,10.934226367774118,1.9259797108122316,0.8620849249605291
19,URBAN,10.776319828209223,1.2339426297256715,0.9508406053208494
20,URBAN,5.114782274782058,1.5102491941445064,0.7424764125837643
21,TUNNEL,,,0.7399071900111862
22,TUNNEL,,,0.7387788410962245
23,TUNNEL,,,0.738833166020519
24,TUNNEL,,,0.7396748425075483
25,TUNNEL,,,0.7414786909953754
26,TUNNEL,,,0.743713476401761
27,TUNNEL,,,0.7461404769017984
28,TUNNEL,,,0.7485338684056613
29,TUNNEL,,,0.7508067482635573
30,TUNNEL,,,0.7524343473019443
31,TUNNEL,,,0.754246218536805
32,TUNNEL,,,0.7551014359214054
33,TUNNEL,,,0.7550831649402259
34,TUNNEL,,,0.7542835838296774
35,TUNNEL,,,0.7532212303599561
36,TUNNEL,,,0.7521047061720352
37,TUNNEL,,,0.7513997088037535
38,TUNNEL,,,0.7510418820734175
39,TUNNEL,,,0.751201494012756
40,TUNNEL,,,0.751580562938462
41,TUNNEL,,,0.7522230074832429
42,TUNNEL,,,0.7527699031526377
43,TUNNEL,,,0.7534600085672558
44,TUNNEL,,,0.7538377309149134
45,TUNNEL,,,0.7539600266114848
46,TUNNEL,,,0.7537430766949743
47,TUNNEL,,,0.7533706313772246
48,TUNNEL,,,0.7528284652221917
49,TUNNEL,,,0.752350431344861
50,TUNNEL,,,0.7518955102953381
51,TUNNEL,,,0.7516444833542566
52,TUNNEL,,,0.7514740726335328
53,TUNNEL,,,0.7515112862678617
54,TUNNEL,,,0.7515656101281388
55,TUNNEL,,,0.7517198630928082
56,TUNNEL,,,0.7518410715532772
57,TUNNEL,,,0.7519463213776593
58,TUNNEL,,,0.7519386171938216
59,TUNNEL,,,0.7518810867802774
60,TUNNEL,,,0.7517394091979418
61,TUNNEL,,,0.7515811756155176
62,TUNNEL,,,0.7513962469236991
63,TUNNEL,,,0.7512522586601744
64,TUNNEL,,,0.7511262780128393
65,TUNNEL,,,0.7510712847110174
66,TUNNEL,,,0.7510587919537641
67,TUNNEL,,,0.7510912146331162
68,TUNNEL,,,0.7511466813992715
69,TUNNEL,,,0.7512006846251597
70,TUNNEL,,,0.7512592684180167
71,TUNNEL,,,0.7512946895083054
72,TUNNEL,,,0.7513211227601178
73,TUNNEL,,,0.751323358075554
74,TUNNEL,,,0.7513401766480753
75,TUNNEL,,,0.7513303736307371
76,TUNNEL,,,0.7513534542563866
77,TUNNEL,,,0.7513677234999308
78,TUNNEL,,,0.7514301393269726
79,TUNNEL,,,0.7514704610523266
80,TUNNEL,,,0.7515744412408124
81,TUNNEL,,,0.7516411536919618
82,TUNNEL,,,0.7517650006314273
83,TUNNEL,,,0.7518449223022697
84,TUNNEL,,,0.7519802319559535
85,TUNNEL,,,0.7520664060130184
86,TUNNEL,,,0.7522043374390949
87,TUNNEL,,,0.7522752709797532
88,TUNNEL,,,0.752430956661476
89,TUNNEL,,,0.7525145608323959
90,TUNNEL,,,0.7526842229156139
91,TUNNEL,,,0.752777626603759
92,TUNNEL,,,0.7529846109221894
93,TUNNEL,,,0.7531036231549725
94,TUNNEL,,,0.7533160390383558
95,TUNNEL,,,0.7534423702668478
96,TUNNEL,,,0.753682919211317
97,TUNNEL,,,0.7538250626841786
98,TUNNEL,,,0.7540731850474742
99,TUNNEL,,,0.754215630361638
100,TUNNEL,,,0.7544749205108978
101,TUNNEL,,,0.7546192541329152
102,TUNNEL,,,0.7549093740526767
103,TUNNEL,,,0.7550751914889556
104,TUNNEL,,,0.755372906734632
105,TUNNEL,,,0.7555370895344776
106,TUNNEL,,,0.7558506687879045
107,TUNNEL,,,0.7560255796878731
108,TUNNEL,,,0.7563619172223005
109,TUNNEL,,,0.7565544636462457
110,TUNNEL,,,0.7569161554090451
111,TUNNEL,,,0.7571166297012445
112,TUNNEL,,,0.7575029246179119
113,TUNNEL,,,0.7577292551299222
114,TUNNEL,,,0.7581257032261266
115,TUNNEL,,,0.7583598966117148
116,TUNNEL,,,0.7587732268098657
117,TUNNEL,,,0.7589978200516133
118,TUNNEL,,,0.7594272624498726
119,TUNNEL,,,0.7596692656343148
120,TUNNEL,,,0.7601149764053609
121,TUNNEL,,,0.7603641737987072
122,TUNNEL,,,0.7608200958054133
123,TUNNEL,,,0.76108845023271
124,TUNNEL,,,0.7615629796768292
125,TUNNEL,,,0.7618400190648356
126,TUNNEL,,,0.7623354762765532
127,TUNNEL,,,0.7626178248823189
128,TUNNEL,,,0.7631375013500491
129,TUNNEL,,,0.7634219016229624
130,TUNNEL,,,0.7639446030823368
131,TUNNEL,,,0.7642334991847951
132,TUNNEL,,,0.7647705825918519
133,TUNNEL,,,0.7650829646969909
134,TUNNEL,,,0.7656405022436323
135,TUNNEL,,,0.7659644813717443
136,TUNNEL,,,0.7665356399816622
137,TUNNEL,,,0.7668626778100425
138,TUNNEL,,,0.7674575935849963
139,TUNNEL,,,0.767791723736677
140,TUNNEL,,,0.7684100109546022
141,TUNNEL,,,0.7687581706182641
142,TUNNEL,,,0.7693798152182837
143,TUNNEL,,,0.7697406884645693
144,TUNNEL,,,0.7703836130742469
145,TUNNEL,,,0.7707557650431499
146,TUNNEL,,,0.7714084151682218
147,TUNNEL,,,0.7717830254534218
148,TUNNEL,,,0.7724569068765293
149,TUNNEL,,,0.7728376830091406
150,TUNNEL,,,0.7735280836360409
151,TUNNEL,,,0.7739157421428573
152,TUNNEL,,,0.7746291213984516
153,TUNNEL,,,0.7750371980688916
154,TUNNEL,,,0.7757628233812026
155,TUNNEL,,,0.7761710827634268
156,TUNNEL,,,0.7769113019248359
157,TUNNEL,,,0.777334067351393
158,TUNNEL,,,0.7781024965655816
159,TUNNEL,,,0.778517708816852
160,TUNNEL,,,0.7792959282544802
161,TUNNEL,,,0.7797286162094423
162,TUNNEL,,,0.7805157628999416
163,TUNNEL,,,0.7809719205805966
164,TUNNEL,,,0.7817767830849953
165,TUNNEL,,,0.7822420830104355
166,TUNNEL,,,0.7830631844744156
167,TUNNEL,,,0.7835321527264949
168,TUNNEL,,,0.7843647665642094
169,TUNNEL,,,0.7848236640222012
170,TUNNEL,,,0.7856727460215593
171,TUNNEL,,,0.7861484001516094
172,TUNNEL,,,0.7870200179189591
173,TUNNEL,,,0.7875177536362148
174,TUNNEL,,,0.7883922009389984
175,TUNNEL,,,0.7888972658972235
176,TUNNEL,,,0.7897841084071646
177,TUNNEL,,,0.7902867841287391
178,TUNNEL,,,0.7912005994107973
179,TUNNEL,,,0.7917119960567508
180,TUNNEL,,,0.7926456767037572
181,TUNNEL,,,0.793172471599387
182,TUNNEL,,,0.7941021676287309
183,TUNNEL,,,0.7946244156330731
184,TUNNEL,,,0.7955661310435505
185,TUNNEL,,,0.7960987698138627
186,TUNNEL,,,0.7970711972021264
187,TUNNEL,,,0.7976130741974496
188,TUNNEL,,,0.7985926644124959
189,TUNNEL,,,0.799139630496769
190,TUNNEL,,,0.8001400104008953
191,TUNNEL,,,0.8006871305855419
192,TUNNEL,,,0.8017063045577891
193,TUNNEL,,,0.8022940228219981
194,TUNNEL,,,0.8033279169914292
195,TUNNEL,,,0.8039238222882403
196,TUNNEL,,,0.804972386262533
197,TUNNEL,,,0.8055692515549474
198,TUNNEL,,,0.8066249619287345
199,TUNNEL,,,0.8072060075669307
200,TUNNEL,,,0.8082779119976287
201,TUNNEL,,,0.8088864079889916
202,TUNNEL,,,0.809964513229957
203,TUNNEL,,,0.8105793065320422
204,TUNNEL,,,0.8116862693268144
205,TUNNEL,,,0.8123175771612662
206,TUNNEL,,,0.8134186306109993
207,TUNNEL,,,0.8140258066835857
208,TUNNEL,,,0.8151567173857956
209,TUNNEL,,,0.815784029137778
210,TUNNEL,,,0.8169432256838118
211,TUNNEL,,,0.8175603782962656
212,TUNNEL,,,0.8186975203178273
213,TUNNEL,,,0.8193342856437463
214,TUNNEL,,,0.8204844147569221
215,TUNNEL,,,0.8211282326067832
216,TUNNEL,,,0.8222913986133538
217,TUNNEL,,,0.8229351347416672
218,TUNNEL,,,0.8241183017252387
219,TUNNEL,,,0.8247749196604954
220,TUNNEL,,,0.8259708079163272
221,TUNNEL,,,0.8266496970178948
222,TUNNEL,,,0.82787738717643
223,TUNNEL,,,0.8285662460337556
224,TUNNEL,,,0.8297963910007442
225,TUNNEL,,,0.8304893201339671
226,TUNNEL,,,0.8317385547955987
227,TUNNEL,,,0.832437932672754
228,TUNNEL,,,0.833703722142396
229,TUNNEL,,,0.8343886995503574
230,TUNNEL,,,0.8356465340423836
231,TUNNEL,,,0.8363444007053957
232,TUNNEL,,,0.837614243789556
233,TUNNEL,,,0.8383185637134746
234,TUNNEL,,,0.8395916088837377
235,TUNNEL,,,0.8403113242181317
236,TUNNEL,,,0.8416251051342478
237,TUNNEL,,,0.8423529737089445
238,TUNNEL,,,0.8436698778054165
239,TUNNEL,,,0.8444029810474873
240,TUNNEL,,,0.8457273987153292
241,TUNNEL,,,0.8464748154193639
242,TUNNEL,,,0.8478157114184165
243,TUNNEL,,,0.8485613091752187
244,TUNNEL,,,0.8499121330118766
245,TUNNEL,,,0.85066318768682
246,TUNNEL,,,0.8520328894304978
247,TUNNEL,,,0.8527715622804749
248,TUNNEL,,,0.8541449934867372
249,TUNNEL,,,0.8549023622850811
250,TUNNEL,,,0.8562759165364794
251,TUNNEL,,,0.8570405022490005
252,TUNNEL,,,0.8584256531212734
253,TUNNEL,,,0.8591896453208451
254,TUNNEL,,,0.8605996688432239
255,TUNNEL,,,0.861404205619801
256,TUNNEL,,,0.8628358618462668
257,TUNNEL,,,0.8636438121527471
258,TUNNEL,,,0.8650834452632002
259,TUNNEL,,,0.8659060610152711
260,TUNNEL,,,0.867348862034431
261,TUNNEL,,,0.8681354578464604
262,TUNNEL,,,0.8696113485964856
263,TUNNEL,,,0.8704369354834545
264,TUNNEL,,,0.8719163688959796
265,TUNNEL,,,0.8727338696793009
266,TUNNEL,,,0.8742121264423788
267,TUNNEL,,,0.8755620195635281
268,TUNNEL,,,0.8777871302355482
269,TUNNEL,,,0.8792604376466793
270,TUNNEL,,,0.8812663481265819
271,TUNNEL,,,0.8825025579577699
272,TUNNEL,,,0.8843120210216574
273,TUNNEL,,,0.8853903147405341
274,TUNNEL,,,0.8870916081328897
275,TUNNEL,,,0.8880872433823471
276,TUNNEL,,,0.8897020439580063
277,TUNNEL,,,0.890663035892559
278,TUNNEL,,,0.8922450727350596
279,TUNNEL,,,0.89385001298396
280,TUNNEL,,,0.896659012507144
281,TUNNEL,,,0.8986947495862155
282,TUNNEL,,,0.9011009767345496
283,TUNNEL,,,0.9027024209194637
284,TUNNEL,,,0.9047247560984579
285,TUNNEL,,,0.9060001058430801
286,TUNNEL,,,0.9078396284066347
287,TUNNEL,,,0.9089638633329744
288,TUNNEL,,,0.9106690700980772
289,TUNNEL,,,0.9116654120592378
290,TUNNEL,,,0.9132925693681588
291,TUNNEL,,,0.9142214897930743
292,TUNNEL,,,0.9165337388971239
293,TUNNEL,,,0.9188911075306901
294,TUNNEL,,,0.9216583364165514
295,TUNNEL,,,0.9235276852570511
296,TUNNEL,,,0.9257877479876763
297,TUNNEL,,,0.927213545051942
298,TUNNEL,,,0.929115389239735
299,TUNNEL,,,0.9302753032864315
300,TUNNEL,,,0.9319965525591273
301,TUNNEL,,,0.9329857920860446
302,TUNNEL,,,0.9345786269387166
303,TUNNEL,,,0.9354890197599781
304,TUNNEL,,,0.936986258718329
305,TUNNEL,,,0.9385680742018178
306,TUNNEL,,,0.9414813552877807
307,TUNNEL,,,0.9435891525169593
308,TUNNEL,,,0.9460195628822848
309,TUNNEL,,,0.9475676760371942
310,TUNNEL,,,0.9495258701070994
311,TUNNEL,,,0.9507037549618677
312,TUNNEL,,,0.9523973324241849
313,TUNNEL,,,0.9533569081624722
314,TUNNEL,,,0.954905860440969
315,TUNNEL,,,0.9557703617589106
316,TUNNEL,,,0.9572237580654819
317,TUNNEL,,,0.9579591781655654
318,TUNNEL,,,0.960091248102309
319,TUNNEL,,,0.9622466871450781
320,TUNNEL,,,0.9648232622549149
321,TUNNEL,,,0.966486364411631
322,TUNNEL,,,0.968484883387024
323,TUNNEL,,,0.9696983792816312
324,TUNNEL,,,0.9713235927507712
325,TUNNEL,,,0.9722566379489344
326,TUNNEL,,,0.9737122906654497
327,TUNNEL,,,0.9744874852077023
328,TUNNEL,,,0.9758334729878373
329,TUNNEL,,,0.9764955086769584
330,TUNNEL,,,0.9777229757894271
331,TUNNEL,,,0.97828069289448
332,TUNNEL,,,0.9802165528142115
333,TUNNEL,,,0.9822215845255848
334,TUNNEL,,,0.9846128143816162
335,TUNNEL,,,0.9861637528005156
336,TUNNEL,,,0.9880266498527994
337,TUNNEL,,,0.9890948898429006
338,TUNNEL,,,0.9906072876198743
339,TUNNEL,,,0.9914326836131621
340,TUNNEL,,,0.9927175123840627
341,TUNNEL,,,0.9933481640769806
342,TUNNEL,,,0.9945197291725676
343,TUNNEL,,,0.9950239784079525
344,TUNNEL,,,0.9961450686454572
345,TUNNEL,,,0.9973127336967043
346,TUNNEL,,,0.9996864701780622
347,TUNNEL,,,1.0013067381751115
348,TUNNEL,,,1.0032055838364877
349,TUNNEL,,,1.004304485087151
350,TUNNEL,,,1.0057483369123388
351,TUNNEL,,,1.0064982018019142
352,TUNNEL,,,1.0077224815687378
353,TUNNEL,,,1.008297575642325
354,TUNNEL,,,1.0093864032751954
355,TUNNEL,,,1.0098453121311888
356,TUNNEL,,,1.0108394630416706
357,TUNNEL,,,1.0111938959566402
358,TUNNEL,,,1.0127881885161625
359,TUNNEL,,,1.0143807761791472
360,TUNNEL,,,1.0163140111025522
361,TUNNEL,,,1.0174563628962183
362,TUNNEL,,,1.01886967493411
363,TUNNEL,,,1.019592165113699
364,TUNNEL,,,1.0207331771879924
365,TUNNEL,,,1.0212112926917973
366,TUNNEL,,,1.0221502760989094
367,TUNNEL,,,1.0225131950242108
368,TUNNEL,,,1.023385049715843
369,TUNNEL,,,1.0236694780258737
370,TUNNEL,,,1.0244510991627833
371,TUNNEL,,,1.0253064809273285
372,TUNNEL,,,1.0271973465674746
373,TUNNEL,,,1.028453115858806
374,TUNNEL,,,1.0299021752485353
375,TUNNEL,,,1.0306724874097917
376,TUNNEL,,,1.0316909457536505
377,TUNNEL,,,1.0321831825550238
378,TUNNEL,,,1.0330179855602322
379,TUNNEL,,,1.033329720196708
380,TUNNEL,,,1.0340949753294943
381,TUNNEL,,,1.0343087611843682
382,TUNNEL,,,1.0349966865244338
383,TUNNEL,,,1.0351407098046435
384,TUNNEL,,,1.036451360068175
385,TUNNEL,,,1.0380545178054168
386,TUNNEL,,,1.0398900120661587
387,TUNNEL,,,1.0409775919147977
388,TUNNEL,,,1.042210358784177
389,TUNNEL,,,1.0428364783114505
390,TUNNEL,,,1.043682598816392
391,TUNNEL,,,1.0440144424881637
392,TUNNEL,,,1.0447214130813487
393,TUNNEL,,,1.0449127264193676
394,TUNNEL,,,1.045533990951344
395,TUNNEL,,,1.0456569827205213
396,TUNNEL,,,1.0461453690835727
397,TUNNEL,,,1.0467411074577744
398,TUNNEL,,,1.0481110246326426
399,TUNNEL,,,1.0489611860105978
400,TUNNEL,,,1.0499380440441974
401,TUNNEL,,,1.0503347656894138
402,TUNNEL,,,1.0509915488339447
403,TUNNEL,,,1.0511894204695151
404,TUNNEL,,,1.052266287063276
405,TUNNEL,,,1.0533249112678154
406,TUNNEL,,,1.0544809682562215
407,TUNNEL,,,1.0551804214921443
408,TUNNEL,,,1.0559654967705376
409,TUNNEL,,,1.0563024696032464
410,TUNNEL,,,1.0568061122735657
411,TUNNEL,,,1.057505738387225
412,TUNNEL,,,1.0586188516056871
413,TUNNEL,,,1.0593067415054134
414,TUNNEL,,,1.0600328502539855
415,TUNNEL,,,1.0603640449376883
416,TUNNEL,,,1.06077690098299
417,TUNNEL,,,1.0609409762081583
418,TUNNEL,,,1.0617518462545719
419,TUNNEL,,,1.0624509391643546
420,TUNNEL,,,1.0631518479078166
421,TUNNEL,,,1.0635163121678732
422,TUNNEL,,,1.0638662964930188
423,TUNNEL,,,1.0640066498430734
424,TUNNEL,,,1.0642270357516113
425,TUNNEL,,,1.06469472190575
426,TUNNEL,,,1.0652805284118245
427,TUNNEL,,,1.0656484217672937
428,TUNNEL,,,1.065910229885919
429,TUNNEL,,,1.0660028808125308
430,TUNNEL,,,1.0661602714818645
431,TUNNEL,,,1.0661389221283142
432,TUNNEL,,,1.0666221493367023
433,TUNNEL,,,1.0669262992351227
434,TUNNEL,,,1.0671398589900567
435,TUNNEL,,,1.0672322506328504
436,TUNNEL,,,1.0672778704455355
437,TUNNEL,,,1.067256757779267
438,TUNNEL,,,1.0672712391786887
439,TUNNEL,,,1.0675945627727155
440,TUNNEL,,,1.0676976246319838
441,TUNNEL,,,1.067739174183283
442,TUNNEL,,,1.0676752152358366
443,TUNNEL,,,1.0675878463743202
444,TUNNEL,,,1.0675298804433853
445,TUNNEL,,,1.0674862486738925
446,TUNNEL,,,1.0677021601003591
447,TUNNEL,,,1.0676815045271415
448,TUNNEL,,,1.0674977745576428
449,TUNNEL,,,1.0673532209911523
450,TUNNEL,,,1.0671895065268924
451,TUNNEL,,,1.0671384850361354
452,TUNNEL,,,1.0670342599363556
453,TUNNEL,,,1.0672724033555503
454,TUNNEL,,,1.0669735303355932
455,TUNNEL,,,1.066819902225117
456,TUNNEL,,,1.066471997903115
457,TUNNEL,,,1.066380378389104
458,TUNNEL,,,1.0661637533201325
459,TUNNEL,,,1.0662027037986854
460,TUNNEL,,,1.066228430405343
461,TUNNEL,,,1.0659866600508943
462,TUNNEL,,,1.0654928184548098
463,TUNNEL,,,1.0653086604859434
464,TUNNEL,,,1.0649541636295667
465,TUNNEL,,,1.0649754147250587
466,TUNNEL,,,1.0648814295292346
467,TUNNEL,,,1.0651247598944242
468,TUNNEL,,,1.0645527265280053
469,TUNNEL,,,1.0642609662549265
470,TUNNEL,,,1.0637267357864424
471,TUNNEL,,,1.063682502673448
472,TUNNEL,,,1.063453620696428
473,TUNNEL,,,1.063672608547198
474,TUNNEL,,,1.0636628283063754
475,TUNNEL,,,1.063275110220409
476,TUNNEL,,,1.0625996189162537
477,TUNNEL,,,1.0624479198282202
478,TUNNEL,,,1.062060925519792
479,TUNNEL,,,1.062295897930626
480,TUNNEL,,,1.062258461717099
481,TUNNEL,,,1.0626474723780015
482,TUNNEL,,,1.0618208964519102
483,TUNNEL,,,1.0615156529328262
484,TUNNEL,,,1.0609322583440317
485,TUNNEL,,,1.0610707830969308
486,TUNNEL,,,1.060920994485499
487,TUNNEL,,,1.0614509981956055
488,TUNNEL,,,1.0614585449262195
489,TUNNEL,,,1.061086299851383
490,TUNNEL,,,1.0602694975041271
491,TUNNEL,,,1.0602503948933575
492,TUNNEL,,,1.0599816916103073
493,TUNNEL,,,1.0605118552887287
494,TUNNEL,,,1.0607313415355277
495,TUNNEL,,,1.0615529409821012
496,TUNNEL,,,1.060187118064875
497,TUNNEL,,,1.0591903688858932
498,TUNNEL,,,1.0577582259304483
499,TUNNEL,,,1.0574762919595486
500,TUNNEL,,,1.0569835370545047
501,TUNNEL,,,1.0575692971822666
502,TUNNEL,,,1.0578820164267821
503,TUNNEL,,,1.059159870117687
504,TUNNEL,,,1.060014086477043
505,TUNNEL,,,1.0617036223380893
506,TUNNEL,,,1.0628325420928597
507,TUNNEL,,,1.0647399412942773
508,TUNNEL,,,1.0660111465850914
509,TUNNEL,,,1.0675431244195417
510,TUNNEL,,,1.0675071542750774
511,TUNNEL,,,1.0682714226201582
512,TUNNEL,,,1.068600754299545
513,TUNNEL,,,1.069904840528841
514,TUNNEL,,,1.070790391666745
515,TUNNEL,,,1.0725564652169979
516,TUNNEL,,,1.0738368598096448
517,TUNNEL,,,1.0760002731086882
518,TUNNEL,,,1.0775525851289696
519,TUNNEL,,,1.0799228449658322
520,TUNNEL,,,1.0815769634916996
521,TUNNEL,,,1.0840448057921737
522,TUNNEL,,,1.085385810490334
523,TUNNEL,,,1.0872099001416322
524,TUNNEL,,,1.0884067774747779
525,TUNNEL,,,1.0904966862484076
526,TUNNEL,,,1.0919346198710358
527,TUNNEL,,,1.0942885717471564
528,TUNNEL,,,1.095976989535539
529,TUNNEL,,,1.098489176683475
530,TUNNEL,,,1.1003903736890717
531,TUNNEL,,,1.1032778868582127
532,TUNNEL,,,1.1057102681465605
533,TUNNEL,,,1.1092192919075572
534,TUNNEL,,,1.1120334545703596
535,TUNNEL,,,1.1156883501207429
536,TUNNEL,,,1.1186298543635689
537,TUNNEL,,,1.1224161583636216
538,TUNNEL,,,1.1253187376286728
539,TUNNEL,,,1.1288805199233205
540,TUNNEL,,,1.1315298523990551
541,TUNNEL,,,1.1348573515003506
542,TUNNEL,,,1.1372763624328595
543,TUNNEL,,,1.1404762251107776
544,TUNNEL,,,1.1428719918997328
545,TUNNEL,,,1.1461487997362279
546,TUNNEL,,,1.1486347981143408
547,TUNNEL,,,1.152054914625192
548,TUNNEL,,,1.1546053752013665
549,TUNNEL,,,1.1579820146973159
550,TUNNEL,,,1.1605280111460583
551,TUNNEL,,,1.1639198059245324
552,TUNNEL,,,1.1664559144350246
553,TUNNEL,,,1.169796754769171
554,TUNNEL,,,1.1722615254369817
555,TUNNEL,,,1.1754834589133967
556,TUNNEL,,,1.1778530477444273
557,TUNNEL,,,1.1810513982346411
558,TUNNEL,,,1.1833598873197033
559,TUNNEL,,,1.186544389145
560,TUNNEL,,,1.1888674464256124
561,TUNNEL,,,1.1920657758747049
562,TUNNEL,,,1.1944108178750301
563,TUNNEL,,,1.1975786057688218
564,TUNNEL,,,1.1998814541255711
565,TUNNEL,,,1.2030407249901514
566,TUNNEL,,,1.2053363076924726
567,TUNNEL,,,1.2084400702566886
568,TUNNEL,,,1.2106750039060898
569,TUNNEL,,,1.2137350450897222
570,TUNNEL,,,1.2159448683764231
571,TUNNEL,,,1.218962945440691
572,TUNNEL,,,1.2211400014950469
573,TUNNEL,,,1.2241521785171972
574,TUNNEL,,,1.2263386194729857
575,TUNNEL,,,1.2293438052317522
576,TUNNEL,,,1.2314746643296333
577,TUNNEL,,,1.2344777574274146
578,TUNNEL,,,1.2366093222696255
579,TUNNEL,,,1.239557469588075
580,TUNNEL,,,1.2416096958226877
581,TUNNEL,,,1.2445074931419426
582,TUNNEL,,,1.2465260403949001
583,TUNNEL,,,1.249417626015877
584,TUNNEL,,,1.2514044619278757
585,TUNNEL,,,1.25423735575452
586,TUNNEL,,,1.2562053093998917
587,TUNNEL,,,1.2590180119027239
588,TUNNEL,,,1.2609698849394977
589,TUNNEL,,,1.2637862017222738
590,TUNNEL,,,1.2657479830811913
591,TUNNEL,,,1.2685101514116002
592,TUNNEL,,,1.2704038819596917
593,TUNNEL,,,1.2731539287169065
594,TUNNEL,,,1.2750331169761477
595,TUNNEL,,,1.2777371213958304
596,TUNNEL,,,1.2795737659286828
597,TUNNEL,,,1.2820258981376678
598,TUNNEL,,,1.2834542636268984
599,TUNNEL,,,1.2827706547405406
600,TUNNEL,,,1.28377055009865
601,TUNNEL,,,1.2865441872447394
602,TUNNEL,,,1.2884347882409413
603,TUNNEL,,,1.2899991352465432
604,TUNNEL,,,1.2922988432844382
605,TUNNEL,,,1.2947541930544035
606,TUNNEL,,,1.2971576147193111
607,TUNNEL,,,1.2992668238531222
608,TUNNEL,,,1.3010668335864644
609,TUNNEL,,,1.3025707872206045
610,TUNNEL,,,1.3040067898689744
611,TUNNEL,,,1.3055231541598344
612,TUNNEL,,,1.3072977720711463
613,TUNNEL,,,1.3092739633747572
614,TUNNEL,,,1.3112672429151986
615,TUNNEL,,,1.3132399216961146
616,TUNNEL,,,1.3150688466063074
617,TUNNEL,,,1.3168094964469383
618,TUNNEL,,,1.3184289531113997
619,TUNNEL,,,1.320119295193773
620,TUNNEL,,,1.3218048960609472
621,TUNNEL,,,1.323596007458745
622,TUNNEL,,,1.3235118521369729
623,TUNNEL,,,1.3199723734945283
624,TUNNEL,,,1.3151518810533427
625,TUNNEL,,,1.3098872856203077
626,TUNNEL,,,1.3045215790933578
627,TUNNEL,,,1.299334153695888
628,TUNNEL,,,1.294374694514755
629,TUNNEL,,,1.2933536105786951
630,TUNNEL,,,1.2911011522779134
631,TUNNEL,,,1.2891010046493108
632,TUNNEL,,,1.286258824863831
633,TUNNEL,,,1.2840364693479165
634,TUNNEL,,,1.2806246202571667
635,TUNNEL,,,1.2761363698963164
636,TUNNEL,,,1.2735807938743222
637,TUNNEL,,,1.2717495428728225
638,TUNNEL,,,1.269628730229341
639,TUNNEL,,,1.2681225199937034
640,TUNNEL,,,1.2654325224347998
641,TUNNEL,,,1.2608551506079417
642,TUNNEL,,,1.2565038997169802
643,TUNNEL,,,1.2544175346443416
644,TUNNEL,,,1.2539828813803466
645,TUNNEL,,,1.2546055713127064
646,TUNNEL,,,1.25193154902809
647,TUNNEL,,,1.2486403925065783
648,TUNNEL,,,1.245422452211814
649,TUNNEL,,,1.2432621795633843
650,TUNNEL,,,1.2414031517114048
651,TUNNEL,,,1.2403480038488728
652,TUNNEL,,,1.239395175192771
653,TUNNEL,,,1.240934885527655
654,TUNNEL,,,1.2443391107968549
655,TUNNEL,,,1.248413323968987
656,TUNNEL,,,1.2523345953170628
657,TUNNEL,,,1.2566583407525511
658,TUNNEL,,,1.260747457332251
659,TUNNEL,,,1.2651921748662325
660,TUNNEL,,,1.2693109433061782
661,TUNNEL,,,1.2737104492029483
662,TUNNEL,,,1.277658257543173
663,TUNNEL,,,1.28184465753834
664,TUNNEL,,,1.2855533057994886
665,TUNNEL,,,1.289483910227538
666,TUNNEL,,,1.2941538277257545
667,TUNNEL,,,1.3020492080457273
668,TUNNEL,,,1.3100082625493354
669,TUNNEL,,,1.3192232434769846
670,TUNNEL,,,1.3313130198883645
671,TUNNEL,,,1.344070897468688
672,TUNNEL,,,1.3554345150474256
673,TUNNEL,,,1.3658559371349666
674,TUNNEL,,,1.3746249640220403
675,TUNNEL,,,1.3827273161860074
676,TUNNEL,,,1.3895763216467143
677,TUNNEL,,,1.3967629283346348
678,OPEN,1.3461343888489083,0.029243317717369224,0.02924325340840197
679,OPEN,3.8994499117595653,0.014698971126304377,0.014420860074760997
680,OPEN,1.858976678130211,0.029194286946033685,0.02891276392233521
681,OPEN,1.6060531006883731,0.06428689012371683,0.06334108338431375
682,OPEN,5.7538311518597895,0.045887446186499044,0.044388936852812595
683,OPEN,2.389521086370345,0.030735824382773596,0.030267278668133023
684,OPEN,3.3558228481896735,0.02902526808842351,0.028754264909160075
685,OPEN,2.5979463406331798,0.058208340057132435,0.05703738611514918
686,OPEN,3.2291601673306656,0.039154893517283504,0.03941369799500974
687,OPEN,0.9463384379290855,0.04829500282929998,0.047790348723391336
688,OPEN,2.1846283219109432,0.04763249214008849,0.04615868118048984
689,OPEN,1.1302012225416027,0.03221391060956964,0.031238922876495472
690,OPEN,1.8720141013880014,0.07023772628359305,0.06869987284845107
691,OPEN,3.2656591096254783,0.042546699913127796,0.04079287159770347
692,OPEN,5.074490802751149,0.05938212777657743,0.05913287325578167
693,OPEN,4.888659357972809,0.022184703347832728,0.02282052771824657
694,OPEN,2.005978820284246,0.07411973555886942,0.07299869644366354
695,OPEN,0.3330909057864393,0.04164779835830385,0.03982236474243699
696,OPEN,5.974421845997963,0.03982307502735321,0.03925618694173993
697,OPEN,3.7404896147263766,0.06915872574544704,0.06786014577038478
698,OPEN,4.469451966319493,0.042768183710677324,0.04173107779934958
699,OPEN,4.728208780582012,0.03346416041424328,0.032914680113238275
700,OPEN,2.555266824596054,0.053437350013234255,0.052104226802751216
701,OPEN,5.442201097709244,0.03707871232397719,0.036905109304584516
702,OPEN,6.084712613952092,0.024321295709663595,0.023483838194857613
703,OPEN,2.231796695933618,0.020073295239024676,0.0201363549908964
704,OPEN,3.7562992290089605,0.04762366413919131,0.046610468943726474
705,OPEN,3.5612590271389646,0.04651636906933327,0.04502086337132476
706,OPEN,9.756731990531211,0.023937640927253086,0.023042320823758393
707,OPEN,3.6674295003851234,0.03294363497138308,0.03223631935131918
708,OPEN,2.4781541690931483,0.03186653963848275,0.030940580309391733
709,OPEN,2.1381256921391203,0.037965594998805266,0.03770249407124263
710,OPEN,3.7096193589799413,0.06275184510299323,0.06206818116874417
711,OPEN,2.8873687321586607,0.016790500929219278,0.016230156418251814
712,OPEN,2.586017258567659,0.02883018946543381,0.028531623176459915
713,OPEN,1.6430918871515443,0.07552043179184435,0.07386360837921277
714,OPEN,1.5624788503120468,0.006891745617620104,0.005628534679771022
715,OPEN,4.732460468517585,0.03569988587523409,0.03519795029248707
716,OPEN,1.170797776223243,0.05870676934168608,0.05720225164411524
717,OPEN,0.898980585280577,0.02293734753348421,0.02170423965403711
718,OPEN,6.014253873375979,0.025112664184979643,0.0244752277191258
719,OPEN,2.6062293395393072,0.13777884055415848,0.13595475723744535
720,OPEN,4.846458113757829,0.018003913320599262,0.016199391540277122
721,OPEN,2.312522416222096,0.023594669449521752,0.022926297779380683
722,OPEN,2.875817287278184,0.0436899291048384,0.04297983148340556
723,OPEN,2.8547983712157947,0.08936373253468184,0.08783335750673361
724,OPEN,1.4956424475092467,0.05786967849778319,0.057298098657401916
725,OPEN,4.280658327376855,0.028439903673402146,0.028584486445932734
726,OPEN,1.8614969922725046,0.035975435745413245,0.035628021821838066
727,OPEN,2.279076842252778,0.04731635003158478,0.046073401623795945
728,OPEN,2.943981939280847,0.050259890940882186,0.04955461454432498
729,OPEN,2.484111417733262,0.022897702094564217,0.023377855239899104
730,OPEN,2.1890366808343154,0.036146717647648166,0.03597217602257133
731,OPEN,0.9019641820801851,0.033769291360641884,0.03385520528251896
732,OPEN,3.3246960227256404,0.040122234968636365,0.04001967934751502
733,OPEN,5.693185075334005,0.019548067587429906,0.01926045107364105
734,OPEN,4.012492820076603,0.039333407475605695,0.03896103809557123
735,OPEN,0.5764948765884689,0.022048234451914665,0.021379017127596683
736,OPEN,3.189204271920927,0.02604938005074551,0.025606715338238044
737,OPEN,4.033794241507276,0.08268365913919362,0.08109411602873015
738,OPEN,1.156062294686588,0.047918056857229996,0.04703183721374926
739,OPEN,3.3211054181620274,0.041773966349689454,0.04162850145365054
740,OPEN,1.426122305472714,0.0394457034546682,0.03916620489292782
741,OPEN,2.1079702687710373,0.021084823018133792,0.020108473187142564
742,OPEN,5.024751306201363,0.029712863936556103,0.029103973136667717
743,OPEN,3.1883902507851816,0.028591453081247525,0.028196997650624306
744,OPEN,3.7649558816601885,0.04871949645762484,0.04749010152645504
745,OPEN,2.1715882371681956,0.048272264058139065,0.04807294286530956
746,OPEN,4.4685322087129355,0.016602412117125362,0.0170567113617302
747,OPEN,3.778159240327727,0.0603047861293287,0.05906317253751599
748,OPEN,3.564127611309024,0.038004933434942004,0.03672719395245259
749,OPEN,2.982244536770969,0.010009368191649874,0.01044390009029455
750,OPEN,3.7477389271432746,0.03994443466248114,0.039461155879826515
751,OPEN,3.227526960892599,0.008355788017786352,0.007710622408099477
752,OPEN,1.5636819789715932,0.02055442739273956,0.020342977000758048
753,OPEN,0.5304148921967106,0.05332607331652087,0.052219378676664124
754,OPEN,3.5967979377792045,0.0381484445055099,0.036665020221782446
755,OPEN,2.6142164489482997,0.0646017067244108,0.06377603880332579
756,OPEN,4.111608197307389,0.06821650427524681,0.06776686702401181
757,OPEN,0.5278437519734127,0.034112954269492506,0.03419943842693146
758,OPEN,3.308364346454245,0.0648536189278057,0.06395026065650053
759,OPEN,3.0939582435577915,0.016899252035840275,0.017561797408497882
760,OPEN,0.6650378168301113,0.04751205592162745,0.046771689516015784
761,OPEN,3.7230106612094747,0.04628580967647737,0.0461336432714232
762,OPEN,2.8830667630321503,0.07113138597446757,0.07078274000364226
763,OPEN,3.019175249637143,0.031090931167479706,0.029586563960724257
764,OPEN,2.3058935229529256,0.030286069950125883,0.029983682083475717
765,OPEN,2.589495217760971,0.02941846959890572,0.028564921601328567
766,OPEN,1.178097483682039,0.01421218688876517,0.014473076733808743
767,OPEN,3.4011295818171763,0.06933642637321641,0.06849877596292166
768,OPEN,2.4535737472594,0.033362532999009355,0.033174597513519845
769,OPEN,2.991219153076573,0.05118561811211592,0.05020781442319406
770,OPEN,2.471006743149243,0.02420349416590304,0.023393127804742807
771,OPEN,4.682224444491476,0.03283121766894192,0.03262154867794703
772,OPEN,5.938248759229601,0.0260742656732007,0.02519931065378767
773,OPEN,2.0985257178584327,0.036715232600824266,0.03579793000689301
774,OPEN,2.6574062508013503,0.012112724369719156,0.012404116178941526
775,OPEN,3.9397240131666416,0.01949554585509308,0.019029016539970325
776,OPEN,6.766300701227064,0.054752276242167504,0.053758649854361185
777,OPEN,2.7496630697007496,0.037461455153151635,0.036242854542015944
778,OPEN,2.5617937963325095,0.02586764912399451,0.024839994739408677
779,OPEN,3.192158810440474,0.013243181659701437,0.012946710049223209
780,OPEN,4.889746862135694,0.02798593360318512,0.02774373075960322
781,OPEN,2.27520442411644,0.04762662392343389,0.04643349973119117
782,OPEN,1.5991113196997029,0.01759566306782971,0.017317568218297292
783,OPEN,0.7755496654196404,0.019862135543501025,0.019289478487526237
784,OPEN,3.735491018676592,0.019854620634167427,0.019346041087247835
785,OPEN,3.658264289342334,0.027803062581767686,0.027304197028347542
786,OPEN,2.0967425135112685,0.04890671891380245,0.0476866910542234
787,OPEN,2.489880972633998,0.010925275669605964,0.010524550897642274
788,OPEN,2.7728451734902024,0.038009283130377054,0.03752384700438868
789,OPEN,4.363672605006698,0.05903795798152566,0.058708330148514086
790,OPEN,0.876065997418979,0.04485047858471483,0.044467668242908445
791,OPEN,1.6045246867314165,0.02747143308626917,0.026592121095500607
792,OPEN,4.632495943159011,0.039661513902044525,0.03923498274728904
793,OPEN,6.378575253426285,0.01597192910940178,0.015988519841065522
794,OPEN,1.955744455903402,0.09618869869552915,0.09443489396003696
795,OPEN,3.1782075452278202,0.034142032249551396,0.0341892677216821
796,OPEN,1.9905265134325776,0.042965242130150724,0.042559776993422845
797,OPEN,1.6213066874755007,0.04405463222551727,0.043159025315713286
798,OPEN,4.151306026198163,0.021512170007542252,0.020975231602510004
799,OPEN,6.010206734709741,0.05625261499665471,0.05517665915848353
800,OPEN,3.321509960952372,0.07855411178751981,0.07781180025160149
801,OPEN,1.958109307986835,0.03321837818614237,0.032379448565778464
802,OPEN,4.9327755356176,0.004134110505817643,0.0045295106443577655
803,OPEN,1.4358570082881734,0.07417410710984712,0.07295481575758866
804,OPEN,0.9499152968701312,0.08665679692795183,0.08665147120230532
805,OPEN,2.0341380992329094,0.030850806523638988,0.03064329270752025
806,URBAN,4.368248672587782,0.666606521056898,0.02258805589547687
807,URBAN,5.254083886822575,0.8586458119203423,0.1450349187273613
808,URBAN,12.920456814952866,0.43167641753785396,0.10406742864279805
809,URBAN,5.293717635501336,0.38685537544377097,0.16075085054125807
810,URBAN,2.252475545468797,0.8634312517460595,0.3037737296788794
811,URBAN,6.6014063930140585,0.7402494318920977,0.08178678762660938
812,URBAN,5.403921336671989,1.1890785914504314,0.37786248238442727
813,URBAN,6.773888226874507,1.2501243764526133,0.18593009607637784
814,URBAN,8.257717711054035,1.401604848902971,0.47234589452354775
815,URBAN,4.4224627824989815,1.39720578860058,0.5002422256010778
816,URBAN,12.98789573919061,0.9232024471065565,0.4523094287666354
817,URBAN,8.639462011534523,1.9340525190152833,0.8010825385887261
818,URBAN,4.149209955375398,0.853182031849784,0.8268420189629802
819,URBAN,2.9884457952516503,2.3884476086043556,0.753379553743816
820,URBAN,2.9374793359400875,0.8620024071082616,0.8064349721655223
821,URBAN,2.9972475214470973,0.8397028555113657,0.5661194060638742
822,URBAN,4.717879597046916,1.18732563484773,0.7558587224162626
823,URBAN,10.210052191403577,0.9649668432675066,0.28173856568002376
824,URBAN,2.336532271149112,0.22436850767862848,0.1979099198201827
825,URBAN,12.127462620515344,1.1572191017516418,0.3142000420071151
826,URBAN,4.543576864285821,0.4080580946317229,0.15908248003535067
827,URBAN,7.5459691867705985,1.891688557334053,0.6612243158903831
828,URBAN,1.4693106707313417,0.9505920869367926,0.6714470336028744
829,URBAN,2.3174948078249784,1.4380094726954467,0.6444731254333295
830,URBAN,4.708067547298037,0.5139875195985147,0.5510226557631579
831,URBAN,7.6430653836965,1.0825207297251154,0.15444968331517755
832,URBAN,7.588732111658097,2.1790676984228607,0.5696163656849204
833,URBAN,1.8812664254925646,0.7783278265809219,0.6540593371618663
834,URBAN,6.3992796078236225,0.640653214909397,0.5582981162013092
835,URBAN,8.639033825733142,0.8206244583789676,0.22252271245296593
836,URBAN,6.275330837369596,1.6556190271097782,0.5707224649305692
837,URBAN,5.5952359888792,0.890204159905754,0.1962209574862532
838,URBAN,3.5964255505945157,0.49601550596536065,0.003445739472938663
839,URBAN,11.476104688927098,1.8166676380048796,0.5265744831905093
840,URBAN,9.900022895713793,1.4058341252366338,0.751751579088499
841,URBAN,3.5350267334831336,0.6152510903359169,0.5568235856344644
842,URBAN,8.748515699629106,1.2487043186371185,0.6306090406415552
843,URBAN,7.855585066298677,0.18138172770493852,0.4163182458760052
844,URBAN,4.159797906709636,0.7670720497877555,0.21888449432856136
845,URBAN,6.893652531258952,0.989553150833878,0.44113937467411046
846,URBAN,4.171955285852345,0.35747872444995715,0.4177406167634066
847,URBAN,2.320874940162221,0.9684517430954566,0.5469424197909203
848,URBAN,4.165233064243106,0.7932742609181191,0.5950439770669018
849,URBAN,13.12459640500524,0.3277194218308577,0.33328812949530945
850,URBAN,6.150786905888447,1.345060567994656,0.6459593866183867
851,URBAN,3.6557667662145925,0.10263300295379882,0.49147835747731206
852,URBAN,12.072253234695058,1.7137440780416904,0.8559469274757198
853,URBAN,2.2051014728817755,0.4875018232736893,0.5582854726283154
854,URBAN,10.985180014413922,1.6408501012215775,0.13332549366634816
855,URBAN,4.740196793722564,0.9241268918014607,0.1785610820599546
856,URBAN,6.698035062201674,2.0928151120044594,0.5532542742364353
857,URBAN,9.789200544211992,0.9109687282896388,0.2986241977789244
858,URBAN,2.2030577931108475,1.3343507623812276,0.3260675877550562
859,URBAN,5.069725643487214,1.0303661744024029,0.5521649329213736
860,URBAN,6.219786314508774,1.0301957948477996,0.08942387282115748
861,URBAN,4.147671534518172,0.8958942259629297,0.3263582462857581
862,URBAN,9.132619206900273,1.8273114422375223,0.7618288656997425
863,URBAN,2.5909072718961608,0.6498209155720316,0.39764196238353944
864,URBAN,10.455448961260492,0.7770753432360896,0.3928042731151485
865,URBAN,8.407483764029756,1.1836737885540305,0.5052678850523393
866,URBAN,0.5721129741501566,0.5690463504692711,0.48223591470963506
867,URBAN,2.6568972650348264,1.6613586126041233,0.8153720795762004
868,URBAN,6.947980083410548,1.2454276907860184,0.8791112889131478
869,URBAN,8.94146864701167,0.4976703567400056,0.6278005018413705
870,URBAN,5.9173012267863365,0.4871204575595946,0.3773139363705572
871,URBAN,5.607237887275767,1.4730536591212016,0.49224372890007445
872,URBAN,8.741020925619496,0.8600987233847232,0.45883958810474096
873,URBAN,9.715139179377417,0.8562182536900825,0.341086017772305
874,URBAN,6.568905235255662,1.0199160335382929,0.30083066247511436
875,URBAN,5.306820303393674,1.0527935099603833,0.17557624093050675
876,URBAN,1.7960675187852309,1.2182845378205531,0.4746458875167418
877,URBAN,3.850347391438855,0.46679897909661894,0.26808872590893834
878,URBAN,6.438473619891027,1.1762223238602436,0.35996754998839114
879,URBAN,0.22982273102018017,0.8309566992261986,0.4950378880824861
880,URBAN,8.871032508625548,1.2144046103733628,0.725965028360281
881,URBAN,3.542217384554215,1.5167011543198197,0.9833756016438926
882,URBAN,6.720270488938029,0.5554046540323248,0.7410859114121351
883,URBAN,1.600729339361436,1.687150614029073,0.08527733680581596
884,URBAN,4.057149338936097,1.7469713607823578,0.4713159971764309
885,URBAN,11.427633703653893,1.7470526896284966,0.6121227350391328
886,URBAN,5.440649613668967,0.34980407284989423,0.3624848487784028
887,URBAN,20.460343774848894,1.389413253693887,0.18789646394351553
888,URBAN,3.2744572217578174,0.12844148151838655,0.16566085979913203
889,URBAN,2.8406924668455487,1.359369915850182,0.3608412310962852
890,URBAN,4.462530069621999,2.7887769834447544,0.7667560312596912
891,URBAN,4.412525292440268,1.0072551961161411,0.8553180007929246
892,URBAN,6.051637675388581,1.0408888255266238,0.8580780303587392
893,URBAN,4.136715800398076,3.2707701143627403,0.9645020802426152
894,URBAN,6.464747972655285,1.116821017907389,0.9818805701510779
895,URBAN,6.707299355572764,1.3624978375454222,0.9842291952018415
896,URBAN,10.088845659099967,1.0011988895962232,0.9892955384161681
897,URBAN,2.0237072828377074,1.1232358932622988,0.5257678401637506
898,URBAN,8.495217497861802,0.7721962029991153,0.4798460701409357
899,URBAN,12.490518593355084,1.8704723539435468,0.8787544444438227
900,URBAN,12.239237919692442,0.8995366410491362,0.46164312804734836
901,URBAN,1.1627667989119996,0.781038486405854,0.23469437777624388
902,URBAN,7.242744828863513,0.6539674344801232,0.264387237395717
903,URBAN,8.875375750315072,0.6477886156483285,0.2856262018651231
904,URBAN,6.138117935515835,1.0476916577896223,0.11270738120601159
905,URBAN,8.042848670673953,0.44394069811067577,0.054723561269758095
906,URBAN,15.55448465805905,1.3374143645081507,0.46012421637403567
907,URBAN,3.0474358463024567,0.48215387834054235,0.39827425666985866
908,URBAN,4.2736356526320405,0.5374929960119381,0.273917038840697
909,URBAN,2.419565495568172,0.4596609349041635,0.15399890669410038
910,URBAN,4.760636327782361,0.31668724743517906,0.13271650524165446
911,URBAN,5.500886021310774,0.4760326898404839,0.0829799854296666
912,URBAN,5.679338668943125,1.3013424522243526,0.4415926643219567
913,URBAN,12.438918429070002,0.6103921105850715,0.24496904166137223
914,URBAN,6.729314659610191,1.0351422652710627,0.19870086923255142
915,URBAN,3.623239059163026,1.4742906045199238,0.5465100909035162
916,URBAN,7.2853618197837395,2.001630190678648,0.8711321576621942
917,URBAN,10.909008582720864,0.8379055132276034,0.851364739753371
918,URBAN,6.071228010981249,0.7292248178576604,0.3922704815939824
919,URBAN,6.156659548841279,1.253642064636058,0.511156001743808
920,URBAN,4.187651616692008,1.2283632743648776,0.11085349902891341
921,URBAN,4.945405552136879,1.5259295010265703,0.3775361088461304
922,URBAN,4.374689760301374,2.1509445232735147,0.3999587328620275
923,URBAN,4.642249119702577,1.4121161646352447,0.18311272027440276
924,URBAN,5.53568348744992,0.525786222930164,0.22735016053364804
925,URBAN,4.993562697760606,1.685958072669528,0.6728079265468774
926,URBAN,4.840552339137832,1.3032494363394196,0.5024428465808067
927,URBAN,7.466816273718187,0.9008930079984471,0.5803800770944696
928,URBAN,2.2203108032827577,0.7801122125666305,0.47804419399588005
929,URBAN,1.5832807366039143,0.687761914560015,0.3456218923612564
930,URBAN,8.61388448448449,0.6893097164643989,0.40346692345914237
931,URBAN,5.617348184918582,0.6440913189009229,0.3515981559431693
932,URBAN,2.313771078078464,0.9307655590328363,0.5123147734111285
933,URBAN,11.076122965982588,1.533388108892987,0.4525809475701821
934,URBAN,0.9572706555932766,1.4937733341536923,0.5842733708496395
935,URBAN,6.867142425218871,0.9912337600188513,0.673468392371016
936,URBAN,8.033983928391978,0.29284661962356096,0.5116149252015736
937,URBAN,5.239601375060993,0.6722734562307795,0.18609916597427587
938,URBAN,1.8056192138721414,1.1291353273695932,0.33168118387705897
939,URBAN,6.1096292998560315,1.8126008633220425,0.7285641037525958
940,URBAN,9.597905219600227,0.2512389088287991,0.5421806612726552
941,URBAN,1.5069686924127614,1.007300225662566,0.6059502003956451
942,URBAN,6.652707933304473,0.8933467081660964,0.22801177101287431
943,URBAN,5.674000661601122,0.22861774778939198,0.08434226808603225
944,URBAN,7.802369393327462,0.4659750189174684,0.14891675732548526
945,URBAN,2.0652344798628253,1.1532908974527896,0.42688708006640075
946,URBAN,6.1464620033501625,0.756509013079624,0.19705331921603503
947,URBAN,5.152383032701202,0.8935677773156648,0.2829384554257317
948,URBAN,2.066514406055396,2.986015012542455,0.7316285445730965
949,URBAN,7.810525518998216,0.7961854041088275,0.7762269120624368
950,URBAN,3.293632423857803,0.5007143567157342,0.7064613674676581
951,URBAN,5.4577609943009735,0.8472881127998358,0.2469696647822535
952,URBAN,3.50357584751679,1.1929993794176954,0.511085114907055
953,URBAN,12.236957661390402,0.7207803465484381,0.44020563930366674
954,URBAN,8.014406057171497,0.6999309938294521,0.503960698584418
955,URBAN,11.460523140391555,1.026111829106891,0.06905158159892158
956,URBAN,4.448635472431674,1.3343597486544525,0.41383177684742734
957,URBAN,2.4297929490400803,1.346244567823074,0.3135115424021003
958,URBAN,8.279626518294736,1.5896473880472972,0.24573238317149157
959,URBAN,16.242238239203783,0.7339818577689431,0.3840417146589801
960,URBAN,3.436353145055868,0.77379007901056,0.3162494878426954
961,URBAN,1.2391207341229449,0.6508771218616412,0.40819059345706543
962,URBAN,8.242563868884616,1.2530186675537018,0.5178191032449782
963,URBAN,6.783700682923021,0.14826159123799787,0.4122517183567021
964,URBAN,8.958053396104834,0.5049791266037061,0.1970625296176088
965,URBAN,3.6513875940637313,0.6450749738002245,0.33696161180299605
966,URBAN,5.012835865409473,1.0947915067606766,0.0871040474900777
967,URBAN,12.903999619569483,1.5493520235829426,0.5225856164183187
968,URBAN,2.0052276136636755,0.857815822190599,0.5026264862228703
969,URBAN,7.429868724972942,0.2631278706201881,0.43451063751667296
970,URBAN,5.535769525041404,0.5021063166959022,0.41146748397719024
971,URBAN,11.388376568689294,1.0140443860474913,0.4092123110345388
972,URBAN,13.472145077801645,0.6196591880954254,0.18009236271654447
973,URBAN,5.675165628655408,0.36741226240245173,0.10898853034953951
974,URBAN,6.9806120138235475,1.6560576401027844,0.4781764711071774
975,URBAN,5.478546530954119,0.9246586770193184,0.38116874660077243
976,URBAN,0.7221730054422005,0.73021421320317,0.43002116839015675
977,URBAN,8.33394035697654,1.3258786831351645,0.23688687928373892
978,URBAN,9.95562080260144,0.6457914805619801,0.05613795977362761
979,URBAN,6.506397160374513,1.1058833749443306,0.3142339112852947
980,URBAN,7.502652389029122,0.3604630702391262,0.3121025120915609
981,URBAN,8.410270799664358,1.4871280929227377,0.647027045249821
982,URBAN,2.0280719142841344,2.506649887500386,1.2025883568082842
983,URBAN,5.787858395576403,0.5809181714051393,0.7191497303969184
984,URBAN,10.84560813090063,0.7423686039823884,0.7004309949885703
985,URBAN,6.370052686715579,1.1326384279835628,0.7736250164639624
986,URBAN,4.594204594094378,0.4271452536170328,0.5101434903455163
987,URBAN,6.237398517684399,0.9226983103847283,0.16294544700471172
988,URBAN,4.385897293926423,1.5596767544695453,0.5643260136423809
989,URBAN,2.8516052439108344,0.49585158131911944,0.3671117478334025
990,URBAN,7.383454292453148,2.001453733397027,0.7035278593874451
991,URBAN,2.2449661087386334,1.609528650304711,0.18777495283977208
992,URBAN,16.692136454415525,0.45525389793816873,0.012415811148598275
993,URBAN,4.582485452250493,0.988823629923399,0.2790206791428317
994,URBAN,4.2889949510235255,0.570959566158606,0.20119616981872043
995,URBAN,3.7263304038967586,0.8585647769881735,0.39119847290611426
996,URBAN,3.1903193269250645,0.4437688600364405,0.20344046563911442
997,URBAN,2.2448621385605434,0.842151020440288,0.26828303639559004
998,URBAN,5.0352602391619,0.9093575034911494,0.37742936132444904
999,URBAN,12.25896276532844,0.6602569966295192,0.3302526790865365
1000,URBAN,2.75567693809721,0.7560623223166689,0.4602052156567456
1001,URBAN,7.6659600973930635,0.8884488438514099,0.4989065657668168
1002,URBAN,1.3808697140902841,1.457417002636708,0.537157256415877
1003,URBAN,6.249338093407967,0.8494369244099089,0.267893296014936
1004,URBAN,8.76083574230655,1.2203383950843127,0.542734208936767
1005,URBAN,4.100506883173611,0.5222574771121284,0.5281265632189849
1006,URBAN,8.022705553939,1.0110720375971292,0.27311519325146727
1007,URBAN,9.419878676367391,0.7078121265318819,0.2648857215431379
1008,URBAN,8.561716575846171,1.582058741107411,0.5005750869331446
1009,URBAN,11.336431354886887,0.9525535230353902,0.4523601931232947
1010,URBAN,7.649379657713931,0.5830665234155895,0.46877884326574387
1011,URBAN,6.6135325453804965,1.875236264308655,0.5787416004391867
1012,URBAN,6.416493632908443,1.4496118862663674,0.3201135873700371
1013,URBAN,6.808124105797795,1.6716409865683477,0.4031173653868255
1014,URBAN,5.804374252937704,1.0110170964938638,0.5928959332841841
1015,URBAN,2.453808454366274,0.40153617957944815,0.43188828732938706
1016,URBAN,11.411723707997252,1.8859786734620918,0.6936961248814334
1017,URBAN,4.324432256657893,0.4118411331073709,0.4905773815733887
1018,URBAN,6.551449259523022,1.5175661616177363,0.6179059689896426
1019,URBAN,6.954621418714755,0.9050301805862763,0.7159568269922104
1020,URBAN,4.992441775076764,1.508451477760294,0.9671919484928585
1021,URBAN,2.672572664890595,0.8422088204246151,0.8917707116041348
1022,URBAN,1.4869945966865346,1.7417409399155428,0.5483471365395741
1023,URBAN,1.9118917263164192,1.2762421472791783,0.6294976844012466
1024,URBAN,4.602756478960608,0.9304625010854446,0.27745094858461056
1025,URBAN,12.031333387333223,1.7389847668095366,0.3579702388263942
1026,URBAN,4.694863374176832,1.2468768584342433,0.6060231302422682
1027,URBAN,12.869483189613863,0.9840320957839909,0.7277363800050762
1028,URBAN,7.189818880326001,0.32741057547290087,0.5832285435177743
1029,URBAN,1.2818078490034555,0.6371760535727959,0.6039995948856541
1030,URBAN,6.529763411861411,1.861958406990179,0.3675590493429252
1031,URBAN,8.05862170433308,0.7420960523672929,0.1997451091368937
1032,URBAN,3.164635668521061,1.8885490950738706,0.6787986009063898
1033,URBAN,2.196308577053359,0.64653360825275,0.46347245301661505
1034,URBAN,2.9863559675391222,0.46425852308990745,0.4577505842241692
1035,URBAN,5.783819267371989,0.4525498414293185,0.27402315689050305
1036,URBAN,5.840038108063892,0.8638167273876656,0.24708789445352028
1037,URBAN,7.359181149818124,1.2541889954296381,0.4774417637910754
1038,URBAN,4.0472367466239305,1.8454635371482755,0.8740517625199382
1039,URBAN,9.723727769384386,2.206429111394087,0.6050491291472999
1040,URBAN,4.88873702167328,1.3001663461777169,0.7099614764033589
1041,URBAN,8.86204906839176,1.2885877734094051,0.8690808552364547
1042,URBAN,5.567659170272697,0.9473424773714796,0.35672056293260074
1043,URBAN,1.1276139065880664,0.5295787061680204,0.2814958422764616
1044,URBAN,9.28947587042682,1.319902244898506,0.32639161222960716
1045,URBAN,9.722703874514822,0.7706264278473354,0.3918400674797757
1046,URBAN,5.437099848284673,0.7606895575091512,0.07900294676235474
1047,URBAN,2.8186438814092325,0.680413297301479,0.23553965358946138
1048,URBAN,6.596125045864063,0.627768090928971,0.19524820801159415
1049,URBAN,4.466576623915435,1.075166146339199,0.192034231703445
1050,URBAN,3.1256913336636503,0.42606549318012293,0.1738783309217342
1051,URBAN,6.1404295955089445,0.9064533102562422,0.27436105670171507
1052,URBAN,4.039935760426284,1.004012439914067,0.11272070278976122
1053,URBAN,7.927174833413185,0.7204619730558756,0.2583486222153237
1054,URBAN,3.9842561211191727,0.7700596811306794,0.1611054831740488
1055,URBAN,3.3298895071958112,1.3544490484684117,0.5006287375173277
1056,URBAN,2.746917625881523,1.0818613402330879,0.17169106714878662
1057,URBAN,4.162466102102201,1.434582761953963,0.3477929784872488
1058,URBAN,1.902392996177407,0.10526026964211979,0.22184024562325158
1059,URBAN,4.890504707694858,1.0763280389496237,0.45426194481314824
1060,URBAN,6.825270254468326,0.7767310999316213,0.2951916300949611
1061,URBAN,6.913780312512712,1.1985871649399802,0.5918883249062986
1062,URBAN,8.096327317066521,1.0930502474393475,0.4333640037588201
1063,URBAN,2.966900315004788,1.3556592968658805,0.6594700843016397
1064,URBAN,1.7411042844812161,1.9159125638272407,1.0707922800052507
1065,URBAN,3.0300943150746074,1.5326852375686473,0.9969549870388681
1066,URBAN,4.501400275850169,0.4027770625013339,0.7992763442921025
1067,URBAN,11.510505726988152,0.8721090031252506,0.5504627064905276
1068,URBAN,1.2602686690041311,0.9940807810718653,0.6910380507933571
1069,URBAN,16.023561684626245,0.3958685289215284,0.5580548964842531
1070,URBAN,7.361066816442772,0.22846123011473565,0.44466319300980783
1071,URBAN,0.7752643342043779,1.8894471009158191,0.599766849891184
1072,URBAN,8.828723080484748,1.3482747282001313,0.5009456427239046
1073,URBAN,3.267851887643355,0.6832378828842396,0.6020968936621995
1074,URBAN,2.664508204624742,0.44347784946889846,0.5384436578464944
1075,URBAN,9.679635300727307,1.5254117044242532,0.8855334333118088
1076,URBAN,7.582522484012736,0.6871962393498326,0.7637835684943824
1077,URBAN,1.3301356989124626,1.5767620018113313,0.08426782418876552
1078,URBAN,4.482155025263945,1.8187204870279647,0.5615817813358374
1079,URBAN,4.051662147831696,0.6240082750297178,0.5185049305362853
1080,URBAN,4.6173302734846375,0.5349194607566592,0.34536215254893404
1081,URBAN,2.5011886647718486,0.9296970013684238,0.4269274404707411
1082,URBAN,2.378655585070642,0.9880257234493023,0.43568762906182
1083,URBAN,12.040034927807648,1.0774319014542213,0.5968420742251926
1084,URBAN,6.611434885512914,0.1372306153737574,0.3907200936866988
1085,URBAN,1.2926678202767434,0.8965776850575278,0.5554444745636519
1086,URBAN,2.2474003250662378,0.9510399469710011,0.36115099358746644
1087,URBAN,9.017422850558866,0.1622537672554988,0.302658617884927
1088,URBAN,5.282411711911945,0.8687962396273347,0.4300715996627218
1089,URBAN,3.87639802893711,0.9454970922398415,0.09958165092383096
1090,URBAN,7.868749437153792,1.531136302234884,0.501617038381496
1091,URBAN,3.4283296272292034,0.8904191784468947,0.24345615191962025
1092,URBAN,3.1931358048795655,0.10602476741825316,0.1988997224517619
1093,URBAN,3.0584258915298728,0.999503883390748,0.23931448498394506
1094,URBAN,3.543881133314924,0.7651751131183354,0.4102706400496991
1095,URBAN,10.720141380091121,0.22066144942422417,0.3677803612789832
1096,URBAN,10.344425008751509,0.7443112649819055,0.4103629997826682
1097,URBAN,7.7875837319291525,0.40636832577370385,0.4099710066338963
1098,URBAN,4.162751983662769,1.098615418110416,0.11367102931983133
1099,URBAN,0.5269540763252603,0.6823575716071602,0.2942270561484593
1100,URBAN,5.7501602771133316,0.5991470428273515,0.34456550772561806
1101,URBAN,4.917469861665374,1.412448790842858,0.21715947960846996
1102,URBAN,1.2203379534961714,1.1794599934171488,0.41863307563813373
1103,URBAN,13.149283981080687,0.3523008571419103,0.2964760312475736
1104,URBAN,8.266692886255129,0.6121032369767256,0.3616939719996284
1105,URBAN,8.935363776038239,1.5622180729011816,0.6984863846458852
1106,URBAN,4.444772859594984,0.7562481020569827,0.48939832687379464
1107,URBAN,5.724659236889414,0.9342562366620142,0.1748435194808501
1108,URBAN,8.02253590871226,0.6452431217448877,0.2900356725279132
1109,URBAN,7.6581324329818266,0.873913314249618,0.37111283032318737
1110,URBAN,4.790247749305181,1.739615597124727,0.3273654298991464
1111,URBAN,8.31669774364316,0.08978728439523792,0.2466446167267346
1112,URBAN,7.192487041189614,1.4882525587327324,0.4793744412094002
1113,URBAN,4.686323767083969,0.22044370318260087,0.288310994906829
1114,URBAN,5.292153597699093,1.3948978688797677,0.2299609212523428
1115,URBAN,2.5031686994164635,2.072701181685496,0.7582141692294384
1116,URBAN,12.455829906640089,0.7471969571082786,0.7738248541362057
1117,URBAN,5.068966394842248,1.2829562579986442,0.9222259821796521
1118,URBAN,7.475726450276533,0.861701497998812,0.8449796865295931
1119,URBAN,3.3651317364906244,0.8661117652365035,0.8777899469076851
1120,URBAN,6.112043944600012,1.1762655029489666,1.0074353950006678
1121,URBAN,2.588912896466518,1.4476890638768656,0.9916089622663053
1122,URBAN,7.944459692980317,0.8746669210795284,0.8053526780400904
1123,URBAN,2.7597006492695297,0.8890268279626792,0.7935440328796017
1124,URBAN,8.500933506682367,1.246567639879734,0.6834148058556233
1125,URBAN,6.786352256835958,0.2594872041362961,0.46104365139688347
1126,URBAN,10.848020529997536,1.029220078019362,0.532289218736587
1127,URBAN,12.976318422272456,1.4072608265978022,0.7384562706936793
1128,URBAN,9.686526313286787,1.9766986867403504,0.3535104473278135
1129,URBAN,2.761447764526781,1.8232541043085164,0.6591196473011305
1130,URBAN,6.713063016133554,1.1109319677304434,0.8107435541197415
1131,URBAN,10.683638772978501,1.0052983270285045,0.8882931918231265
1132,URBAN,6.051069196718513,1.9137698424785017,1.192423255216421
1133,URBAN,8.839734284669623,0.9346183668601212,1.0672204191244767
1134,URBAN,3.645538927180727,0.9741884253499263,1.0301866589052784
1135,URBAN,18.858137933917003,1.4793379400509397,1.1224490140384373
1136,URBAN,9.641785392807584,0.8967607871880089,0.746537718038011
1137,URBAN,9.621257634661891,1.1369153748241745,0.6232408222050542
1138,URBAN,5.997451499402292,0.3908515686412144,0.3944459030762889
1139,URBAN,7.902266049674033,0.9474182043287823,0.497450909877177
1140,URBAN,4.435995375495369,1.078773728007486,0.7191981930235163
1141,URBAN,5.214255291989464,0.39305103621199405,0.501203743318852
1142,URBAN,7.08821673912836,0.8852713472412175,0.19606633657416492
1143,URBAN,10.008376811202472,0.7404466010055909,0.0943326691180328
1144,URBAN,3.8382915606331074,0.9488174888941885,0.36077102769874714
1145,URBAN,3.2981248087090957,0.4798535520693676,0.26651088020801983
1146,URBAN,3.8755486393612935,0.3527313373377218,0.2791189692393492
1147,URBAN,7.898787244675247,0.9822187686513284,0.5082264204449368
1148,URBAN,7.85089000800044,2.030153638535052,1.0126672928653548
1149,URBAN,8.621911654182789,1.2067350389050133,1.0260756023978637
1150,URBAN,3.3830455675803623,0.43815891432431703,0.7199404876309734
1151,URBAN,12.283479743609023,1.2424839230964453,0.7992402842368571
1152,URBAN,8.905867466222526,1.191159970686733,0.20369767546681286
1153,URBAN,11.929451495899944,1.0705491415122959,0.25381700762465687
1154,URBAN,11.80124227865507,0.4163330863927025,0.09746999686305584
1155,URBAN,4.113481833131098,0.8046935301436882,0.15879324386092242
1156,URBAN,9.847275394486399,3.1679564118013173,0.8177546746992094
1157,URBAN,4.244867035626683,2.387969708199501,0.5088732329990941
1158,URBAN,3.7330272103454716,1.4485621160957152,0.38439548484793234
1159,URBAN,10.479227969863558,0.9719517329982857,0.4502433807924623
1160,URBAN,3.392983277098363,1.6224194921856188,0.6864733228889907
1161,URBAN,9.693620364510403,1.3599404333782412,0.9175248069845071
1162,URBAN,2.96207163545409,0.5191965123757197,0.7847833374202249
1163,URBAN,7.946509440503683,0.7023463444888831,0.660603633217527
1164,URBAN,1.852232858140855,1.0680849851067966,0.7894443892503571
1165,URBAN,1.8063423760954227,1.4581599966975214,0.8467011677226384
1166,URBAN,8.426279831992785,0.937577172603928,0.7634958379186494
1167,URBAN,5.279715236122108,0.17607508047305792,0.533137309473755
1168,URBAN,11.709508485841551,0.06232003044732859,0.3650301926558301
1169,URBAN,8.54390808535667,1.3115527724119445,0.23801553888686056
1170,URBAN,8.397011496259733,0.4938778425762559,0.21904587696888078
1171,URBAN,5.042435387087413,1.0686148108101765,0.25924659582893583
1172,URBAN,2.4210015674980094,0.6624528212280691,0.3100045346537854
1173,URBAN,4.089837846160033,1.5329247965385573,0.2731244782345692
1174,URBAN,5.552153374082619,1.5339844600455486,0.5911249339288346
1175,URBAN,8.155858039449297,0.9743396120776201,0.47772571736894676
1176,URBAN,2.9211707548811705,0.688858647312396,0.15754225913865677
1177,URBAN,5.950851230080442,0.6433221110036813,0.09707830030506372
1178,URBAN,11.644851573557121,1.0743068110881027,0.26893960461040367
1179,URBAN,2.9515321559904364,0.5988889975812788,0.12972656238827632
1180,URBAN,2.9702836344162544,1.335280450879698,0.3652417317375754
1181,URBAN,2.264246747929909,0.7592510387302286,0.0405084494122952
1182,URBAN,4.7433329304483784,1.2447759416624031,0.35068324740103335
1183,URBAN,3.799078525218194,1.725768641073648,0.3176482263117417
1184,URBAN,9.803104450486797,1.045965017327152,0.10510526848279901
1185,URBAN,12.799710187213915,0.9478137818431891,0.3635922753001316
1186,URBAN,3.821789783767737,1.1219350769886969,0.10078110462633169
1187,URBAN,11.523776358184206,1.1558516854369125,0.36603027205450467
1188,URBAN,5.134899858528859,1.7173669148296191,0.26552707198499065
1189,URBAN,3.2211163912246237,1.4560553194130677,0.5627246384770135
1190,URBAN,9.456646249437144,2.5789487279680503,0.4443489341791107
1191,URBAN,3.0552984115372253,0.7792118697475254,0.22038411921443854
1192,URBAN,1.6696655070709752,1.7323339508284508,0.6768408494409189
1193,URBAN,6.887368631441514,1.346454453221478,0.8497501416228967
1194,URBAN,6.006199547564837,0.3850922704936686,0.6782088416178909
1195,URBAN,3.9523320851968196,1.5332368434448072,0.8475164326455304
1196,URBAN,4.697744062798144,1.3592467980498304,0.28498597672607223
1197,URBAN,7.448342280329777,1.319729491945566,0.37826861172273374
1198,URBAN,4.994234145587819,1.0048178078214907,0.0975186597200011
1199,URBAN,10.628408773136576,0.9741512244390809,0.3616540929074848
1200,URBAN,10.121213852715465,1.17687777393824,0.28637448438406415
1201,URBAN,6.532279944852104,0.21998654137095366,0.16726870679899994
1202,URBAN,4.035603315856913,0.5268300091503668,0.2736998868443043
1203,URBAN,13.984653310250993,0.17728049864909126,0.2459840160232203
1204,URBAN,2.387328081416071,0.967111615904359,0.3633992029141307
1205,URBAN,7.5284298489227846,0.8093035388471193,0.36042060414829796
1206,URBAN,4.160492895506515,1.2802937600137496,0.5566368624501228
1207,URBAN,7.662764165954894,1.8349204639381174,0.3006340554209325
1208,URBAN,7.398082908443459,0.800870685267953,0.39970660117050477
1209,URBAN,5.85001675989371,1.652444227308626,0.519565632014877
1210,URBAN,8.689255449285088,1.0012376135731016,0.47567514803096533
1211,URBAN,13.308301521379018,1.5245108385454744,0.5127434442307255
1212,URBAN,3.349067781579482,0.8915484733899461,0.6507208645958227
1213,URBAN,5.9159085078067895,2.033265660609662,1.1162105635144965
1214,URBAN,7.142904659037737,1.967526766247474,1.3443868101328658
1215,URBAN,0.8044022997373123,0.4181575615783295,1.1062856192814505
1216,URBAN,2.4778300514804608,1.4358168798826914,0.3514906274145068
1217,URBAN,5.299117642467679,0.7944105913366958,0.2407242550174796
1218,URBAN,8.375421014947198,0.1563869257511338,0.20662850933829538
1219,URBAN,4.82486393441456,0.5985885694579955,0.18952769273117007
1220,URBAN,5.220788319224524,0.7681209835452734,0.3218332751556456
1221,URBAN,5.415420526511922,0.8663756579071465,0.1431076183668973
1222,URBAN,6.776129181897552,0.9382380620615156,0.26854682717798894
1223,URBAN,5.669267742818922,1.5450191689221564,0.32784791675965896
1224,URBAN,7.432400743288164,1.7138411321388518,0.5241696442326222
1225,URBAN,8.122902823513925,1.3390367530731615,0.7545811716507592
1226,URBAN,4.362517656137932,0.577737076074169,0.4244594758532223
1227,URBAN,8.15803640721559,1.3821480200141394,0.5859295643770408
1228,URBAN,2.8200093377744553,0.8045983224459601,0.2890113815472625
1229,URBAN,4.889876381949329,2.3232441975804345,0.8441996307860232
1230,URBAN,4.809918885856313,1.7233130296879489,0.3352785887130338
1231,URBAN,5.613077221596927,0.7594914254157176,0.08092185515955991
1232,URBAN,10.90825466181375,0.950460138554861,0.33496763164320886
1233,URBAN,5.441534030514977,1.1259562196026496,0.3840595982068811
1234,URBAN,6.26540752602547,1.2716102145242658,0.6420559852465372
1235,URBAN,7.670270892393309,0.29158016407893783,0.38788677805881266
1236,URBAN,5.596501296700961,1.2371913163257193,0.5884708238892592
1237,URBAN,4.843019492019187,1.2658215296156416,0.1881027212767931
1238,URBAN,1.7524413279131306,1.751915190324218,0.6557520889638545
1239,URBAN,7.919112634762909,1.48429940577185,0.3607459971483815
1240,URBAN,4.8477112331458745,0.4664288431413695,0.32579934797544097
1241,URBAN,7.37640217906361,0.8160943225130342,0.2738037101630845
1242,URBAN,12.275952557740979,1.0117670325233574,0.42328638639098765
1243,URBAN,2.986352315234887,1.0522938477566994,0.5069155860540432
1244,URBAN,4.048121993912766,0.8842900597745424,0.5975993598906133
1245,URBAN,4.255166465750234,0.07487500093053845,0.40195134018774314
1246,URBAN,10.375381385864957,0.8549507100124627,0.29910402903092487
1247,URBAN,3.689409433387806,0.1698214719356925,0.24592612817839607
1248,URBAN,3.676563638657343,0.14597060356865038,0.147329750955272
1249,URBAN,4.205322079168538,1.8498886541862594,0.4341656481054526
1250,URBAN,11.812593278003517,1.5794211558655433,0.32547851568142383
1251,URBAN,2.098648591802367,0.6418830407507587,0.09907709340063653
1252,URBAN,9.461536551458543,1.494843421170421,0.5055221393932546
1253,URBAN,3.400072832837035,0.828489454484275,0.20768212159251254
1254,URBAN,5.6978989795041795,0.6606288951976846,0.3574489908424384
1255,URBAN,2.3196826230857464,0.44658487573612315,0.3401691668888074
1256,URBAN,1.2868300190162465,1.1248358386622859,0.39490473288577665
1257,URBAN,1.7890978762810568,1.0787484758439947,0.18664082710600222
1258,URBAN,14.271081230149006,1.89019386033437,0.6187581393757049
1259,URBAN,4.834189355386471,0.20773515426435737,0.5186989919295055
1260,URBAN,10.415445967401624,1.1530162955456367,0.5429039022822207
1261,URBAN,9.908754205708039,0.6324424649821668,0.4262684439320042
1262,URBAN,6.906165040250083,1.8430769850022055,0.82284709280158
1263,URBAN,1.1939368366708536,1.5170981541309558,0.7567656853409171
1264,URBAN,3.7832737851690057,1.1774437112995793,0.9085031899705193
1265,URBAN,3.991137111523001,1.3747477689953356,1.0796233663150536
1266,URBAN,6.2865840707762155,1.0483282012223645,0.9964514161297393
1267,URBAN,3.101228482862759,0.5754877342258841,0.8790500100099177
1268,URBAN,2.428575844832806,1.8697531138060839,1.229597129205432
1269,URBAN,7.3535239180100325,0.9911814478634589,0.8467140421881106
1270,URBAN,4.136515313700224,0.7074163741529254,0.5034138453665203
1271,URBAN,2.3866840888647713,0.8841868744727082,0.2450000267741619
1272,URBAN,11.924599167669866,0.7169188993719572,0.062188248931633675
1273,URBAN,5.87977885108491,0.5616507373447669,0.13343080740969207
1274,URBAN,3.4317070047006597,1.4883456549170542,0.41774947153990255
1275,URBAN,6.424058193257686,1.0151050861479178,0.5424892626830262
1276,URBAN,3.7309694104635187,2.2902154845196048,0.4553463794900902
1277,URBAN,7.104435690131714,0.6219920274701899,0.34180312276035985
1278,URBAN,7.877651669157867,1.8958729093345936,0.7235986871804893
1279,URBAN,4.715206259429425,0.2982466577663481,0.5981389402046517
1280,URBAN,3.4640131208292386,1.4869938091973982,0.5752128397988684
1281,URBAN,6.371159141488507,2.1987969647664647,1.109779219313105
1282,URBAN,8.131809387513988,0.6028591433506157,0.6428570058266625
1283,URBAN,9.624240330924017,1.096843457710605,0.4535058267855601
1284,URBAN,6.109190992585302,0.29860992130202424,0.28759152492454865
1285,URBAN,6.0871404806992855,0.9682145073157278,0.5057610891356119
1286,URBAN,5.861507969529162,1.5175291886320812,0.5335868025261362
1287,URBAN,5.3982412459859255,1.0721429912329554,0.7023338523496953
1288,URBAN,6.016834503109044,0.6186067716652692,0.5003728061543253
1289,URBAN,0.30750321010604775,1.7099461109625673,0.7754959275813198
1290,URBAN,5.61896345555149,0.884223453706956,0.48680161579123143
1291,URBAN,5.453410090972015,0.8639787740349655,0.5168766749452574
1292,URBAN,6.090004307597533,1.2043664196272326,0.5484449822665755
1293,URBAN,9.013643819334957,1.7520290829799527,0.9138839565586957
1294,URBAN,5.10921472662019,1.4405380789250288,1.0682652544155598
1295,URBAN,5.974682170747571,1.1479052314001326,1.1019114655670659
1296,URBAN,7.971504538347273,1.3991635914189375,0.47276739040062243
1297,URBAN,9.23609353651336,1.0455060646475087,0.17246573010976884
1298,URBAN,4.541163143834794,0.6980802139067268,0.1609895600128009
1299,URBAN,5.739699057321757,0.8547152238411984,0.35935110218603555
1300,URBAN,3.055312714634131,0.6488881998896704,0.07312668168468046
1301,URBAN,5.0630989096682235,1.4425193162315872,0.47793004234504705
1302,URBAN,4.78492358349441,1.0812744242105823,0.015278570706651989
1303,URBAN,2.1069764873237276,0.4862038257892612,0.1479176307431562
1304,URBAN,10.094848155039033,1.361697893152592,0.49338830893762237
1305,URBAN,6.9845649627577036,0.48507449320113183,0.43228701663967634
1306,URBAN,7.447083126505781,0.6371211116503274,0.3824152677327457
1307,URBAN,13.662791094880316,1.0595918760798162,0.3203215421922487
1308,URBAN,2.9917239960976567,0.8151492908519442,0.38370246974556954
1309,URBAN,5.633204980000384,0.638731582199839,0.35334985310938455
1310,URBAN,5.926209749559067,1.3529466946404283,0.6579193507693274
1311,URBAN,6.650663671912164,0.779819387949443,0.2612474736215482
1312,URBAN,8.16935220902985,0.9217840418492346,0.09841042250571669
1313,URBAN,11.829065965823027,2.0908935032421487,0.594782239923152
1314,URBAN,10.341710284754873,1.417002208755726,0.23537761864636186
1315,URBAN,4.467932399584415,0.8629793613845842,0.41607775660956553
1316,URBAN,6.443153188486325,1.2102709414140265,0.6114783172703347
1317,URBAN,2.2978716374082873,0.7739375431416551,0.3414779712130351
1318,URBAN,2.583883594704019,0.297425221442613,0.155935928599787
1319,URBAN,2.738407073720239,0.7683788840889964,0.23498603331470955
1320,URBAN,5.707457035630313,0.5527537045418672,0.3455738717196231
1321,URBAN,3.3824445493717112,0.5091633706014169,0.1447881395806548
1322,URBAN,5.137252115422359,0.8186591091413292,0.1569687657142327
1323,URBAN,12.700886422775959,0.4496772840590361,0.22450712724960303
1324,URBAN,6.958170763494155,1.368327829383151,0.5152302168034978
1325,URBAN,10.00397095058257,1.2724033529633467,0.5698942057818009
1326,URBAN,1.790320531459846,1.2799148736783283,0.7002790325462919
1327,URBAN,2.845727834664678,0.8339280228573395,0.24996534575007154
1328,URBAN,8.985809077420265,0.9391752360235798,0.21516622005642233
1329,URBAN,8.656365034590317,2.0195538263791337,0.6155525060218704
1330,URBAN,9.802340299140216,1.2221151509373254,0.7574789128692154
1331,URBAN,3.5642147450304678,1.4205346287127196,0.5475180888369205
1332,URBAN,4.636092321693899,1.4527436732433214,0.24871859442702451
1333,URBAN,7.279687978540525,1.628189575769045,0.58907384678963
1334,URBAN,8.818284137465643,1.6839966129069663,0.3544036404473477
1335,URBAN,5.360794580423702,0.9093944421772049,0.416220813353351
1336,URBAN,10.161407237877844,1.5508339514250946,0.7186512196799096
1337,URBAN,3.628122157087769,0.3964047791007654,0.4749522312809427
1338,URBAN,3.76763135176955,0.28862018080689394,0.41769168710996035
1339,URBAN,1.6893466956967824,0.11387047420872498,0.33051658282588164
1340,URBAN,5.628595452629549,1.0182720624111479,0.4791102280146375
1341,URBAN,16.35523454251066,1.3583415914860266,0.6921190069429907
1342,URBAN,2.503849845858932,0.45610490009475013,0.6353803706915278
1343,URBAN,11.284365934465168,0.5475774109878286,0.4356889686526842
1344,URBAN,4.650009703248525,0.9025744507384614,0.566271188028847
1345,URBAN,4.4145126971092115,1.3808850751074475,0.8257962719472305
1346,URBAN,15.070796535580515,0.08866972819759811,0.6271535655781936
1347,URBAN,4.550803117672366,0.48603634050155364,0.323542609287468
1348,URBAN,1.3242057177660849,2.5883810393163147,0.8283087396491129
1349,URBAN,11.72193035353409,0.8841620635188668,0.6621175628922567
1350,URBAN,1.6043427358696802,0.1837282368321471,0.5239347820874753
1351,URBAN,11.132955659457663,1.8019660473432928,0.898719216690789
1352,URBAN,3.465558140087995,0.6296739746710083,0.5581919409911469
1353,URBAN,1.1804815301036364,1.4221263047186288,0.8307636939268612
1354,URBAN,3.4832860969818547,0.5072196646556458,0.46040226454570493
1355,URBAN,6.45140405358202,1.1395738729341989,0.31599340891937044
1356,URBAN,3.5662059299375226,1.0218811009242492,0.37199788999810696
1357,URBAN,6.902711222186623,1.5967011971207057,0.6928798060871717
1358,URBAN,5.093753240457045,0.6445913491216785,0.6764905411440987
1359,URBAN,7.869711968801487,1.6067494919763303,0.42191772080044504
1360,URBAN,1.2363442120165464,0.9335331460843559,0.36198549935121116
1361,URBAN,5.317307343670728,1.0472385314997337,0.44713283435299134
1362,URBAN,4.400647857013812,0.7749332582033877,0.2578043070616907
1363,URBAN,9.923593256031992,0.9392806875829699,0.49698524249956183
1364,URBAN,8.941865271989311,1.0199435519068594,0.23537275788602177
1365,URBAN,3.82964014743792,1.627722324389048,0.662416138918816
1366,URBAN,4.369523916012805,0.3943407816128088,0.4980226903058662
1367,URBAN,1.9847293992917008,1.2466118891030484,0.38640188984512863
1368,URBAN,7.741230042140005,1.3758315817636844,0.7137376323189581
1369,URBAN,6.680986761249599,1.8966664042068937,0.5552616371742034
1370,URBAN,5.98839515565611,1.2244943409686158,0.5500417502864128
1371,URBAN,9.338004624067596,0.13831564221444514,0.3791034905941942
1372,URBAN,1.7014353342113513,0.9769848903077942,0.571014921931989
1373,URBAN,10.970743654078138,1.8241830877261092,0.6790276880496063
1374,URBAN,8.454088978280915,0.7192544740527187,0.587135682553186
1375,URBAN,17.14576247479518,1.9016231701203543,0.639833000030339
1376,URBAN,4.686844708164997,0.4428361673831229,0.4865825976216263
1377,URBAN,4.10377792844583,1.013027166722822,0.6137409825057394
1378,URBAN,7.813954018658428,0.45234506976219546,0.5731735868868484
1379,URBAN,11.29165015870391,1.81029051933715,0.9573570558419433
1380,URBAN,6.50700518994363,0.48534806965372745,0.6464947540124708
1381,URBAN,4.032749954427417,0.9810600536379577,0.788600242055691
1382,URBAN,2.072969945899124,1.0411093814374377,0.8498010852127982
1383,URBAN,7.482007238099217,0.8511631977896882,0.8987997821416986
1384,URBAN,1.2429084398242223,0.6617173187392168,0.8379192620109506
1385,URBAN,2.444403431090009,0.926841805758931,0.6321749176137239
1386,URBAN,8.247928572212045,0.8990602272314173,0.3204201017594751
1387,URBAN,14.706990066821696,1.5471584164703327,0.307661488351005
1388,URBAN,3.6994769851357545,2.01805173322237,0.4582223239533979
1389,URBAN,4.269709838880111,0.39700541374558695,0.2184996962454272
1390,URBAN,8.618989369861028,1.1620006229927915,0.4976399728522013
1391,URBAN,6.0682276565579265,0.8935592717027047,0.2322430852370102
1392,URBAN,8.451362477879263,1.3871100498338746,0.2602208926753871
1393,URBAN,6.762913318973351,0.4885093662231092,0.33174879391319306
1394,URBAN,6.086182727765807,0.8098275287754275,0.1688034405746228
1395,URBAN,7.868676910131018,1.2679483173457575,0.4495588117492502
1396,URBAN,3.662626222885829,1.3105425241596635,0.6257141626049986
1397,URBAN,5.599777015001381,1.8258840633242452,0.45579758821193356
1398,URBAN,9.438654330956494,0.5805116042752809,0.44178323562174543
1399,URBAN,5.349432929471962,0.7194344770199235,0.5052058631977371
1400,URBAN,6.812735751676148,1.026057195523277,0.5193554556742035
1401,URBAN,5.304242541783501,0.7679580202610111,0.28201723388797373
1402,URBAN,6.302464966784862,2.924658996666127,1.0917140811210826
1403,URBAN,10.221911282021244,0.5754557387600064,0.9529875901952071
1404,URBAN,8.911450991044097,0.6828090077708509,0.778282144115311
1405,URBAN,10.664787341642588,0.4213140137324693,0.6980763314639322
1406,URBAN,10.277394027488441,1.3125728728565058,0.8920557988919453
1407,URBAN,9.830718446197718,1.9935180776541108,1.278220751698628
1408,URBAN,7.814393356770061,0.6995424337862205,0.8316395674138417
1409,URBAN,7.258385687675428,0.1410345192288884,0.6142275217546237
1410,URBAN,3.3194035468926364,0.17021734652999465,0.4091100932910007
1411,URBAN,2.106059455527005,1.0989287508127628,0.3403276153230092
1412,URBAN,11.746100527752901,1.50150715824862,0.6431716599990904
1413,URBAN,1.5315533080446448,1.1875632161080034,0.219406896480692
1414,URBAN,7.908119737102348,0.09856471113171421,0.163986294723618
1415,URBAN,2.336718393304145,0.8833445551960082,0.2578137205961233
1416,URBAN,9.34800244635581,0.6786898767864383,0.19687901103036604
1417,URBAN,4.575575336357652,0.38987586970935173,0.09093955759870131
1418,URBAN,4.960515936433491,0.2426340050628375,0.1296707339443949
1419,URBAN,7.370448191751741,0.27335249615772184,0.12782836645184598
1420,URBAN,2.583029938727086,1.0660017788966796,0.19435585707499833
1421,URBAN,5.593102259429234,0.7897862978548327,0.2282294624700254
1422,URBAN,5.695816853409728,1.1057518181293402,0.3185226326289699
1423,URBAN,4.509080191002617,0.7354604641171231,0.22575088195673967
1424,URBAN,6.769229642476967,0.6029285756643978,0.1039942448159333
1425,URBAN,6.076928644994127,1.0217997231329672,0.36014312752433014
1426,URBAN,4.9602219548895485,0.525752638744335,0.26545636351715907
1427,URBAN,6.525702495163944,0.5652576653952324,0.2497010463554418
1428,URBAN,6.9750954747826865,1.0162152352864293,0.16127351928836192
1429,URBAN,4.351215243190292,1.6693184386566327,0.37391238469513605
1430,URBAN,4.870071393402971,0.9921136029500103,0.06599861616882552
1431,URBAN,4.0971572588351295,1.4734007481606197,0.37060767876572487
1432,URBAN,4.371951601258984,0.5001970731696708,0.1411208502843396
1433,URBAN,3.6244495959668286,1.2123163027294384,0.24567698730317852
1434,URBAN,7.670800580664047,0.6570242005729816,0.09539442267612691
1435,URBAN,0.942711870590078,0.9276308849706777,0.21383586672386332
1436,URBAN,9.30234376230924,1.2581513705556138,0.4965227771663968
1437,URBAN,3.0683440314202635,1.5309158982416904,0.49513662854958396
1438,URBAN,6.3923319127695315,1.2007888171481034,0.35455919970466737
1439,URBAN,5.100773103052712,0.3657193477532336,0.3572403262171868
1440,URBAN,7.325376387946624,0.992988634517657,0.4993772929874742
1441,URBAN,8.964944504760552,1.0865978285029738,0.6533192857746323
1442,URBAN,4.8651321399027685,0.946537598052499,0.5213403453317952
1443,URBAN,11.875838746121058,0.5511443197661514,0.5299382829745017
1444,URBAN,4.455909142295009,1.2161869351633199,0.3547786507415175
1445,URBAN,4.310097064463433,1.680007325443567,0.40174538988113506
1446,URBAN,8.23287271024971,1.192843309959307,0.5984996702111136
1447,URBAN,4.44387157427007,1.2521606978978521,0.538969151257288
1448,URBAN,5.317362106072551,0.6287941210962205,0.5237456792311085
1449,URBAN,2.8023892048440637,0.6518367987478781,0.23951801292140337
1450,URBAN,9.09895019218217,0.8896129461193282,0.08124528680892752
1451,URBAN,9.589088796394847,0.9580833926558676,0.29182001894795045
1452,URBAN,3.728405218645291,0.8208414504953214,0.4083593880469001
1453,URBAN,7.512225803663047,1.2024413404361336,0.5457054510564621
1454,URBAN,8.341709075230584,0.6023295993515777,0.2486337185205335
1455,URBAN,8.878042359428923,2.5585446964073455,0.5700421675410181
1456,URBAN,6.087066262659236,0.49577802116224146,0.5297090446907937
1457,URBAN,7.387538756430084,0.784677135225545,0.38126417552168806
1458,URBAN,4.697591653250585,0.7926725700955056,0.36433816184798185
1459,URBAN,5.106088667311336,0.9812943502880387,0.4358252747542638
1460,URBAN,8.55234703214389,1.597173661168348,0.228623184338136
1461,URBAN,7.437754537510482,1.2732077254704495,0.25797552179819067
1462,URBAN,6.1810022098670725,1.063693670310812,0.4522081253354406
1463,URBAN,5.883175105434787,2.435474463182864,0.938000604522337
1464,URBAN,9.51326188278484,1.269280320596784,0.40484331008261515
1465,URBAN,7.670633742220617,0.7341755358238876,0.4604198463585131
1466,URBAN,5.814402905359559,1.1576725468543958,0.5924170900919583
1467,URBAN,4.175811114194871,0.28349907296526944,0.4968058927333243
1468,URBAN,6.994791481832235,0.682642678636649,0.31788335321280475
1469,URBAN,6.153334676763097,0.8133786073642112,0.4379043064701201
1470,URBAN,5.020213976271186,1.8524341759684344,0.46608337901141483
1471,URBAN,8.553217429741128,0.14305842710247915,0.30107745758607685
1472,URBAN,1.1005501229374177,0.8430540470554607,0.14229309198498946
1473,URBAN,10.307491730598294,0.911160170593256,0.33189365695125256
1474,URBAN,3.5734836891097856,2.037678430139193,0.6048406571882287
1475,URBAN,6.23864418270936,1.1126659651185973,0.7471875831792131
1476,URBAN,4.5721461151058636,1.019002870083861,0.48407042391447935
1477,URBAN,5.749587733985712,1.3853077326056005,0.3405530232107722
1478,URBAN,5.498675055076619,0.058270630889348,0.28602537137211537
1479,URBAN,2.3386065116641594,1.250298483912461,0.4474395567791139
1480,URBAN,5.062390194535283,1.2138120495488993,0.6372268115647417
1481,URBAN,5.7354371657192145,0.4179233188040357,0.40633572086174174
1482,URBAN,7.831907286652372,3.3202314772250547,1.209526132953029
1483,URBAN,5.346280673761559,0.5387818356678234,0.8905013279085799
1484,URBAN,3.2486248372567674,1.0266087373447055,0.4469306228585114
1485,URBAN,5.264474346321464,1.2749423621305551,0.12000304292127223
1486,URBAN,2.1913156638730844,0.9929072115269835,0.4014983471890725
1487,URBAN,11.906279032462178,0.6163833280230269,0.08710674305963999
1488,URBAN,3.7054603079052746,0.4534574943996807,0.15143824651242885
1489,URBAN,6.089908770076789,1.691490508418455,0.5776953638177512
1490,URBAN,9.119894149554797,0.4063388387018659,0.5020242308330193
1491,URBAN,4.480729960348704,1.574954650032249,0.2530304625224309
1492,URBAN,9.264440120651896,0.32326622594029175,0.14166411604776458
1493,URBAN,7.241470408216835,1.4705771945878936,0.38510650602201674
1494,URBAN,2.5489658902678842,0.333224713960349,0.3259345543542852
1495,URBAN,3.1665715732432496,0.3657820224787454,0.298022653253219
1496,URBAN,9.735822974093123,0.9472735384538842,0.29087930575917786
1497,URBAN,4.378308343897013,0.686471532209748,0.40291123492377523
1498,URBAN,10.898315853341153,1.895918864853736,0.4077224128114315
1499,URBAN,5.3582983868918035,0.5231880839255983,0.17716594731804627
1500,URBAN,6.765361088691145,1.5756729057874101,0.42369365319525526
1501,URBAN,4.228441804269421,0.6290174326583936,0.5082873942682524
1502,URBAN,8.839468949628174,1.8142563224667239,0.9058027875347218
1503,URBAN,7.146648822484981,1.064145312230982,0.3998450267481824
1504,URBAN,1.8000462328806524,1.5087503474867134,0.38223469157650786
1505,URBAN,7.779329246977412,0.750254283252483,0.19299191621410536
1506,URBAN,6.366438985493108,0.2538309764402663,0.22342816496801482
1507,URBAN,8.024897336188271,0.8076621010013885,0.3908163047361595
1508,URBAN,9.572295547593287,0.47552135079996005,0.3155057427422771
1509,URBAN,6.604108705748632,0.6480867301143427,0.29108597624156224
1510,URBAN,2.4948697925217482,1.3467125104562159,0.6164878027877609
1511,URBAN,14.404823999446773,0.31044905601863987,0.5418384851015087
1512,URBAN,5.057424342254036,0.6472334421772464,0.5149081189986452
1513,URBAN,1.6638368408177142,1.4815232203107054,0.5486500689765473
1514,URBAN,8.604227464388634,1.1239220886702872,0.6913874541628067
1515,URBAN,12.908157660063766,0.955061184890586,0.5717008251338029
1516,URBAN,10.683781695062121,1.1391925257137432,0.5016305497431468
1517,URBAN,8.059641047543957,1.0809290457601628,0.5630913996294605
1518,URBAN,6.118434210988408,0.4048471310909545,0.2836133086540327
1519,URBAN,10.367960912317619,2.4124721229751223,0.6533702590977166
1520,URBAN,3.9686532900976874,0.824938512437269,0.5389813881731349
1521,URBAN,6.911220953952384,0.08619864464196426,0.3930375711024553
1522,URBAN,9.26144644946925,1.5151388945116822,0.3130779250574016
1523,URBAN,4.252476654944738,1.244516432636755,0.32057054423338766
1524,URBAN,3.4974023916573245,0.7530527135773449,0.45054711367529376
1525,URBAN,4.125903579579748,0.7432524158037207,0.28838193285997854
1526,URBAN,8.528319614535613,1.4978427798814298,0.4447187843393299
1527,URBAN,5.613778418372195,1.9157974455489049,0.36684149697928026
1528,URBAN,8.554108032505987,2.3441774600459344,0.8083591386651314
1529,URBAN,8.015889391517653,0.44178105196525735,0.6703750255226365
1530,URBAN,4.982751131808313,0.23201459308348066,0.41250225274211616
1531,URBAN,5.6319582986789385,1.1315462583415308,0.4237987099812156
1532,URBAN,6.7210173394302855,0.7832165085031346,0.5518075337529571
1533,URBAN,5.3071113121067865,1.2179301277416097,0.7560843189039385
1534,URBAN,8.903867267780234,0.48563118824047863,0.6761567704766989
1535,URBAN,4.826247071076717,0.5991497817623082,0.32879123745265715
1536,URBAN,9.112327163330246,0.5580399252539878,0.3945549002114054
1537,URBAN,4.927185610044932,0.21664906750863736,0.23720826111333695
1538,URBAN,8.622152317822502,0.5273318427924467,0.01946921687678315
1539,URBAN,3.693240565261845,1.6080410538916017,0.48878932582043266
1540,URBAN,9.274322477379885,0.8933156479352747,0.5455847547447478
1541,URBAN,7.217677820622684,0.08993851287920217,0.41242674123312567
1542,URBAN,9.253410429499302,1.4944299757643051,0.4070684828286878
1543,URBAN,3.2004482333584723,0.9727378792053473,0.18649848826821777
1544,URBAN,2.250370519970502,0.5359147549064055,0.15045303932546325
1545,URBAN,7.792289423412573,1.2861549332423199,0.453507202789164
1546,URBAN,13.78720987653873,0.5803591930049993,0.24892960966541172
1547,URBAN,6.111330421241436,0.30465452251395364,0.26456945307776614
1548,URBAN,6.340249901366733,0.9712911626082148,0.47139225983424493
1549,URBAN,1.430808204364635,1.07907014232537,0.6310262421334013
1550,URBAN,4.458491272524714,0.7174241072036139,0.30935387961309424
1551,URBAN,9.046512540530781,1.3708510521004984,0.5184590312717726
1552,URBAN,2.4903690986688463,1.451976041550245,0.7256249998186551
1553,URBAN,7.4612341836047404,0.4849749276191284,0.4160885501215474
1554,URBAN,2.303860732687835,1.4838492074408753,0.49290253044513793
1555,URBAN,6.778235261700341,1.921703472107695,0.646573687285895
1556,URBAN,7.840791263766746,0.8836049276314497,0.31317163131718845
1557,URBAN,1.8951750279876245,0.44394118435828533,0.2241378746220075
1558,URBAN,5.309056914993228,2.5256539726684135,0.629416145718122
1559,URBAN,1.8886031992803227,1.674037654546403,0.10535011927932224
1560,URBAN,10.3194852978798,1.2936309720299874,0.41522104166438195
1561,URBAN,2.194388161480963,0.4493115642939588,0.18936169412234932
1562,URBAN,7.755560696544869,1.0336033552222519,0.22101569202187668
1563,URBAN,4.17897455097136,0.5431631030112004,0.34213712994327056
1564,URBAN,9.701815490091734,1.6741036203804274,0.7956697465123928
1565,URBAN,5.547876497920027,0.3319701099672585,0.6208214947135767
1566,URBAN,8.201503535643031,0.9997125738236785,0.5838316426281527
1567,URBAN,5.969765482364095,0.4845850300045527,0.5690607415723753
1568,URBAN,5.313360175946005,1.3069455378544441,0.31681145092465035
1569,URBAN,5.1981903411893295,0.7157733991243728,0.39830138967851614
1570,URBAN,5.7307008395005745,1.3403968058717552,0.5947999502521999
1571,URBAN,8.974005769671246,1.0022362348419496,0.49982635627231903
1572,URBAN,6.596542865786613,2.883068427136447,1.1509076923443269
1573,URBAN,0.6820734318161605,2.3007451556867724,1.5650665924130114
1574,URBAN,8.694103174488907,0.7471888586143937,1.0947841359311816
1575,URBAN,10.902690494951988,0.8945730888320192,0.5218948458884825
1576,URBAN,11.685058064655179,0.5922145069897826,0.2767471119976708
1577,URBAN,9.13222380621198,1.0043512986419079,0.46253336189007926
1578,URBAN,6.40711015143829,0.8541301046509003,0.5568277525253014
1579,URBAN,4.640768768442916,0.6725981149617423,0.2009866864415826
1580,URBAN,2.8819237705133753,1.3533058543807945,0.34745361789296025
1581,URBAN,8.118493770523088,0.6765472294750107,0.40590755502403897
1582,URBAN,4.5270640938943485,1.278936692240803,0.1502801138088993
1583,URBAN,6.451810815093879,1.0618028154004862,0.2713004720529877
1584,URBAN,3.717460435837837,0.9009581407114284,0.4197933874365056
1585,URBAN,12.241662599751127,1.3631601856766427,0.6436462051418123
1586,URBAN,5.3759853067567525,1.2493924301907653,0.8237760449741314
1587,URBAN,1.5259405038952458,1.9535410346644535,1.1854988424739765
1588,URBAN,3.2458321162245056,1.1953888683375453,0.9868743512151396
1589,URBAN,7.338934217516593,1.7306891993603801,1.1334049323083777
1590,URBAN,7.466972890749071,1.0803318911260311,1.1472550880775183
1591,URBAN,7.407084558029576,0.9569156939519385,1.0781459553717463
1592,URBAN,3.414728401498011,1.3753317352598797,0.8546329752786703
1593,URBAN,2.2434589215657703,1.4396712656167263,1.032150482790175
1594,URBAN,3.2852576300448946,0.6022534017882916,0.93697192779162
1595,URBAN,9.183774466507462,0.7399236137745513,0.5018419601510568
1596,URBAN,3.0789872268569143,1.0782142794533873,0.1450809453964027
1597,URBAN,10.214570995882504,1.1895121755770255,0.3044654044896858
1598,URBAN,6.001568965864223,0.9851743944671891,0.5459701148384087
1599,URBAN,3.3855377641943294,0.9599227051994221,0.6079639890038321
1600,URBAN,6.917589347060508,0.2297998149941169,0.5178651901891442
1601,URBAN,4.473677975018986,1.0928330379710203,0.6223208631283957
1602,URBAN,5.267599899246569,0.4200449688985086,0.3443317651520085
1603,URBAN,4.358319503966736,1.5320875046336633,0.6797944730027213
1604,URBAN,3.2168556654117264,1.8573118431964961,0.10954348881627934
1605,URBAN,3.188932484772058,0.8015462337450525,0.17137838932442973
1606,URBAN,7.226752258467966,0.8800383141794279,0.16025409100171178
1607,URBAN,1.085944699681752,0.8459005546235291,0.14922851455870645
1608,URBAN,6.7902595030122495,0.6173624605966807,0.10628966364297902
1609,URBAN,5.625497089018755,0.7569088356786234,0.25293950817303545
1610,URBAN,3.0320858000315645,0.8143130746768694,0.28591591125184274
1611,URBAN,3.798021083343325,1.2792026898458182,0.3178895300833184
1612,URBAN,1.791768673530377,0.39692197449684674,0.13292013822068935
1613,URBAN,1.6340792523573033,0.2747808472868283,0.05673290059403362
1614,URBAN,0.3056359610231931,1.1571774428933568,0.36130410265683033
1615,URBAN,5.175232472820718,0.99611030495976,0.07431999366854342
1616,URBAN,2.938946509835603,1.9687778608404651,0.6085893143003341
1617,URBAN,7.5928397510025345,0.9429470468755842,0.6701380072418752
1618,URBAN,4.512214974339173,1.530270410618089,0.5098195267721631
1619,URBAN,10.854267371208616,0.8726301310059547,0.24191572591316482
1620,URBAN,6.412755642209244,0.8242497610914585,0.10164791652789731
1621,URBAN,4.996052401469077,1.2493309008351352,0.35982854159742317
1622,URBAN,7.751814863737966,0.8382925063015798,0.14427704459912064
1623,URBAN,11.468113577421992,0.409782874675843,0.11836655331084425
1624,URBAN,6.8496410169101525,0.9621484031653276,0.38773988431102446
1625,URBAN,5.652327600005926,0.523674281355681,0.41867550972323553
1626,URBAN,6.797941504671519,0.5968533135679507,0.22513919927651474
1627,URBAN,2.578530769596467,1.122241436413204,0.40893591135662705
1628,URBAN,4.098641642724487,1.003818117535953,0.354141724284136
1629,URBAN,3.702137264620918,1.5263443469038271,0.650742186461812
1630,URBAN,5.504702815690282,0.6922579336385766,0.26627029902472665
1631,URBAN,5.846493561009121,0.5909599647978444,0.14091060878549636
1632,URBAN,14.43438001766261,0.8246967304727775,0.34198911065802334
1633,URBAN,6.30810453358503,0.3099640506322354,0.1723311043686036
1634,URBAN,7.131615689656716,1.0649349371142494,0.44826435725773006
1635,URBAN,7.272231601705294,1.332340379941527,0.30164379008822584
1636,URBAN,2.033407977270157,0.8674466053156347,0.18597481348585196
1637,URBAN,8.292687671667846,0.45116326393262435,0.11640236663811052
1638,URBAN,2.183220326002505,3.664653881810685,1.0691245205193245
1639,URBAN,3.981304582914373,0.8204754066596346,0.9171673584907419
1640,URBAN,7.417485819869654,0.7194470540641724,0.8326460074239105
1641,URBAN,10.06262377405908,0.5170789925029428,0.45645481601729615
1642,URBAN,2.949490212502819,1.1634386643629562,0.594671026161446
1643,URBAN,7.031126916298012,0.8113740836959747,0.3559771706914147
1644,URBAN,7.687197144088261,0.5266781158324811,0.11129109432769856
1645,URBAN,8.143769643379969,2.380032775738356,0.701186699455295
1646,URBAN,11.25394465251321,0.6215452700989806,0.3164516946108236
1647,URBAN,9.211980696434706,0.3685979422392087,0.27062906686118715
1648,URBAN,12.51299855327048,1.404792849542022,0.5426488255533236
1649,URBAN,14.012277669410233,0.5632349028401176,0.47423262710966485
1650,URBAN,7.439772089477464,0.7701066663204504,0.10194444335081917
1651,URBAN,6.098561835359332,0.060294032281929484,0.08088268713519772
1652,URBAN,2.984275533769587,1.261663247769025,0.37694899998703335
1653,URBAN,11.850654863354096,0.34542014838469204,0.23345353058756516
1654,URBAN,8.215135645398052,1.7329510331156033,0.4412665288440174
1655,URBAN,6.164512372835215,0.7518843350205736,0.10806824091115498
1656,URBAN,8.73617872127342,0.46227664250719147,0.20396628148353316
1657,URBAN,3.0026962113393267,0.8445300851263536,0.26785205043285465
1658,URBAN,13.247828909093972,1.352634433382842,0.4342409649820279
1659,URBAN,10.375857562310095,0.9839321462809594,0.20733880903319288
1660,URBAN,7.924302801754103,1.1676443115013024,0.3862439522530732
1661,URBAN,1.8506833893941907,1.5489114167600027,0.3534329081769799
1662,URBAN,2.5594058530234403,0.9561691254356598,0.10579787251804425
1663,URBAN,1.961534747020485,1.2836540481261507,0.3969595342274535
1664,URBAN,4.119369172793775,0.917057083177436,0.044334499074907815
1665,URBAN,8.176061217147536,1.5084990867773787,0.41122330411002195
1666,URBAN,5.226249094936415,0.9830434676970231,0.23792557045026275
1667,URBAN,5.493743028189729,0.5517167468303777,0.004478833406172935
1668,URBAN,1.7916094395422526,0.6234258682582666,0.18299706211607666
1669,URBAN,13.324182491211973,1.0291311304301787,0.37924878137518775
1670,URBAN,7.423068329582802,0.7507856032762187,0.3514529139696127
1671,URBAN,3.0911506853530373,0.44131082772335833,0.12313829891168514
1672,URBAN,9.885957997535495,1.1730184889257749,0.4395081907896018
1673,URBAN,5.360596198114851,1.544314042829001,0.734872584445471
1674,URBAN,8.744352950990102,0.5934723085714537,0.4657582754691792
1675,URBAN,7.029042674174847,0.5332602393723626,0.4777782371260566
1676,URBAN,1.8317100269978788,0.27228674839827216,0.42769908472588963
1677,URBAN,4.13777480010224,0.8497221578412806,0.513575744184628
1678,URBAN,10.74388067226513,1.0192103388225398,0.2778503377473673
1679,URBAN,11.4596674594856,1.8198020360643141,0.3808159880374424
1680,URBAN,11.978903944095606,0.7721767780911046,0.5063989809233677
1681,URBAN,10.214968681702226,0.5728022368385175,0.2103862633112446
1682,URBAN,4.802708244799617,0.7934845366446097,0.1977621060918294
1683,URBAN,3.519900440573877,1.1119537977199283,0.2439237604645078
1684,URBAN,4.493023886907722,1.719498373724681,0.6602452428575861
1685,URBAN,5.262248309632714,1.420662728361184,0.7469662753324382
1686,URBAN,2.2321968932011336,1.0593013313434798,0.8827806222352009
1687,URBAN,7.7874164762876505,0.8531912559240763,0.8813036623636618
1688,URBAN,5.2722293715884945,0.20712271109834077,0.6470562582318854
1689,URBAN,15.627127890354949,0.5468446888705509,0.456503966933966
1690,URBAN,6.090293063651943,1.743995562789978,0.8063250708464446
1691,URBAN,2.835027282582726,0.8604316976413161,0.805955180511291
1692,URBAN,8.414242466797953,1.2605978796566975,0.7370831829617971
1693,URBAN,6.843481260005593,1.7682716064003043,0.9772222175600289
1694,URBAN,6.718637015956793,0.16381174711133303,0.7205843755835418
1695,URBAN,10.72930084767075,0.8240468457595904,0.757732131408698
1696,URBAN,5.058571197611867,2.1405735232316476,1.189766580159124
1697,URBAN,5.401463117754949,1.8127571739123705,0.28745136003813604
1698,URBAN,1.780354702901328,1.550550959684131,0.3335458520334653
1699,URBAN,3.8726159368125277,1.5958400013548815,0.4721745226158406
1700,URBAN,4.3117983568051095,0.6658530784313099,0.4807522697193274
1701,URBAN,8.734285557874951,1.3098417530547402,0.17679253481361146
1702,URBAN,6.884481515440571,0.7932066999497436,0.16023710344609304
1703,URBAN,11.915990407383022,1.395993696018047,0.4231139456951834
1704,URBAN,3.2106227733275534,1.4822755947476638,0.27724776061707734
1705,URBAN,3.418550080867305,0.5933079453175262,0.062075345611523065
1706,URBAN,4.0368402776287,1.1828917948979456,0.3441931229549078
1707,URBAN,6.4706211602208645,0.7947973072231618,0.0911066536707528
1708,URBAN,6.063300490443124,1.5610019801105246,0.409605156511257
1709,URBAN,0.4926872607689877,0.793422404901054,0.4495906126979289
1710,URBAN,12.230466060546725,0.9119659458813466,0.055327337672523104
1711,URBAN,7.344130894339766,0.6364597272216541,0.23898674777667184
1712,URBAN,4.412463245507924,1.1185525652415331,0.2214813770463981
1713,URBAN,4.250567870459781,1.4791145145381495,0.5276046191066764
1714,URBAN,2.272997655618772,0.4004638453897497,0.34362081353668517
1715,URBAN,2.4497138972673174,0.8590527148841608,0.48077506820581745
1716,URBAN,8.38089944434487,0.5803101613471471,0.19325801290920058
1717,URBAN,6.481429324131675,1.0203838601649338,0.41958943434472773
1718,URBAN,7.023653570460462,1.2261362762456784,0.4700827977458947
1719,URBAN,4.0498539102970685,2.487929488092421,0.9079701577975956
1720,URBAN,4.844108330856877,0.9307513586072019,0.6574029525540226
1721,URBAN,6.056582766836864,0.7443937066141398,0.25244334541214597
1722,URBAN,3.1541580240164886,0.959995696194623,0.45604635482472705
1723,URBAN,8.458213779644915,1.4619037779502795,0.7775734936401336
1724,URBAN,4.730749252398527,0.6497739798639179,0.6900650528610671
1725,URBAN,13.084877491849914,1.1382787239768868,0.6416101573798264
1726,URBAN,5.101859667178031,1.2420049666797501,0.5907551618622926
1727,URBAN,0.18734521578607405,3.3457339560471526,0.6631599510949411
1728,URBAN,0.7358656872096292,0.09389042138780508,0.5088602676431935
1729,URBAN,10.789002920835765,1.301517945818431,0.05744229260947881
1730,URBAN,1.204479413136218,1.304421191453333,0.3672117700812807
1731,URBAN,4.550641542358554,1.5251478269861873,0.6956563581145873
1732,URBAN,4.243781496723801,0.8061479503653344,0.6414609937601021
1733,URBAN,9.798456974991957,1.8538726478350673,0.630078157809053
1734,URBAN,5.06908649941272,0.3282595578362385,0.45385826976041527
1735,URBAN,15.96735966005666,0.8405040291612859,0.5297646082582032
1736,URBAN,5.336674509733212,1.556589660087846,0.1585024428655803
1737,URBAN,5.476489693078596,0.393501619162706,0.11511811997634801
1738,URBAN,7.290273871274674,0.24913105551581383,0.05035716603647213
1739,URBAN,5.370262786129215,0.5781213490355982,0.19885597074880046
1740,URBAN,9.087806653996651,1.3851533621561138,0.537886722436444
1741,URBAN,9.864423825940305,0.8503495036244829,0.6089582070975684
1742,URBAN,6.777329609755924,1.4087551334216382,0.08179235435173532
1743,URBAN,6.9997705393059615,1.332306350753778,0.45305240114725576
1744,URBAN,6.128578435902717,0.7372720088922049,0.5555622507475253
1745,URBAN,9.108853219853435,1.852760490715565,0.18900180732313818
1746,URBAN,8.383735977486129,2.1974342338204544,0.8256121702848975
1747,URBAN,6.970303375920904,0.39096767870660787,0.7398906953376966
1748,URBAN,4.757191236740943,0.2874133207346756,0.4783321209871027
1749,URBAN,12.026945858081177,1.1627701363013265,0.6978490112290485
1750,URBAN,2.88685341143685,0.0957931905775925,0.4869578363696123
1751,URBAN,7.648471413867226,0.7319575487277004,0.4586172787406237
1752,URBAN,7.4797109043079475,0.33550718788740996,0.30092065942276164
1753,URBAN,6.0405377871111385,1.1208882316526718,0.4767050117332547
1754,URBAN,6.885372661513791,0.9432850059545698,0.2603882957304937
1755,URBAN,3.231932870797251,0.9450769053421265,0.3353505954373702
1756,URBAN,4.12209074110959,0.7733796846020438,0.45976074286934215
1757,URBAN,6.425586254648936,0.9946197942163437,0.1859453314984325
1758,URBAN,12.530391127742673,1.8165786892651588,0.6901909331644368
1759,URBAN,10.434205320710756,0.42799166144919326,0.3720380277059513
1760,URBAN,2.651463766486755,0.7023469448891728,0.47948616488196577
1761,URBAN,5.169249660290819,1.2189413929812423,0.18455698402944415
1762,URBAN,11.142280950183256,0.6721668104605275,0.19269370412416625
1763,URBAN,5.4087352518718514,1.2321795468205408,0.37311822085213675
1764,URBAN,1.473290852737076,0.9486895473238017,0.1902544343277945
1765,URBAN,11.254693302015307,1.2428065196022264,0.5402207694769644
1766,URBAN,6.247462949071219,1.4815613619963224,0.7326941089255725
1767,URBAN,7.304817790653906,0.8806765835518329,0.7971111020335677
1768,URBAN,4.821673298015662,0.7035769613557805,0.6014638435492827
1769,URBAN,3.649776942703182,0.22416845191820312,0.3746966431748303
1770,URBAN,9.072581734309813,1.0184652641443557,0.5280767656036706
1771,URBAN,7.0228831902151185,1.7695548285436673,0.8577084325870471
1772,URBAN,4.6735725891199635,0.9277471652004399,0.5872589452079233
1773,URBAN,2.613625869825401,0.173968556814894,0.4617554016836658
1774,URBAN,3.942396040565008,0.13689826048261994,0.3633421239170759
1775,URBAN,3.0415389732315368,1.2654163489207972,0.6096604912900587
1776,URBAN,3.0061522399108647,1.0116250063846115,0.47883785428241626
1777,URBAN,3.496398733130826,1.0605653063599723,0.25725470157113506
1778,URBAN,2.3359482186520535,0.8919663839713433,0.3630139324145881
1779,URBAN,4.386722722326216,0.876993266096412,0.5055750265707667
1780,URBAN,6.296485857612587,1.2296950776973168,0.33462360171065947
1781,URBAN,6.298983530929161,1.2796417526990915,0.5412680732470267
1782,URBAN,6.874251540601931,0.9158703337228901,0.42207469256932423
1783,URBAN,8.456726570725436,0.9535621638825538,0.26361619751507426
1784,URBAN,7.74597815539746,0.765450777613361,0.32453193431839017
1785,URBAN,5.382937754665052,1.5589785125652234,0.6425450451017145
1786,URBAN,1.2921299782715379,3.5628253564200607,1.064337306272499
1787,URBAN,6.609551679929695,0.36980165416746963,0.8496049941611554
1788,URBAN,12.91044710394157,2.0024488021318714,1.119581730994979
1789,URBAN,6.856330993724166,1.7071840262412878,1.3060063158198527
1790,URBAN,2.37692505804486,1.2732532331840805,1.0885558309579566
1791,URBAN,5.5057938527970745,1.0464336019053457,0.6396929309508063
1792,URBAN,3.7252050945181243,2.005845151912952,0.6833179874323517
1793,URBAN,8.112190201352204,1.026662964086276,0.5373019324212913
1794,URBAN,3.694056987649548,0.5075455752918017,0.420569892687502
1795,URBAN,4.494489668718765,0.45030876505178474,0.24831195447181753
1796,URBAN,4.053881806647676,0.7557596932695817,0.19762259126443538
1797,URBAN,8.480664204921768,0.558989192272757,0.18457847081228224
1798,URBAN,10.993723430796637,0.22408032888342183,0.08607509910160312
1799,URBAN,10.626390037945932,1.0497491852205705,0.2747516883183115
1800,URBAN,6.548918264610413,1.4024413222850485,0.20875788534275147
1801,URBAN,13.431944589184251,0.5982559558028744,0.3160073109486123
1802,URBAN,4.84800532108877,0.5341880803552803,0.32773557754218074
1803,URBAN,10.463775914347892,0.2808898019045438,0.2288601942990048
1804,URBAN,12.209312122137474,0.8879046821119434,0.08974321705200743
1805,URBAN,6.163864895118915,0.6817823457299411,0.12929025906027483
1806,URBAN,2.257936030508171,0.6865554817312214,0.2723195705931047
1807,URBAN,7.339322685551751,0.23322257355624498,0.18699857898432215
1808,URBAN,4.015036051005126,0.7699545840958245,0.32960297716944514
1809,URBAN,18.422095228817845,0.5824441328775531,0.3942868341343636
1810,URBAN,0.2886019704744753,1.2957327601239697,0.626497921131231
1811,URBAN,11.781151616629344,0.8396230228854945,0.6735025981268892
1812,URBAN,11.21830294799975,0.4815812593466119,0.3667218418705564
1813,URBAN,10.87211180567993,0.7817581610559027,0.3752436577453008
1814,URBAN,7.152038835714868,1.1567440019095578,0.4084783711836502
1815,URBAN,8.699211905059297,1.3764855199987047,0.4287492692347334
1816,URBAN,5.0928748237596935,0.619361751475233,0.4178029489132062
1817,URBAN,1.908463735931648,1.246969964810736,0.6060763014981622
1818,URBAN,2.464098028848325,1.0529277742022636,0.2073767391812697
1819,URBAN,7.1264154052480055,1.1186735704775819,0.4335289304953781
1820,URBAN,1.6831261236388357,0.893810239851891,0.09485598422101896
1821,URBAN,10.643133494864438,1.411624733281104,0.48295718702707574
1822,URBAN,7.274526008880681,1.543193262576072,0.6175930846673673
1823,URBAN,12.656960147319198,0.6004572288862293,0.2605469161506836
1824,URBAN,6.350447529929131,0.9394173599410574,0.38558616653723304
1825,URBAN,3.7326349652014517,0.844456297990852,0.425066729092351
1826,URBAN,1.8484929915027546,0.40252628840997134,0.21476622231103798
1827,URBAN,1.904331221084162,1.4298807341200077,0.3955099404906761
1828,URBAN,2.4726005441824523,0.6728564601761956,0.306212610266426
1829,URBAN,5.331244307862639,0.7910543435229932,0.41345019150127044
1830,URBAN,3.3942225387184863,1.295302049927387,0.47016025493929486
1831,URBAN,3.929309811805091,1.367906603779668,0.10711988592970359
1832,URBAN,10.368414717295476,1.7778080006131964,0.5478618601070261
1833,URBAN,3.57209514565847,0.48206414569253037,0.5527173117078489
1834,URBAN,8.545617205055864,0.41292765813689886,0.3972823215751321
1835,URBAN,5.191493728885246,0.325663074159425,0.3623272918607291
1836,URBAN,7.981320311050769,0.5669257873945184,0.43145043470202576
1837,URBAN,2.014706065672328,1.8167687215499666,0.7947738646761854
1838,URBAN,7.564612237786949,0.485535079726529,0.7077689546978526
1839,URBAN,7.585782140127209,0.1742762409188555,0.5111856139907173
1840,URBAN,4.970999976211369,0.5438996583829209,0.49754463454672454
1841,URBAN,8.566863657878711,0.5284856176005427,0.4534406272072361
1842,URBAN,2.8681296852488276,0.2251701537625776,0.2608010067772695
1843,URBAN,10.669943134437576,0.058238251019977004,0.18075135533371622
1844,URBAN,6.406467175665693,1.12207652570792,0.42144133582982624
1845,URBAN,9.555294910555045,0.2829529434198126,0.2243181582204081
1846,URBAN,15.960938593781906,1.220516026331877,0.4057992715599291
1847,URBAN,4.835738340135288,1.4927538207068638,0.7225299490489145
1848,URBAN,2.230919200570058,2.2170362138123183,0.8613293381234833
1849,URBAN,12.726632141181062,0.9545595242383172,0.6430749613909091
1850,URBAN,3.078031020613339,0.9076570228438359,0.7204940421714597
1851,URBAN,2.632122005718991,1.6206278505081477,0.9547510777063299
1852,URBAN,1.008763898208317,0.7141241593915042,0.5192995651233387
1853,URBAN,8.28563750827544,0.5468241388158177,0.24886570528420066
1854,URBAN,7.413650765360352,0.37362442770709076,0.1705271142853189
1855,URBAN,3.851570585007668,0.3072592082034968,0.1901961894434781
1856,URBAN,14.726096039360522,1.5335479481378724,0.5755994285708801
1857,URBAN,6.791919522316259,0.6060576448154844,0.4310320236531535
1858,URBAN,4.311772226447046,0.6355477057178648,0.31781812917868346
1859,URBAN,7.273289000090861,0.4680639058796589,0.28218548851661773
1860,URBAN,5.526568121698504,1.5564212382058533,0.26300428163597284
1861,URBAN,9.880337695644164,2.528546878403008,0.5462488286393947
1862,URBAN,4.585227133732826,0.6090548712501086,0.29851589812287826
1863,URBAN,8.569449349468394,2.921787194740681,1.0076005283235465
1864,URBAN,4.81049010746443,0.9332629610361268,0.803250570485791
1865,URBAN,9.693112274178235,0.9219156789726681,0.7212468301938518
1866,URBAN,2.504395785283797,0.5188523658069611,0.6317766361374928
1867,URBAN,13.75303191795213,0.2991691551548844,0.36754319603732705
1868,URBAN,12.69935846073051,1.5987573105887638,0.5266498910246173
1869,URBAN,5.30414855456255,0.5260886369019616,0.47180479607023595
1870,URBAN,11.486511324291145,1.716536580244423,0.7404949119250155
1871,URBAN,9.457785835076434,1.2794435206143873,0.8940879066077884
1872,URBAN,4.548173731682733,1.2572048466717007,0.36608666444016513
1873,URBAN,4.903774872585349,1.2878311607197706,0.6134587260168796
1874,URBAN,7.709343939534437,1.7088987727084641,0.6177740643578348
1875,URBAN,3.525796575355561,1.4988144558158014,0.870646609603271
1876,URBAN,5.297554271452569,0.4256269989839233,0.7327174166761433
1877,URBAN,5.61448531706717,1.6123559371831782,0.7457686226676414
1878,URBAN,5.781335662179898,1.296092492212378,0.8209317800278408
1879,URBAN,6.463342537945692,0.42849966703974296,0.6709418467870893
1880,URBAN,5.005460183923109,0.11610132298785436,0.4895617834610237
1881,URBAN,5.536331233480411,0.861325834558786,0.4089659238064253
1882,URBAN,5.182796261933234,1.909082090003426,0.45270392976142304
1883,URBAN,4.123799278315805,1.729285997938906,0.8149189053749385
1884,URBAN,10.477721557249156,0.8869077446928751,0.7014788893591852
1885,URBAN,3.6924812712454025,0.6573283619613632,0.41431870656119235
1886,URBAN,3.830587376461153,1.2504251612663309,0.46060816502898755
1887,URBAN,5.527232778199107,0.1557831636713437,0.2702499668655285
1888,URBAN,4.794275420591319,1.0186200842382789,0.3918192008231778
1889,URBAN,9.071012817957092,0.6805392717775421,0.3888427279683154
1890,URBAN,5.426963971866259,1.3658223582991094,0.5994581201295818
1891,URBAN,14.643961683654446,0.8103793443648076,0.5787099851557413
1892,URBAN,3.647336824278707,0.4925905482908346,0.39925093781667825
1893,URBAN,10.427978481093632,0.9653407119135733,0.18861347943151405
1894,URBAN,9.02378251393251,1.351362928574016,0.527341060897143
1895,URBAN,1.9759914478180982,0.5558533439107332,0.1991867269354299
1896,URBAN,2.119419608690902,0.8870989829165709,0.2822112057196212
1897,URBAN,3.2661421274901556,1.3895731827676503,0.48783523677664653
1898,URBAN,7.40823187898661,0.43183660970829485,0.32107603125079076
1899,URBAN,4.6159673154850065,1.2701121688178063,0.5007791577171826
1900,URBAN,3.231400562224059,0.40864891725219654,0.32399000811384415
1901,URBAN,4.230033429898979,1.0237480335916724,0.5601390440593346
1902,URBAN,1.9008697770441219,1.267411548944345,0.8041609481377259
1903,URBAN,7.358233499446854,2.03380940012086,1.025276834673291
1904,URBAN,16.492254498371555,1.634990441162086,0.21729459487083633
1905,URBAN,5.400636530341398,1.0582516723732376,0.23072649055598046
1906,URBAN,2.8669833880333755,0.5967373771384985,0.02025804741152802
1907,URBAN,4.082600768782468,1.7159565936236658,0.5444928839566922
1908,URBAN,14.004950387487638,1.1315183086364318,0.6283032538065125
1909,URBAN,5.9935789381860864,0.8755035406547972,0.24518889656406465
1910,URBAN,4.484826330758193,0.30556653006483553,0.2155018316122929
1911,URBAN,2.406554112449618,0.9737450223631858,0.22276297161978095
1912,URBAN,8.027132922162625,0.9785846237219423,0.363191732282479
1913,URBAN,5.77745755601138,1.0008844334987432,0.5997860674638194
1914,URBAN,11.491138461825198,0.7256918254104833,0.6887080633373281
1915,URBAN,7.765388089388913,0.582006940127912,0.6828006468326746
1916,URBAN,4.899225370377935,0.9331839479876849,0.6024736672226528
1917,URBAN,9.394922118851728,1.3287386750940435,0.3075552506779796
1918,URBAN,7.15219930344405,1.2140419189752212,0.5850739356693975
1919,URBAN,0.5744608049143413,1.2147674952946197,0.2694396829593359
1920,URBAN,10.450242909023647,0.908226636246868,0.27329898798100455
1921,URBAN,10.170294467033203,0.26851534588092296,0.18713971930908738
1922,URBAN,7.314754937180694,1.6633333740666298,0.5545392726211428
1923,URBAN,3.083417729677036,1.915733280742762,0.24181219587865777
1924,URBAN,8.399494547529558,0.3261588416519747,0.08451549671626789
1925,URBAN,7.250087008011327,2.042386566588288,0.5940289517866904
1926,URBAN,2.679029296586128,0.31936495146336225,0.3295472586821664
1927,URBAN,2.9559214593760954,1.048419710607912,0.4731975864426365
1928,URBAN,5.843129169988087,2.2995725202630872,0.8478786737762783
1929,URBAN,0.7023229002845524,0.29756228579550426,0.7212520590633354
1930,URBAN,7.45181730997431,1.3404428321744462,0.7432899416253188
1931,URBAN,1.6862016418372303,2.4712251170758783,0.9992767385532876
1932,URBAN,6.103739109472535,0.9973294561248637,0.5280420565713775
1933,URBAN,4.969605136413253,1.4406241935013557,0.8257927361510006
1934,URBAN,5.639597253503132,1.6949891234898269,0.7172119578106586
1935,URBAN,3.1204325255281535,0.6279285925782719,0.6716485813455071
1936,URBAN,3.4164611909431493,1.0138205428459366,0.7162595897688072
1937,URBAN,2.69904811526225,1.0336638542473324,0.26729451394663456
1938,URBAN,8.354486907758366,0.7585609272123839,0.3252631251951116
1939,URBAN,4.475302059731975,1.1423358040948055,0.5246287681331204
1940,URBAN,6.952915408480298,0.6039404945451267,0.36004992876489456
1941,URBAN,7.825423558255634,1.0748949283618416,0.10210260944729078
1942,URBAN,4.967882740569289,0.5606897988916492,0.1276124811339662
1943,URBAN,5.1132704686665065,1.2077858707257514,0.43266766712263544
1944,URBAN,8.184956673954238,0.36383875746311184,0.28192078855469294
1945,URBAN,9.919128524214186,0.38814234615643384,0.3120853495677798
1946,URBAN,12.504520265158357,1.0804024824061311,0.45515763689066724
1947,URBAN,3.0275600267535703,0.18534486131414118,0.3230213471634364
1948,URBAN,5.588042853707325,0.4808694289235718,0.120755475952837
1949,URBAN,6.5657052141178225,1.1036101087508408,0.3118653681679148
1950,URBAN,3.186493218592797,0.9266016447808183,0.1389396062878539
1951,URBAN,5.842065224946602,0.7741434198639616,0.29638528933937686
1952,URBAN,6.8706507953912785,1.4279793553240576,0.5934035948620867
1953,URBAN,7.8456446781947475,1.2811799834509925,0.7035774297275829
1954,URBAN,5.28787147180351,1.697303259054918,0.5535694497944972
1955,URBAN,11.60830106970918,0.6707724020468419,0.538852451539017
1956,URBAN,5.782594189560394,1.3793133396936443,0.7758192913392992
1957,URBAN,8.978777192210819,0.36033651913514353,0.5042240843046797
1958,URBAN,7.531580862671277,0.5515731263586292,0.4227544461319806
1959,URBAN,5.590537309072486,1.3982343578066891,0.5156729379714128
1960,URBAN,2.3052115762582934,1.4219290835731968,0.4068047591049156
1961,URBAN,4.346941035545122,0.6588960880209624,0.2439482612009057
1962,URBAN,6.386994789968576,0.8196671163670765,0.2772094998747593
1963,URBAN,9.953811110369166,0.7625347614654449,0.1711353981665132
1964,URBAN,4.3367509626312994,0.613644783576797,0.11073770571644773
1965,URBAN,3.848428364501941,0.35914983225343716,0.18285426622522072
1966,URBAN,6.1926887889073505,1.0379568490308388,0.42772345267603035
1967,URBAN,6.183303271181687,1.2316142736931195,0.6622557204247235
1968,URBAN,3.6613217110639726,1.5686016269837515,0.7416988080751449
1969,URBAN,3.261569752612865,0.39336575076405916,0.45378603322494515
1970,URBAN,3.031635504846377,0.9263679253575656,0.28283497496230414
1971,URBAN,9.461631020674242,1.0014699091313486,0.11928167742106995
1972,URBAN,6.237482132447089,1.125483358708815,0.24082403271969663
1973,URBAN,8.644915529636252,1.5244501861209756,0.610168980101168
1974,URBAN,4.27088460219269,0.36955451276509005,0.516357898659498
1975,URBAN,8.047682337382833,1.2523940916937206,0.7269735253717938
1976,URBAN,8.260509596138485,0.7161354131256398,0.4632605727957724
1977,URBAN,6.160092447944549,1.373657093581281,0.2625989281850394
1978,URBAN,2.6961007022716164,0.5188884323792577,0.2282231582315276
1979,URBAN,8.860724282331422,1.049198254942297,0.43494779091810326
1980,URBAN,7.023030291618784,0.9691778354862718,0.5907437079165536
1981,URBAN,4.797456689509939,1.0367750049847904,0.5394643969155298
1982,URBAN,7.3623682299873865,0.26148440452741945,0.3092643970593699
1983,URBAN,11.332527807995387,0.2271480880960317,0.2715036251708006
1984,URBAN,3.3601024035033418,0.8738590612429165,0.19298702901619094
1985,URBAN,6.997702989475588,0.46395222294327837,0.21253971857408888
1986,URBAN,4.270252578197535,0.9286879757047701,0.2969300908087934
1987,URBAN,9.197836786624766,1.9880386162206387,0.7012719875112517
1988,URBAN,10.742875911230376,0.9303516033341418,0.6931647816232871
1989,URBAN,7.459521914624021,1.36998373430149,0.8879460111017017
1990,URBAN,5.070495273357203,2.309230853417507,0.05824499768728967
1991,URBAN,4.227044655828594,0.8987661521347464,0.2414911906452731
1992,URBAN,3.484477100544974,0.9831701167517206,0.45949946010042053
1993,URBAN,9.079096801493407,0.3451648527078154,0.42410230158972556
1994,URBAN,6.206508200048115,1.4203306790003742,0.631111109746437
1995,URBAN,12.54339158532289,0.21859448676370924,0.47088782222361186
1996,URBAN,7.298369090362899,1.1629378165727147,0.6619665719604262
1997,URBAN,11.087381127517814,0.4565539175765964,0.5393398611518795
1998,URBAN,7.087599974942056,1.4002934701902399,0.7881975500084503
1999,URBAN,6.506495870850766,0.4044811032318556,0.4669980816918059
2000,URBAN,13.714618866180047,0.629546820146989,0.298624424546436
2001,URBAN,7.795870942784645,0.6722868065891362,0.27163962959729177
2002,URBAN,1.1175384331960732,0.250912931963747,0.18171398840038688
2003,URBAN,4.8684686870915925,1.354107057940167,0.4033512187784382
2004,URBAN,6.760644394055291,0.9774712967444878,0.4445750141654616
2005,URBAN,2.2980615001913036,0.836212839944942,0.5743040491023549
2006,URBAN,1.2645696618133653,1.0781077837966535,0.5234416122609455
2007,URBAN,6.186722401103016,0.559312122366642,0.2680509798300233
2008,URBAN,6.119498246693601,1.2111276448912962,0.39571930393602395
2009,URBAN,8.33437461097211,0.7111034133723776,0.11526439017904565
2010,URBAN,9.64530067297894,0.9363808372967152,0.217024761563209
2011,URBAN,4.750085698542119,0.8933381722819228,0.31170119115431383
2012,URBAN,4.899418943395689,0.26953241340112083,0.30511345071351376
2013,URBAN,5.357790842254377,1.1680319106230264,0.4417673057594073
2014,URBAN,4.743096770092585,0.7988191172393461,0.38256117005801077
2015,URBAN,4.586280100824373,1.1626971262414576,0.4916721935475217
2016,URBAN,7.508722858261059,0.6949399218871223,0.15946554967214213
2017,URBAN,13.658681620363572,1.3819471713810532,0.3796992122813376
2018,URBAN,1.3789657965433328,0.9270885017827186,0.5069024312202156
2019,URBAN,1.2250476638746608,1.3873129939590918,0.2207264343047481
2020,URBAN,5.049063333012538,0.3438255521790123,0.24724504336974437
2021,URBAN,3.755630718037787,1.0818793591745222,0.45151463735751174
2022,URBAN,6.7025963174440655,1.195481918539038,0.036487137793462195
2023,URBAN,7.703251358435414,0.48388078220075537,0.13159420312093142
2024,URBAN,4.290852401802197,1.8030934850109364,0.5649052306898728
2025,URBAN,2.3664382023162474,0.5093950208928246,0.2771168245585869
2026,URBAN,7.952947477325067,0.9186424601749776,0.464936795802596
2027,URBAN,7.154719368779079,0.6375425934200951,0.47323890709006644
2028,URBAN,7.909961937842228,1.0311251216563058,0.35704466365139625
2029,URBAN,7.4920473065512265,1.566620213740072,0.29587852358195743
2030,URBAN,4.543415177572624,1.5347481905470228,0.4368181999144356
2031,URBAN,14.876723213824066,0.6096242692837185,0.4142628335966692
2032,URBAN,4.790246068896732,1.2893318823780293,0.588609492658001
2033,URBAN,5.963310468593408,2.2600009240749697,0.6087371629688337
2034,URBAN,5.2974354558622805,2.331157279183346,1.0039673302355987
2035,URBAN,3.9159913587295527,0.9294429305939443,0.6057196231995495
2036,URBAN,6.165586602181556,0.8673706932555603,0.28927978896924905
2037,URBAN,1.4794101017948709,1.8803495700995165,0.5963927643472985
2038,URBAN,9.333788046093174,0.6733702006160099,0.4932672336052411
2039,URBAN,2.89465924093559,0.526136728005265,0.515443818725363
2040,URBAN,14.557438210582179,0.5637139140609566,0.3104967076405699
2041,URBAN,12.186164519554984,1.3899361537877066,0.26604249293463245
2042,URBAN,13.209404810142216,1.6193463991840082,0.718977819806249
2043,URBAN,6.757516080333216,1.3924721678023597,0.5633788308663451
2044,URBAN,6.67285073404867,1.3062043828144339,0.6089081068452172
2045,URBAN,7.179727042596032,2.124533957284502,0.30313614085894647
2046,URBAN,8.98878222444185,0.517525575297867,0.17412414807071247
2047,URBAN,2.3485574920709302,1.239458016162885,0.4302638755018793
2048,URBAN,3.8886659786170035,1.1822861954882102,0.3652539555255045
2049,URBAN,8.468421394038657,1.5706365083951512,0.33578759458056884
2050,URBAN,7.485907364557244,3.349276533865929,1.2957421157100197
2051,URBAN,4.39394851400679,0.353345107234663,0.8437612217472141
2052,URBAN,7.264936411384554,0.44886952596232943,0.5706197143321545
2053,URBAN,8.094245129370085,1.7702521617748914,0.7251478411331044
2054,URBAN,13.305017672576303,1.4040356199479773,0.9407108616626667
2055,URBAN,1.9498617655127126,1.6753775536146471,0.8015502064200938
2056,URBAN,2.8722227508115656,1.0356783070086018,0.7871609299453248
2057,URBAN,6.146494689803463,1.0522574375938438,0.8621698081333031
2058,URBAN,10.152261209972348,0.9074501636409394,0.4430362347314914
2059,URBAN,5.423161346106184,2.1305874220946235,0.8047112627627355
2060,URBAN,6.834340422995927,0.6604884073173011,0.6293558448049413
2061,URBAN,3.100924379197627,1.3117310759546412,0.09638400087388177
2062,URBAN,8.151590901440981,1.2604670490146774,0.3684284901590299
2063,URBAN,5.101270095347785,0.8623755480147068,0.5252393937719814
2064,URBAN,8.446847239609165,0.5595718500486271,0.3718739284713211
2065,URBAN,3.0307519374615093,1.749751234159065,0.37951506616225317
2066,URBAN,7.19635842398437,1.302359493670775,0.5818378880651636
2067,URBAN,1.8305497576598442,0.4937897516485324,0.5658288537375574
2068,URBAN,8.609279576800878,1.1358308904103411,0.2151993428311263
2069,URBAN,3.80933379291509,1.0360690710680471,0.471585518432533
2070,URBAN,6.103166042067574,0.9026877056934862,0.5997948312707579
2071,URBAN,8.05430276483466,0.964193533543442,0.2207749108294627
2072,URBAN,3.9909833014826925,2.2531933351947497,0.5508110731847887
2073,URBAN,8.240305640087936,0.8031971987116926,0.5398040082525456
2074,URBAN,3.192645914198785,0.15703622494970115,0.41889513813194457
2075,URBAN,6.802584122627938,0.7703199462124956,0.10529410812562066
2076,URBAN,3.065125825703259,0.8038087705878598,0.2814234055929853
2077,URBAN,6.222837734861902,0.6394056796750361,0.3374357616427335
2078,URBAN,6.8860588092455055,1.3675274191917908,0.6299035211809343
2079,URBAN,11.579911733439685,0.6878609919353746,0.5454187952129792
2080,URBAN,2.430196322348507,0.48200318999602176,0.49265741435634247
2081,URBAN,6.755080162658685,1.813957266065903,0.879636766362043
2082,URBAN,3.7060274204061576,0.13690262582609272,0.6969322495854807
2083,URBAN,9.260242813093162,1.5588727153930078,0.9949340319323926
2084,URBAN,9.090576860531629,0.7717286236258042,0.9395742422861675
2085,URBAN,6.0190015510060375,1.5354998885907947,0.5586352902869569
2086,URBAN,6.87738062234961,0.6424172174971208,0.21716762792657068
2087,URBAN,7.962826756078039,1.1535765459263196,0.29899204011362923
2088,URBAN,8.233429524481922,0.19782215271033246,0.22976048404870084
2089,URBAN,13.448346875876755,0.6126060460439303,0.07186893238011538
2090,URBAN,10.444044658130437,1.022265768673664,0.24624759546980746
2091,URBAN,8.490323490278213,2.5913524367214866,0.9152535449525859
2092,URBAN,2.3588188298196164,1.239815617045438,0.9823448260468098
2093,URBAN,6.408035359344095,0.8202122801509615,0.7312784635553083
2094,URBAN,7.5275494826271885,1.0949138029954246,0.6329685460589821
2095,URBAN,7.481741799934807,0.2283048906365261,0.4428167224881828
2096,URBAN,3.241142556648644,0.5201426167750206,0.19702505784579835
2097,URBAN,6.839213488318039,1.3449127304497517,0.35817947629886865
2098,URBAN,4.778768843139058,0.865074597071762,0.4991528610740277
2099,URBAN,5.813795258355413,0.43347428887851525,0.24773846823479384
2100,URBAN,5.823766687524907,0.7735688107017752,0.05195320317389976
2101,URBAN,9.215961195873417,1.0813235798276113,0.30463927672380575
2102,URBAN,8.611353044507833,1.4322714317370473,0.6777097240663262
2103,URBAN,4.440228671059825,0.6769996482376452,0.6324507979610843
2104,URBAN,6.05595582978977,0.7975607273821825,0.6068639172871984
2105,URBAN,8.198592952294218,1.455631028155567,0.8234429362124329
2106,URBAN,15.368549448454715,1.1610641067228118,0.9467893595797392
2107,URBAN,5.139252553660795,2.418806447609525,1.3841340211114381
2108,URBAN,3.548845560632374,0.8798767035364666,1.1083388020476153
2109,URBAN,6.785119200357593,1.092601013915508,1.116065158855173
2110,URBAN,5.822278821257758,0.5582016078568713,0.9632915819764393
2111,URBAN,10.500330921105226,1.7274093421025105,0.8902028248513609
2112,URBAN,4.391561520610143,1.5061017393957745,1.1129681028603675
2113,URBAN,3.504601331512733,1.031039050475532,0.48185321870473763
2114,URBAN,8.469490979934434,0.8338182864841054,0.49448197885937856
2115,URBAN,6.086979537231452,1.6946470548853525,0.8611851948183359
2116,URBAN,2.407420215787501,0.9337938983765324,0.8575106435791996
2117,URBAN,5.108125698365596,0.4918307369691221,0.5904722793740196
2118,URBAN,1.4868021704430654,0.9249392369278447,0.699517979623302
2119,URBAN,15.330473721948529,0.07953797627353398,0.5097070175206097
2120,URBAN,5.895109542048904,1.2731510062248088,0.701031036882147
2121,URBAN,5.996933074941231,1.2324624027347053,0.7760920976367857
2122,URBAN,2.8047369071845827,0.2922386420300944,0.5226892415389607
2123,URBAN,5.669170869894012,1.224267212830912,0.2795582054471093
2124,URBAN,9.766083831777118,1.4296408837089796,0.290261728269984
2125,URBAN,6.690030505978531,1.0524456914294604,0.14041191286857338
2126,URBAN,5.493761900230368,1.3149397160792171,0.3380872755014235
2127,URBAN,5.6930132837699,2.9189652637379133,1.133030184672728
2128,URBAN,20.374872211024382,0.21111506708089162,0.9071253802780945
2129,URBAN,5.486052772157749,1.2592262320032668,0.7683900896506398
2130,URBAN,2.9307433269322054,0.7563108248705025,0.6824579082411579
2131,URBAN,1.0840385525684142,0.10861283056277247,0.5298196911701138
2132,URBAN,7.646959824071618,0.9516817794859851,0.4384147704756261
2133,URBAN,0.6689172699033723,1.2217813296239792,0.4942170024870754
2134,URBAN,3.9119572788524204,0.596637223859127,0.26499673638998195
2135,URBAN,4.448347549369824,1.50788493829208,0.39641058257809453
2136,URBAN,7.970174156216982,0.6324827060488329,0.47407383217385135
2137,URBAN,8.674246531363318,1.0446438005415288,0.5159168012897081
2138,URBAN,9.351766457636849,1.6747589064263242,0.7685108793311956
2139,URBAN,5.917474013094582,1.1602431334998222,0.9078645694118234
2140,URBAN,3.2936709776475057,0.5319156364715427,0.507420594717065
2141,URBAN,2.1074237995918885,0.1740067707719974,0.34843317900296383
2142,URBAN,7.342348817214293,0.8738952072671262,0.3839563912187761
2143,URBAN,6.498100107981161,0.7456829105896685,0.05929508972623347
2144,URBAN,5.018078650155517,0.6289017448529924,0.22148881880039706
2145,URBAN,2.4355314048422825,0.6850015660031611,0.31830085302722105
2146,URBAN,3.8336957490862185,0.23727616382978228,0.2142914055313217
2147,URBAN,8.983636905495114,0.6250815264199876,0.06935499356848362
2148,URBAN,14.157816651953121,0.8148684574499687,0.25978170866557426
2149,URBAN,9.443441923730097,1.3412612433484992,0.6040874409296871
2150,URBAN,5.831706199347568,1.1201035727082582,0.45623221150045223
2151,URBAN,3.7377083787932084,1.905205167624788,0.657517874922148
2152,URBAN,3.680309807046523,0.6730837095790098,0.3668152369277815
2153,URBAN,6.635573061131221,0.5193540171116913,0.41719055001480115
2154,URBAN,7.091248265087403,0.9445121329586053,0.08872337364852183
2155,URBAN,8.891196476566924,0.22520827021107928,0.07904557251085695
2156,URBAN,1.6976272561602332,0.8020160363308825,0.3060157852786074
2157,URBAN,12.309388505026861,0.5299592905168489,0.08855759383466144
2158,URBAN,8.070105827575306,0.10567321544176872,0.062131260626052356
2159,URBAN,16.651856888063644,0.5778207152152304,0.16425003905162772
2160,URBAN,6.542159831367163,1.1622189090473576,0.4654637585810634
2161,URBAN,9.547263519922355,1.9664377873196972,0.4664608319898857
2162,URBAN,2.7205266790335094,0.8782970665335839,0.5950066970121004
2163,URBAN,6.591071459114259,0.8857098443653773,0.700081050199055
2164,URBAN,2.447352682425583,0.6095960830761203,0.5410215365161718
2165,URBAN,1.2095795663895297,0.717873749454263,0.18047278013189008
2166,URBAN,2.560922485443199,1.3143149688151607,0.5131011800596876
2167,URBAN,7.704723207606692,1.006736951615464,0.3189713307847642
2168,URBAN,11.348835958550984,0.19098048066282666,0.209302655228111
2169,URBAN,5.71196768071233,0.7078197175456064,0.10143999134531873
2170,URBAN,13.668234550953041,0.5517628898648833,0.21563273380595382
2171,URBAN,13.096806921853775,0.45429383768069703,0.23529435106515026
2172,URBAN,6.728017635779417,1.0705191352841446,0.24255051473568526
2173,URBAN,8.314537003101222,1.6599772174808252,0.639097602533899
2174,URBAN,7.073817193040509,0.9063458604243593,0.7063225537193495
2175,URBAN,2.3978365377771635,0.2190520751206483,0.5228026904648917
2176,URBAN,5.214033850775472,0.4522518312880007,0.5242408099437186
2177,URBAN,11.50445727233001,0.9961891484093378,0.54449528213038
2178,URBAN,7.363261974206919,0.5091065450196423,0.5387541001649552
2179,URBAN,7.224660039786723,0.8695999260704922,0.5244708579075039
2180,URBAN,6.882910322504281,1.7159828826575976,0.5681475176353388
2181,URBAN,1.3474937301654786,0.8358127965649039,0.6160229659631568
2182,URBAN,8.690122938334563,0.6160616458017003,0.4265088966216941
2183,URBAN,5.370772509652227,0.41052430947196333,0.4214694587192505
2184,URBAN,8.905015731576281,0.5491141405953408,0.22901897812962715
2185,URBAN,12.1472967027353,0.6986828872812076,0.2795012377288272
2186,URBAN,9.484584691996318,1.7064315772939924,0.7017668876501733
2187,URBAN,2.428529708652131,0.9837138797713486,0.6425908407580851
2188,URBAN,1.0418010645412534,0.6547088354198948,0.5943428472108335
2189,URBAN,1.774630134282481,1.7107085858781597,0.8630098889786414
2190,URBAN,8.129471023992629,1.5867880118555482,0.9616246910077909
2191,URBAN,2.505823763284213,0.7309345173438693,0.9233904460182383
2192,URBAN,2.3344688219790193,1.7090354029004309,0.15270867237803876
2193,URBAN,10.26219417713201,0.48981227910573494,0.12513505457214003
2194,URBAN,9.865719779724062,0.8616199490618954,0.25964255695864874
2195,URBAN,6.956225559209811,0.7059941685297786,0.09841580943798478
2196,URBAN,1.0444560885979586,2.1694903966455312,0.6770094111412205
2197,URBAN,2.556880614919325,0.9627653721243212,0.3956480877950658
2198,URBAN,4.214169002658529,0.9632135930352747,0.0134586833605305
2199,URBAN,6.321196001962703,0.17993144387849164,0.04507320579053748
2200,URBAN,7.139612492375972,1.7947371063155462,0.5787313418990695
2201,URBAN,4.239813262298364,0.37457774518833675,0.5207352712818524
2202,URBAN,1.8555657129416492,0.3069286912797835,0.4635115297109157
2203,URBAN,11.706249674002489,0.7301856535536483,0.3057422346714095
2204,URBAN,6.025040513281841,1.279126777670605,0.5829559764879341
2205,URBAN,9.120637571524517,2.0365583888682894,0.1964635661844368
2206,URBAN,3.8830286480447898,1.5199721857760053,0.6108624019522888
2207,URBAN,3.2565751005432255,1.3130065618517628,0.643734189980449
2208,URBAN,1.8252070585773637,1.3785606684311071,0.5049176450181876
2209,URBAN,12.384073226059792,0.20060499621444566,0.4397490422825348
2210,URBAN,4.4973883046607845,1.112216032266624,0.31421737845567493
2211,URBAN,10.103202412878803,0.7722668322047701,0.1993728913114534
2212,URBAN,2.7875407826439855,1.3228133198497476,0.474916344040008
2213,URBAN,5.558143978072494,0.8208615369098274,0.5726844505180377
2214,URBAN,0.6929023801034226,1.4580564552449882,0.023822528108475554
2215,URBAN,2.6268498125720043,1.6765839207238178,0.47325643846758747
2216,URBAN,3.315560611755984,0.33938141665244115,0.3960138754373688
2217,URBAN,9.739994173541172,0.7414528986728257,0.11926533655177049
2218,URBAN,0.6135997089461017,1.535847461414963,0.4453302419092961
2219,URBAN,3.7400617156453295,1.1504837769128853,0.6806522797421793
2220,URBAN,3.175267256512401,0.48466540986170376,0.3711603728126256
2221,URBAN,1.6545613338036549,0.9915249668186926,0.4352779542487295
2222,URBAN,6.159469953652032,1.2569287320390052,0.0874810689926992
2223,URBAN,2.204127305111997,0.4722411957558679,0.21271413968460884
2224,URBAN,11.29536264786345,1.5201764349336415,0.5361324886101015
2225,URBAN,4.923106950747871,0.138544226767311,0.42223553465699415
2226,URBAN,7.333557748502997,0.9053133469825442,0.5655544366544838
2227,URBAN,9.815432627600153,1.2197398364586016,0.7802234911847676
2228,URBAN,11.429852124600906,0.809433893130513,0.39142584817446463
2229,URBAN,8.241177655469007,0.14629881077176055,0.29178750591126584
2230,URBAN,5.0111733609638325,0.44725763757149306,0.16440518782278404
2231,URBAN,4.356846447033783,0.6575209328791465,0.12463508104881989
2232,URBAN,8.53893376671996,0.7794344295098855,0.24025928383920897
2233,URBAN,7.449112116944598,0.4426384047817474,0.2792461295641046
2234,URBAN,2.1604832627232167,0.09452542802389213,0.17633937269808253
2235,URBAN,11.69724885236158,1.071996736824423,0.3983314280307531
2236,URBAN,6.228369768601151,0.9093137513024955,0.3802541948395639
2237,URBAN,12.906619949296118,1.2539418248601524,0.3450468080425631
2238,URBAN,4.143882882467252,4.274829995402061,1.0977894441896954
2239,URBAN,9.438496754314324,0.970425128754127,0.8927943864927924
2240,URBAN,9.328660570921446,1.3302727509706715,1.0419365945999945
2241,URBAN,9.478926232087613,0.6488830041536311,0.9156708071597477
2242,URBAN,8.689073070806428,1.3668353561609663,0.4632921867078222
2243,URBAN,11.859769050628701,0.9652071404430376,0.44981830134271156
2244,URBAN,5.397381103834558,0.44327601284247903,0.4522733418759703
2245,URBAN,6.362660358711478,0.13702157174696783,0.36520468726153943
2246,URBAN,7.570750989836379,0.13482744833902507,0.23146071198703735
2247,URBAN,1.5726419792187984,0.43164813865482066,0.16746640995747628
2248,URBAN,3.947965643537544,1.8120756583255044,0.6919660849777017
2249,URBAN,4.093443201705295,0.7627859578485291,0.7172033670135558
2250,URBAN,9.25709326259704,0.13852600074315582,0.552055915882141
2251,URBAN,7.5105691728031925,0.3490987768670814,0.4434257983298061
2252,URBAN,8.0383837697161,1.7514025205474093,0.5856598945111244
2253,URBAN,1.2461268070939926,0.7269805710482542,0.5179240979696198
2254,URBAN,4.670811106358062,0.13981310502118058,0.39837387842616573
2255,URBAN,4.026594584424103,0.9121705931053732,0.4927964102759612
2256,URBAN,4.839365419388008,0.7242450617281799,0.3052593991858082
2257,URBAN,7.458097949987019,0.45685528379124113,0.15749610785829396
2258,URBAN,6.602828954497472,0.7019648028609491,0.17532735138751088
2259,URBAN,12.634724889469489,1.4280226598034391,0.3691694211297217
2260,URBAN,5.060935208858808,3.566740304063253,1.2775601538049504
2261,URBAN,5.325917277020596,0.1661089789415592,0.9530420952140175
2262,URBAN,2.326516650302478,1.162697877384783,0.6468093181368825
2263,URBAN,3.66322560746761,1.1919873680126256,0.7925404415662244
2264,URBAN,3.3347244113411403,0.7107159385980399,0.6826105331834922
2265,URBAN,7.017590767617429,0.26575172390096463,0.5509902300892919
2266,URBAN,2.9524628297398845,0.5158402985957178,0.5636471742009059
2267,URBAN,1.0866010405844462,0.19899418727159843,0.46168999201264893
2268,URBAN,4.646036946304562,1.3298830348512618,0.5900716575457663
2269,URBAN,2.1631726132113114,1.0325131024046268,0.6675413450968645
2270,URBAN,3.6246782741113077,1.6551223015339336,0.7410905767150963
2271,URBAN,8.271755410624332,1.4676904838892344,0.9457877944561469
2272,URBAN,8.17829690170272,1.3974850298141386,0.9186668410494062
2273,URBAN,3.8009191574833703,0.8379904323576287,0.7361656577175183
2274,URBAN,6.45959017644881,0.264855746435561,0.5844644789354394
2275,URBAN,4.196764680340409,0.982093345581464,0.3690465628390303
2276,URBAN,10.609831066178023,1.3575731220763718,0.5364215083290431
2277,URBAN,8.854794049223445,0.4284205353527206,0.4479589640382622
2278,URBAN,1.9592393527865313,1.5036576179349916,0.5290503522778965
2279,URBAN,8.22236118804816,0.4944365517749059,0.27687943277810684
2280,URBAN,6.265207031421875,0.437482651818804,0.28775805473794175
2281,URBAN,2.3324149512147954,0.669413021615547,0.28982589972856515
2282,URBAN,1.4931751589337572,1.5561630385237202,0.642875866887325
2283,URBAN,9.440287265977886,0.7041165995114705,0.47024477340042065
2284,URBAN,7.8485733913049,0.7952790844345966,0.10552527442238668
2285,URBAN,3.5339320648318067,0.2925640616145001,0.15659247776379262
2286,URBAN,6.748058607395978,1.0483618804753914,0.2563595975574135
2287,URBAN,9.668815485179378,3.8356879381035762,1.0856302149371428
2288,URBAN,5.755288232641521,1.6019570782513766,1.28143807778004
2289,URBAN,9.804412668530027,1.916245103096067,0.9899012903484977
2290,URBAN,1.9607707765414821,1.1025739536434973,0.7897535966760232
2291,URBAN,6.2790866192886075,0.33171254902200575,0.5835097772019903
2292,URBAN,6.4220972548266175,0.7273728259169212,0.6101970181153901
2293,URBAN,11.597773306200619,0.42698113659440834,0.36784479683988813
2294,URBAN,0.9029124957865714,1.4415334992130966,0.31119714306219187
2295,URBAN,5.7655687524171455,0.7020735371187554,0.41617969720678044
2296,URBAN,1.800959379740689,0.4995104857747752,0.19365323764960954
2297,URBAN,3.3339281957238516,1.9604747230858404,0.7150740380093926
2298,URBAN,17.267135877668593,0.5642870008463263,0.36263021152035496
2299,URBAN,4.219248703919847,0.2477309879331788,0.30126254648891254
2300,URBAN,6.542716602978478,1.908920519951432,0.8083591216984001
2301,URBAN,10.825918484047039,0.34551445040618034,0.615215082715101
2302,URBAN,8.780216898315569,0.9961005922188965,0.7655001189349836
2303,URBAN,2.1932530915282022,1.4955524099423503,0.821821876112889
2304,URBAN,14.80094156793612,0.6930300092262583,0.6883151249685561
2305,URBAN,6.123851586692908,1.9593934029095257,1.1022360109526579
2306,URBAN,5.936520696853233,0.36155368521660286,0.6971139323420031
2307,URBAN,14.735543173493136,0.8866893740261803,0.6503747622132775
2308,URBAN,1.5056374889113402,0.9540676175285958,0.1764308304980523
2309,URBAN,3.3261431454806307,0.7693256115353692,0.2212023517962983
2310,URBAN,11.413870546393362,1.0055176113706805,0.39317030943652087
2311,URBAN,2.583375687992113,0.2035427239531331,0.30662800683869007
2312,URBAN,7.5539352869611625,1.3302534567522135,0.4257778561996788
2313,URBAN,4.393345437527208,1.8552130489166296,0.2553765075382451
2314,URBAN,5.425315600267491,0.9316346236038822,0.39774182608318565
2315,URBAN,3.569777413579239,0.9564553278282011,0.02572301276168008
2316,URBAN,3.8609957855583565,1.02274387520654,0.29238331649363947
2317,URBAN,6.4601497573799955,2.5855709882027553,0.9952490647118931
2318,URBAN,7.061504295635656,0.9774840705335609,0.8563527395610537
2319,URBAN,6.962180983260838,1.6243045660737636,1.0950508027230534
2320,URBAN,12.883084369559239,1.7489877920425636,0.3115092975008657
2321,URBAN,7.5740661719027775,1.4044892064475076,0.2816216498679598
2322,URBAN,7.583547219671711,1.4888544960743955,0.5520191218298682
2323,URBAN,8.6406340850109,1.495956981273952,0.7919963125465914
2324,URBAN,11.549751913158412,0.9576931380097875,0.7932703919172646
2325,URBAN,5.00965540628533,0.058412447884256716,0.5687999375520743
2326,URBAN,7.818660053117554,1.6664748954024287,0.6507009354697493
2327,URBAN,2.3586554270757842,0.6266737272513576,0.6165363770404287
2328,URBAN,5.8963954420041595,1.1208028770728882,0.6017784432777803
2329,URBAN,10.738546580062534,0.9501811459792852,0.4139254445943407
2330,URBAN,7.866665071665049,1.7153757896530033,0.7169222138610697
2331,URBAN,2.774322733870211,1.0116048570012048,0.7880148936267404
2332,URBAN,8.656210827139335,1.026049996726016,0.26159376259981354
2333,URBAN,10.508650565496614,1.1219601562509085,0.26080452968736045
2334,URBAN,3.8658031591936286,0.44434891255528003,0.20791056404396424
2335,URBAN,10.400596008791043,1.4311715246399703,0.3142830983026973
2336,URBAN,7.648366664947584,0.39619653527249615,0.3370000453809765
2337,URBAN,8.224702823300442,1.7440547208957993,0.6003178190654745
2338,URBAN,7.377997886250903,0.4060959777336474,0.5501905004293222
2339,URBAN,3.1606288586951,0.8838118785033077,0.279643364524078
2340,URBAN,7.401158575397182,1.885477888627868,0.6665191934612441
2341,URBAN,2.5143362013036805,0.8109267856998843,0.24794591532310808
2342,URBAN,2.9851871092890465,0.7712605794245362,0.40184850737998523
2343,URBAN,5.746304677920704,0.6040088701593832,0.2624743251387822
2344,URBAN,6.320393624921508,1.9371882041868913,0.4437356733570964
2345,URBAN,6.662255355938055,1.5584370403518655,0.5588437404126199
2346,URBAN,3.502198516391914,1.134854741174803,0.7345503258049965
2347,URBAN,8.137473879973683,1.8015161420593602,1.0495779268504128
2348,URBAN,6.876053957307647,0.36463566058771774,0.7574616370565329
2349,URBAN,6.75703482980013,0.947024800658899,0.31126088892816045
2350,URBAN,5.447878719572145,0.7973134728682874,0.04085146824480015
2351,URBAN,8.363290527527667,0.6387612573498217,0.17752936414375373
2352,URBAN,5.517739774332552,0.23601316402998046,0.07919945713125767
2353,URBAN,5.8170276366834335,2.2494868415884994,0.6812864755981326
2354,URBAN,9.199216549705524,1.279663358743266,0.7551839644720132
2355,URBAN,3.5555574979989593,0.5679345140723473,0.5407354826109041
2356,URBAN,3.522604157288537,1.1303756136095455,0.700636258313708
2357,URBAN,9.105650856108491,0.8562453171082847,0.7638443162149892
2358,URBAN,4.654306958114006,1.107078199829671,0.8993176395729062
2359,URBAN,1.7101293097521875,1.4731199357566622,0.6068372114919741
2360,URBAN,4.083563816787599,2.022866721316012,0.8554618464738581
2361,URBAN,3.7166776603606717,1.0827205310236856,0.5618881276866484
2362,URBAN,7.39829213276839,0.8453631526490265,0.367786404676182
2363,URBAN,1.9788633690151305,1.6814542376064356,0.6903834468410975
2364,URBAN,5.392073889303298,0.7804509006120712,0.6982188303376136
2365,URBAN,5.367125130116098,0.6164692010036684,0.32894315378791095
2366,URBAN,9.948445150622527,0.8814558005628109,0.26226077717708984
2367,URBAN,3.9518505721477797,1.304523943420562,0.22613609598869638
2368,URBAN,6.774510849848262,2.320115327887815,0.8458846544619318
2369,URBAN,7.007882890806924,0.9175874378893639,0.8763784780624869
2370,URBAN,4.385126065324534,1.1665508657661405,0.9535359385176634
2371,URBAN,4.578811920412121,0.8394684526541695,0.6330833122329331
2372,URBAN,5.069032040797199,0.9416531245785734,0.48942323001575844
2373,URBAN,8.493009200683433,1.1317454011087267,0.5675313006214
2374,URBAN,11.868574402708237,1.1288868586089422,0.4747921176654148
2375,URBAN,1.7056678262497855,1.188495330079035,0.686504929752449
2376,URBAN,3.6340538073001603,1.0584165342972502,0.8358354784675266
2377,URBAN,0.41307672252805283,0.9562182081757025,0.9048193213833736
2378,URBAN,1.546829469372703,1.4920640536454208,0.910556766828193
2379,URBAN,8.559048759165979,0.5853747995137706,0.5711691103371063
2380,URBAN,5.484077200082282,0.5678403851858658,0.32395893553762534
2381,URBAN,5.083247393652145,1.3664111258008471,0.22388402938141905
2382,URBAN,1.745999791148277,0.6948821144577156,0.2520380280870041
2383,URBAN,3.6785450316188086,1.5128475489053268,0.6428606588817373
2384,URBAN,3.259630290053855,3.1120813722475362,0.7821371883418665
2385,URBAN,2.0480930790688423,1.077590318007602,0.6521429498674248
2386,URBAN,8.453359257125474,0.19866631212569869,0.41826578824682226
2387,URBAN,0.6945424812368645,1.4337030471968946,0.6226776915431338
2388,URBAN,10.944008379706922,0.488907195365492,0.5788957403049724
2389,URBAN,2.9224216128436087,1.1712606321406522,0.6289915521123486
2390,URBAN,8.26266839641163,0.21235380910205817,0.4497315949531788
2391,URBAN,3.720421355844219,0.7629967866182095,0.3840408560694222
2392,URBAN,5.512235889745169,1.2181055984387383,0.6214031144697297
2393,URBAN,8.410838074784275,1.861755870459771,0.9827765186094176
2394,URBAN,8.646637926152943,0.7928241134698535,0.8221266421053304
2395,URBAN,4.106219419473995,0.5693037880323438,0.7532758287683282
2396,URBAN,2.9994487002682133,0.27446699411826636,0.6179289173519639
2397,URBAN,3.0672421091217954,0.409665783488163,0.5493877429472014
2398,URBAN,3.9778673940583724,0.64211785944238,0.22870639162195405
2399,URBAN,6.834944286409297,0.4049842682576554,0.17612304222842776
2400,URBAN,4.781092890480541,0.13665666744178193,0.13854069072660666
2401,URBAN,14.832755283537605,0.5448510562796629,0.24774281161718562
2402,URBAN,7.87588738928352,3.702153332647072,0.9339838015700851
2403,URBAN,8.285667551105533,1.7905974975407144,0.9486834804310457
2404,URBAN,4.649867080194612,0.7947450116709578,0.4840569111993343
2405,URBAN,7.101331508227329,0.7840886583911002,0.18696273028083088
2406,URBAN,4.648598414702091,0.9174302220900512,0.1474831978108654
2407,URBAN,11.67194569975529,0.5629312810114202,0.07867747340553334
2408,URBAN,0.84961866043315,0.8355842970296057,0.31847114540606447
2409,URBAN,6.919337869230684,1.1053590306614578,0.5776657471143258
2410,URBAN,7.025858360867517,1.1884941455633935,0.7008929881146736
2411,URBAN,5.275095051303534,0.7760464881141902,0.5263430106871407
2412,URBAN,4.581107238686156,1.0667533684493928,0.22398234176371792
2413,URBAN,6.316412040360338,1.1782328475707904,0.5202594480531789
2414,URBAN,8.786655230943014,1.438826103995958,0.8183009770961601
2415,URBAN,2.8013388040553417,1.317565363922137,0.9747924822637765
2416,URBAN,5.512468080137646,0.5496639594678074,0.7996916790309279
2417,URBAN,3.103807231175153,1.452424531369391,0.12666815437180898
2418,URBAN,1.8864435536294373,1.0239971349137211,0.40420246378929064
2419,URBAN,4.247625351364352,0.16310850436146945,0.23818111875555328
2420,URBAN,9.295092581920485,0.39123471580226454,0.27190492170203767
2421,URBAN,3.6841324012287053,1.4317658945904754,0.4889258054642876
2422,URBAN,3.1757475181495884,0.7701423274462382,0.5482814279457142
2423,URBAN,2.4708434638787153,1.7745317262331681,0.8157981434326269
2424,URBAN,9.202348425783276,0.6539282425657549,0.6139612620721785
2425,URBAN,7.667405974021772,1.1976419088493528,0.386826768214962
2426,URBAN,8.592934060671295,1.4393269173452674,0.36165039886795003
2427,URBAN,8.498440947044573,0.8151232206847019,0.17653510716739024
2428,URBAN,4.702031637419477,0.7822060080462101,0.3650555357054456
2429,URBAN,5.8094876741134716,0.4108822412580098,0.3478440145318831
2430,URBAN,8.884979967029889,0.9782539564004298,0.23544664672325671
2431,URBAN,7.687280664088148,0.954025283779261,0.21157061931265878
2432,URBAN,4.7879840263380355,0.5720177723042672,0.09078085413338317
2433,URBAN,2.0780403928523636,0.5139076894184638,0.21522969235228415
2434,URBAN,12.712745177662763,0.07360535421874499,0.13464774371389898
2435,URBAN,3.804921127603082,2.238862763026256,0.6825136766452311
2436,URBAN,10.166624830856314,0.6316205886067117,0.7108632221137338
2437,URBAN,2.5963688822187274,0.859736992451248,0.8053914401995711
2438,URBAN,7.284919918110733,2.06277817179725,1.2358030908206343
2439,URBAN,2.7093996664083737,0.8863526931899951,0.6373552785727588
2440,URBAN,11.46956425246867,1.358195949660724,0.8154492250280669
2441,URBAN,9.918815100276271,2.470663262292872,1.0401467631327614
2442,URBAN,9.653864020311039,0.17277022937713554,0.693126150221951
2443,URBAN,2.5765982789517015,0.9473459964476205,0.2927317625116669
2444,URBAN,4.537733803705542,1.2617379095936252,0.5736308762060272
2445,URBAN,4.937055302623685,0.5670622488931744,0.3703440798649204
2446,URBAN,8.973325146470687,0.6218628616218478,0.3860064973197456
2447,URBAN,5.151871927863877,0.13545554204791654,0.2990565754370562
2448,URBAN,10.08325049938369,1.2014453912555174,0.43896165595283765
2449,URBAN,4.334880616023259,1.2732084931131062,0.14134924690458325
2450,URBAN,1.3661961556935305,3.0041916044430605,0.8173616636011135
2451,URBAN,1.606324702690183,1.5833709012042527,0.812666816340967
2452,URBAN,6.573415061183749,0.7965727568308331,0.6988263862302492
2453,URBAN,8.768904794215347,0.9368957852041534,0.6860106785563461
2454,URBAN,4.391602247861861,0.8597994492770716,0.3133668881870453
2455,URBAN,5.327505345026141,1.4670275635473728,0.23721459089090782
2456,URBAN,3.4934978984243283,0.6955941936623274,0.35428233555050126
2457,URBAN,7.224189643189207,0.7793036255855308,0.34154852993236245
2458,URBAN,6.405665702841167,1.344482953605334,0.5851548462084372
2459,URBAN,5.543909282270572,0.531652044517638,0.526933774970609
2460,URBAN,12.16091655272438,1.005752842304193,0.19865375215731457
2461,URBAN,2.619449288214517,0.6288948822745689,0.1525380725861477
2462,URBAN,15.05448398553975,2.078106520564864,0.4943356231416717
2463,URBAN,3.1416655874909134,0.8140057953290963,0.2868075144842314
2464,URBAN,9.286214537485456,3.024306315760388,0.6826051383074985
2465,URBAN,5.241373793766419,1.2832421270909122,0.8018485676736207
2466,URBAN,3.590242931686698,1.2004253857107592,0.9174948088001434
2467,URBAN,3.266629736494221,0.7034705452656788,0.45006744400745063
2468,URBAN,5.88795443765929,0.5056951773812745,0.4565992748001488
2469,URBAN,2.2880293357389614,0.8097608477054836,0.4871876359916202
2470,URBAN,6.79164814434816,1.4191424449407952,0.726766111743425
2471,URBAN,5.531392681085292,1.055419702457118,0.7139454573310964
2472,URBAN,8.751967979370928,1.9692935377112744,1.075952385627306
2473,URBAN,1.460318819040791,0.4578568393340331,0.6827910053406412
2474,URBAN,6.4047453471856315,1.4800100863802783,0.4730801773813162
2475,URBAN,8.111619479316724,1.3639078185862228,0.7198372031384227
2476,URBAN,4.713688255570048,1.0187329594990622,0.36119672368270167
2477,URBAN,1.9123208815613575,0.8568131220036752,0.4852176237487222
2478,URBAN,1.817751596026184,0.9905375987799426,0.3885088426498492
2479,URBAN,2.915489604081094,0.7159750888464542,0.22819066925021514
2480,URBAN,3.4496815386112996,1.0162142197159119,0.45217879030084274
2481,URBAN,4.768953863811967,0.924616488554571,0.5408017086103815
2482,URBAN,1.1777963847439887,0.7338033638705089,0.54927145598037
2483,URBAN,8.941405117281445,0.9532104035570798,0.662831529612326
2484,URBAN,5.0787457545161185,1.821614853734848,0.7788451098690934
2485,URBAN,7.8497862124090325,0.5120720301004045,0.4118475774748024
2486,URBAN,5.130010327924997,1.7699408986503888,0.3562104759396157
2487,URBAN,13.509343578751979,1.5381248064265167,0.5183212067745964
2488,URBAN,10.441270898515578,0.18132024831261875,0.33682115334959395
2489,URBAN,4.950275447112534,0.7756454400920116,0.35079826372739586
2490,URBAN,2.004185764138838,0.5119655878344509,0.38761916139739533
2491,URBAN,1.2524899909798197,1.3303061727756134,0.5220176489904425
2492,URBAN,9.291000979568393,0.7647190266112882,0.4870972166569778
2493,URBAN,11.241263929611064,0.9660054422241315,0.39992440118819395
2494,URBAN,3.9488525194814796,0.32715241739501266,0.34895932896129267
2495,URBAN,10.230657564097534,1.2419798877217496,0.6183940511563476
2496,URBAN,9.608541996443513,1.017271478432121,0.6884138291591728
2497,URBAN,14.839739538539858,0.2377264978180022,0.4721333291617714
2498,URBAN,1.5705200471550584,0.631710689495433,0.24091434698766473
2499,URBAN,9.628414859806245,0.7142962166255117,0.13201635343046927
2500,URBAN,3.3457660903029427,1.0314929849249392,0.2985320888574754
2501,URBAN,4.139447005216937,1.0113984190476508,0.16728719580190038
2502,URBAN,7.3383162285563355,0.6171076331275949,0.296457988907145
2503,URBAN,7.810773656675908,1.5867123385505646,0.665355867766466
2504,URBAN,0.21282249083505544,0.9311441454815312,0.7399033443422921
2505,URBAN,5.463633222879496,0.6342484913631928,0.6775917682417819
2506,URBAN,1.6035415526813077,2.052920221558587,0.6819979943397699
2507,URBAN,11.640363040555322,1.2055943255843697,0.8586605276489453
2508,URBAN,4.408424747349883,1.0306043371228633,0.6256399190714008
2509,URBAN,15.633405916124772,2.264441501158722,1.0009960058056937
2510,URBAN,2.0006817487782125,0.479483045922323,0.6046229256476164
2511,URBAN,9.445384700848045,1.1309572216452477,0.6937515825881438
2512,URBAN,3.6202265212991005,1.329831892494768,0.16164032929742372
2513,URBAN,1.1475120448210832,0.7885421027194048,0.17345337635720826
2514,URBAN,1.4792588151323338,0.9634219015440443,0.18003210230749492
2515,URBAN,3.2172840340210347,1.4622221448431754,0.40726585892606815
2516,URBAN,3.6544881590555662,1.9313610288101832,0.6914903514856919
2517,URBAN,5.916266455842107,0.7759526926546938,0.68766960460919
2518,URBAN,9.804506664671313,1.5225625674542564,0.9116779971517928
2519,URBAN,6.621876654190679,0.6264473845252182,0.6598518139675661
2520,URBAN,2.6234340401049807,0.5509828091583289,0.4533783978844458
2521,URBAN,8.683505949980555,0.4800668620713327,0.21400416974964168
2522,URBAN,5.40080026219942,1.3874931375944828,0.24268713407789466
2523,URBAN,4.515672591923368,0.2941670389105658,0.26803254463495274
2524,URBAN,3.4379893553150325,0.3103535443634624,0.26825209266705696
2525,URBAN,3.9697497860156914,0.7891982411453922,0.42967425345518356
2526,URBAN,4.54122710599089,0.08173266831935073,0.3017713378697824
2527,URBAN,6.024157202677265,1.3989213388072572,0.19894652207643493
2528,URBAN,6.633069060359692,1.17995482662617,0.49971662862453375
2529,URBAN,9.145958413370652,0.8893307119869525,0.6359480400254722
2530,URBAN,5.789629858295588,0.7092358055137281,0.37123898126677457
2531,URBAN,11.424657714688351,0.86234956055072,0.3713575607978797
2532,URBAN,3.0933654163859527,0.6282697193166303,0.1971797645387827
2533,URBAN,6.071204093558256,1.2703088902822073,0.5152627509854453
2534,URBAN,7.353081569149828,1.751642471318428,0.9200121768424074
2535,URBAN,9.014157234516624,0.9981155042213146,0.6144467500980783
2536,URBAN,1.1566207122351397,0.4169670170006276,0.37860379346693873
2537,URBAN,3.0277999784807954,0.7465965051625982,0.21243208179567566
2538,URBAN,8.299052275513274,0.7864827810660827,0.19767829234208492
2539,URBAN,12.79743632070012,0.9694586634693102,0.22243872555379768
2540,URBAN,7.789425111056958,0.29483400643839636,0.15739281007087375
2541,URBAN,7.753398469744476,3.2343738646224915,0.8987132254766691
2542,URBAN,4.047619412252752,0.8449725216285096,0.3919140912730658
2543,URBAN,2.435326530734973,1.0675543621208294,0.43062924572296535
2544,URBAN,1.2614381001573371,0.07626600800574083,0.3251752529439316
2545,URBAN,6.251891703039752,0.9973063500168446,0.10995727916549297
2546,URBAN,8.128155623245151,1.970983466761658,0.6550691027120364
2547,URBAN,9.27856739871903,0.9942189895848157,0.6940074939223191
2548,URBAN,2.2683067647436994,0.10901798263190401,0.5267318900902112
2549,URBAN,6.503300982467944,1.2818578072921907,0.5423502293474948
2550,URBAN,9.264986786942412,0.7838355744435896,0.5351320775845883
2551,URBAN,8.707732090776133,1.6291035758886252,0.8480900665607973
2552,URBAN,7.936151484787324,1.440846365592976,0.1781105770927183
2553,URBAN,6.071147361174734,0.49243237207354146,0.1992103152830613
2554,URBAN,5.109723713584333,0.8317866059094169,0.3550725752131683
2555,URBAN,6.342994874152885,0.7334198822346533,0.0697336067794468
2556,URBAN,8.060096992409571,0.45264129995336827,0.1594408170557502
2557,URBAN,6.58421135295208,1.2339998487416752,0.47944279622444563
2558,URBAN,4.227975812046905,0.2793740638883859,0.35662770624693096
2559,URBAN,7.856022085999041,0.6680052770438102,0.36177887544872167
2560,URBAN,7.39449632303988,1.4661863386341663,0.2147418985616266
2561,URBAN,9.717415448499235,1.1843351916770055,0.23575671816044796
2562,URBAN,4.7262145068419565,2.012150092843268,0.7591936796055561
2563,URBAN,11.193636284091507,0.9039175032167811,0.29071994791800865
2564,URBAN,2.8299857247370874,1.922738703629682,0.45509184974529554
2565,URBAN,11.208845345554018,0.37990434858380884,0.2632503788855688
2566,URBAN,9.917573905124998,1.2168732600092205,0.25178544954209814
2567,URBAN,3.944270694224377,1.2676544333389077,0.36679908922163496
2568,URBAN,1.28130818032486,0.6190872819409537,0.06429014272834423
2569,URBAN,7.435541567383797,1.0248823752845995,0.29881862121949276
2570,URBAN,3.628049316003061,0.232824145465803,0.2659966053514217
2571,URBAN,10.871622484703352,0.5626709180538136,0.361963256640224
2572,URBAN,2.981118217248184,0.37874642083431875,0.16897697524529134
2573,URBAN,14.009087395573454,2.2987236202117596,0.7555153334852461
2574,URBAN,1.8726569367306631,1.0606865485213397,0.23083398937088398
2575,URBAN,4.222326137232648,1.130600807367195,0.3667565162044979
2576,URBAN,2.0205658040000647,0.48373199872953443,0.33593105635125114
2577,URBAN,5.433115198093074,1.3622741228473136,0.47087838985503944
2578,URBAN,4.587151566252605,0.9567308245712363,0.49907567047477563
2579,URBAN,8.151719705895816,0.8815899179296947,0.573998564241406
2580,URBAN,9.933431832056579,1.7119375532221244,0.8556346927117647
2581,URBAN,8.2411724434063,1.637729059953689,0.28122991675192377
2582,URBAN,5.9090316802802425,1.7599095198274335,0.4658339280527025
2583,URBAN,3.5090308808058723,0.7501491484953006,0.4831198339674628
2584,URBAN,3.7340790567030036,1.4486566440692812,0.7654388180668698
2585,URBAN,6.057788246791028,1.2009231479232738,0.39245896524455387
2586,URBAN,5.3276875034520526,0.43068017019190774,0.4004721009661193
2587,URBAN,5.629567882043051,1.6556421801766124,0.7548335632694781
2588,URBAN,7.179992641063452,0.7177379385418421,0.3309195905318437
2589,URBAN,2.7868331951588465,1.4020134143715408,0.6497645246564984
2590,URBAN,5.111271825397313,1.8871581449292103,1.0520720992380628
2591,URBAN,3.5039633884943746,1.5038156274623795,1.1318582877609646
2592,URBAN,10.634689594969558,2.351047491448234,1.5666480461315961
2593,URBAN,4.493193595420005,0.38851754871118455,1.1646468115129522
2594,URBAN,2.9087219714563437,2.0248186726110973,0.840425137066225
2595,URBAN,5.202384542445562,1.1019147517155325,0.8355680546252318
2596,URBAN,2.581346523376555,0.16681533492814787,0.556040133499534
2597,URBAN,14.730923990154867,1.9921400356874843,0.28148304845801675
2598,URBAN,4.65575110507226,0.7326891751824209,0.14462234851196887
2599,URBAN,5.998735197465842,1.1338818488264597,0.31419498931736256
2600,URBAN,2.028598113462674,1.2438536311881443,0.6567499522407846
2601,URBAN,7.295067685455522,0.6584625821103988,0.4813169885465935
2602,URBAN,4.052530337138245,1.5308083457933603,0.855513006686367
2603,URBAN,6.390570763635316,0.741007312763332,0.4814698416244226
2604,URBAN,4.454180282583906,2.0048498051557555,0.9261601769649942
2605,URBAN,8.786820556256806,1.6487374177264857,0.8551665074311829
2606,URBAN,3.7838122051441516,1.097872967824307,0.8045705614718106
2607,URBAN,5.5718913977010756,0.4666142340445434,0.5098586558332463
2608,URBAN,3.30930699522195,1.5531499419299675,0.45983378360850075
2609,URBAN,4.442357229469815,2.353030006430916,0.4935557019292135
2610,URBAN,6.847810072284484,1.0703401659065597,0.6714569722658185
2611,URBAN,6.88988410237674,0.31518583963322966,0.5467129927742422
2612,URBAN,6.299382860010403,1.0370932462349982,0.5880759961203295
2613,URBAN,2.894228895840779,0.5304445319375285,0.31128512515457735
2614,URBAN,6.470266941802852,0.9739385768941379,0.09608984670800592
2615,URBAN,5.666749851924073,1.1861665758243527,0.29250412349996424
2616,URBAN,5.910831557773833,0.8556227662731416,0.4766455997120221
2617,URBAN,2.1916621978898423,0.980944075036787,0.3600430951111906
2618,URBAN,7.874420695925642,0.5587481224425798,0.09748103282707271
2619,URBAN,1.6555557894795865,2.016675310221702,0.5949558190566324
2620,URBAN,6.261329153963397,1.3282928674313847,0.5833056722559051
2621,URBAN,12.108136963612642,1.4403163190689992,0.21332599409521677
2622,URBAN,2.922801675784663,0.7986199761374003,0.42175567482851795
2623,URBAN,4.17792709155088,1.393509885497052,0.6620534869025346
2624,URBAN,5.42200894983508,0.793726325244384,0.39848497045259285
2625,URBAN,4.337122039865805,1.1472935155567157,0.5325663777124795
2626,URBAN,1.0030841520875933,0.439493326068606,0.3162667421169093
2627,URBAN,4.637145022568135,1.6172780586462046,0.28645778723821197
2628,URBAN,2.4664879782739635,1.0818105661974882,0.28633245115385225
2629,URBAN,10.196117805912081,0.8013177402425716,0.4357493374543951
2630,URBAN,3.7120516896444418,0.8425592957639112,0.5175033442043552
2631,URBAN,9.175530452009195,0.3864775796120503,0.47875545577209133
2632,URBAN,2.4545867432736785,0.6127461771909897,0.2085003534882386
2633,URBAN,10.580267658046482,0.6302425332526332,0.04980223738378523
2634,URBAN,11.821642963349868,1.5960252894566302,0.49946845546906987
2635,URBAN,3.4803737502933383,1.6246343692741845,0.3404842895757162
2636,URBAN,2.9417663562189267,0.780180330319373,0.1434516347962257
2637,URBAN,4.739980321378392,0.9742574965106372,0.3782703132025191
2638,URBAN,5.408868255676091,0.581431056447357,0.40012410971861967
2639,URBAN,4.355161818199891,0.9336712641047981,0.11980146166831486
2640,URBAN,5.738188017482877,1.349859455111998,0.3718908790104347
2641,URBAN,7.375799030028858,1.7156848380731986,0.466530832984214
2642,URBAN,5.140170358718186,0.6833263969236789,0.37235911278575584
2643,URBAN,11.757881558945874,0.7113436878263957,0.3160878261215228
2644,URBAN,2.116380448237815,1.5276785730227993,0.5192044592187185
2645,URBAN,8.46665668439411,0.9334195416411405,0.6229204542437695
2646,URBAN,6.974454642033361,0.39704091239555883,0.4183907555529342
2647,URBAN,3.6865819058799216,0.4662802094919446,0.3810254983042177
2648,URBAN,7.578932307366388,0.22691080825205695,0.2793856716989609
2649,URBAN,5.715495340276393,0.3088159110701012,0.11718315369686923
2650,URBAN,6.282812029800694,1.0141930308543528,0.36175372663641525
2651,URBAN,8.479542414375683,1.1301472593848008,0.6313142875736876
2652,URBAN,12.791733375716273,1.3494811031246696,0.05250700756690849
2653,URBAN,5.493969484444168,0.7934481843350009,0.22768935589860725
2654,URBAN,4.635006488156068,0.4405023719430388,0.2755039284236972
2655,URBAN,9.441050127907676,1.267673231005635,0.5737687821239945
2656,URBAN,5.091485652134821,0.4878102668763981,0.5558869210815545
2657,URBAN,3.812676136552809,1.007707459120563,0.6391303325481501
2658,URBAN,8.473285112853882,0.6461958581797185,0.43906320943080596
2659,URBAN,9.209655616289803,0.4044245539563397,0.4253306705169316
2660,URBAN,4.792646338690997,0.8730358916240801,0.49334937693424713
2661,URBAN,3.5626375148891207,0.9162934982312255,0.4561404407096187
2662,URBAN,9.992388972121615,1.5653301584004062,0.44864234054052693
2663,URBAN,5.13479209518964,2.2383320775788755,0.5831315568250506
2664,URBAN,8.052888623443092,0.45240030428833533,0.525473525246241
2665,URBAN,6.478422251583032,1.4772004919530743,0.09449361736916428
2666,URBAN,3.0053598016157723,0.46934969280020766,0.18331434686795112
2667,URBAN,7.634008152890021,0.8187073506853553,0.0974763886901373
2668,URBAN,12.626734869426421,0.421298665236723,0.06788591285093912
2669,URBAN,6.045544081451505,1.1723712320901623,0.3022489333939259
2670,URBAN,5.1075108551462005,0.6430665096970686,0.040943435066673584
2671,URBAN,8.220468890821131,0.5306884251806993,0.11745456529941889
2672,URBAN,4.469871474382814,0.38130051751829214,0.1438694972535399
2673,URBAN,12.777406404295618,0.27526103255675266,0.08351899282577696
2674,URBAN,6.934583011182927,0.21503922880008802,0.02254520967540603
2675,URBAN,6.2088491415954365,0.8152184829314402,0.219288868051119
2676,URBAN,3.1575695664926373,0.8569935241918,0.21906017664000688
2677,URBAN,5.0058382581503365,2.404503253337373,0.6467940784082079
2678,URBAN,2.4098959099140105,1.464837622350853,0.7584277807172755
2679,URBAN,8.965030104229996,1.595908387551658,0.39441057504766097
2680,URBAN,7.287010104889037,2.348295919898258,0.4078938989817545
2681,URBAN,4.88854599357231,0.2152865988173447,0.3516620189077321
2682,URBAN,15.427609737405845,0.835870058224528,0.277214031650685
2683,URBAN,10.729549835614153,0.9121369910959589,0.33434826297278636
2684,URBAN,4.532210275490955,0.17175004003516442,0.2532666610014076
2685,URBAN,12.436616233812854,2.1506867772644527,0.7952393201961524
2686,URBAN,4.732246861857011,0.3533997858704156,0.6570570426937449
2687,URBAN,4.7474069581992655,0.9103355578025097,0.5978122697158147
2688,URBAN,12.203281553219217,1.321184893973296,0.48958767980205214
2689,URBAN,5.269910303836032,1.6097351320636424,0.11552247497849186
2690,URBAN,7.121648368915676,1.4765726010946514,0.41434283765044927
2691,URBAN,1.575931620794728,0.8179769702621945,0.46094143327052894
2692,URBAN,10.124962896681541,2.501465991996275,0.3924063442556166
2693,URBAN,3.8796487741070287,0.8216492216285581,0.19905047904156561
2694,URBAN,2.8045958109949822,0.8186616193258479,0.34613365050448924
2695,URBAN,12.085382028642604,0.52856939144889,0.19309867971402095
2696,URBAN,3.183744306137932,0.2483385491289342,0.0786240587086981
2697,URBAN,3.571628723639487,0.8568165646094107,0.20227405903398574
2698,URBAN,5.060785175764384,0.5529224467198548,0.27978810542146043
2699,URBAN,3.150977998005886,1.4097305900487187,0.5865421179463368
2700,URBAN,7.065895558841254,1.141611943992996,0.64066346246281
2701,URBAN,0.6424494661132472,1.365959067624731,0.628859746267386
2702,URBAN,4.437284761288116,0.2820199067543365,0.3810193232130298
2703,URBAN,7.930406315008542,0.6119902186683355,0.11672865575458599
2704,URBAN,7.866458366348822,0.9640078804947037,0.1951226488075769
2705,URBAN,6.773289984874368,0.9646604772675852,0.1337927127014245
2706,URBAN,2.9000384835212056,1.1371082893912121,0.4151339285021079
2707,URBAN,3.9330033930575925,0.5441037026095545,0.36021965489473406
2708,URBAN,6.202944705315852,0.4952120989305633,0.407150405104641
2709,URBAN,7.766744419981677,0.8156320559909856,0.5021770650273446
2710,URBAN,6.981510179154514,1.9022212936589036,0.39149866699354
2711,URBAN,3.7476939777658127,0.14912256307803615,0.3222772286100783
2712,URBAN,9.695721566367304,1.2208711079953503,0.3934806305568566
2713,URBAN,5.378019200824932,0.8073801802280489,0.11957451210772332
2714,URBAN,6.2255966252778,0.5545703766813163,0.10001259365992853
2715,URBAN,17.41928712552844,0.33032884803182083,0.01996513434197489
2716,URBAN,7.13033792302717,0.5317780561530522,0.12620572855913026
2717,URBAN,5.913540463372398,0.26252351197345625,0.10111564551094537
2718,URBAN,7.253125374846845,0.6708161975366912,0.20547788051317886
2719,URBAN,12.550851832423083,0.9300508316004389,0.15362948549046687
2720,URBAN,6.5406897080343995,1.6705359574633427,0.45262744148527717
2721,URBAN,3.0863508602150134,1.249199276174262,0.672867767474418
2722,URBAN,5.2777088544521735,0.1910795388015787,0.43273887708731235
2723,URBAN,4.8391186000397175,2.052311284788338,0.3832579410503416
2724,URBAN,13.498496073743523,0.8830823617421966,0.31316631441227194
2725,URBAN,15.5887727113577,0.8154196687746902,0.4323748672261653
2726,URBAN,8.132669172165963,1.4403438905419133,0.6508908409005001
2727,URBAN,4.172410801888427,0.22677321808822998,0.478182564431033
2728,URBAN,1.6277667023051392,0.22256229382058246,0.37393494570630215
2729,URBAN,5.584752785066458,0.8911392367703821,0.4705699351944162
2730,URBAN,1.4344146031260305,2.2504734929176435,0.9550692584747645
2731,URBAN,3.2106986400028776,1.2167464788834321,0.6307308192539852
2732,URBAN,4.716983244180724,0.37360253842583463,0.3856035714304076
2733,URBAN,1.5131547039868616,1.5712347043816792,0.21797160479561298
2734,URBAN,7.671914808076113,0.5520651043854667,0.014987142484282779
2735,URBAN,5.163027058124127,0.7652158780100407,0.21009879077925303
2736,URBAN,0.9519974426145543,0.7612985038775189,0.2500024272551603
2737,URBAN,5.265623739191098,0.754022910057551,0.07819591870560567
2738,URBAN,14.751664088174456,0.6722163152407462,0.21331079903215996
2739,URBAN,5.463829855533873,0.4613281378650276,0.24933860284343862
2740,URBAN,7.221009029743882,1.3650159410280915,0.25505724631725374
2741,URBAN,6.33369705734075,1.2659696732149206,0.378800635806059
2742,URBAN,6.0481301357840715,0.6720092705222777,0.3905531846933439
2743,URBAN,3.8772649031995443,0.4696513940132798,0.18994282643502747
2744,URBAN,3.931542859873579,0.6043602217500804,0.2795244580690276
2745,URBAN,3.5585969977212084,1.644185882848232,0.2612963887296973
2746,URBAN,4.729900360370494,1.18298903775437,0.27691252163302116
2747,URBAN,4.004312203854357,0.6399118929096512,0.03778623918481324
2748,URBAN,1.80615298537894,1.264561386593753,0.3560784544735435
2749,URBAN,2.009723283438291,1.752424669426546,0.5413992319128438
2750,URBAN,10.47913524376553,1.9692279072951488,0.7308278785626574
2751,URBAN,4.7521087230996875,1.7277435356735409,0.8165706697200412
2752,URBAN,10.35779819498475,0.5749190767717542,0.7473213915918925
2753,URBAN,11.37881782406775,0.1718510024344006,0.5316169584899606
2754,URBAN,10.144803920741762,4.88319591452527,1.3986034978862167
2755,URBAN,10.686178392615103,1.042651111523858,0.726833020787042
2756,URBAN,2.9419573138172854,0.5141580317625873,0.4628009762293779
2757,URBAN,8.048182339865045,0.2709597503339479,0.4057476968125062
2758,URBAN,6.202145547564362,0.18126241301053148,0.30194277859257374
2759,URBAN,12.327929174846835,0.6352653819919948,0.2924233302508091
2760,URBAN,11.822226846735767,1.3840556629834166,0.5002585248579744
2761,URBAN,7.15576747958139,1.5320268662104153,0.5776108901788974
2762,URBAN,3.0534281870387576,1.5086785377306546,0.4392029512111515
2763,URBAN,14.995200118009127,0.5526453146492043,0.3724972962036828
2764,URBAN,9.465757063300323,0.9352685191716137,0.4637332942853099
2765,URBAN,5.577120216366236,0.38875134736328204,0.32323621110109463
2766,URBAN,6.813725115437581,1.5947918005779496,0.31485070055908265
2767,URBAN,10.655517474123268,0.8435369676401523,0.328765580201559
2768,URBAN,9.349891937905737,0.6131405019228047,0.3856381013258404
2769,URBAN,12.849386982412959,1.0662843865664986,0.4319183577137665
2770,URBAN,0.33917329676231717,0.7720580597243751,0.2770671866429634
2771,URBAN,5.688597948409014,0.9189878099709455,0.3305085703563435
2772,URBAN,4.647510243931116,0.757789227963276,0.3495985653024055
2773,URBAN,9.356402893109165,1.0058485879209902,0.15425855699661406
2774,URBAN,10.478073680680538,0.8793396064362897,0.3564030877609138
2775,URBAN,6.086936105061495,1.4468962687358442,0.3932523787719972
2776,URBAN,3.6356704610067583,0.8590469432789328,0.36481245028662973
2777,URBAN,6.295680614750237,0.45916708216211005,0.21373948785416613
2778,URBAN,2.6158598081873747,0.66316552320377,0.0901049201083263
2779,URBAN,5.078055931961946,0.5526594337754838,0.19088244766015822
2780,URBAN,8.162067110477313,0.20441536291265838,0.18429648964910023
2781,URBAN,6.246238330111038,1.3034390754200924,0.32253935819581375
2782,URBAN,13.09187846153969,1.1264694208286483,0.5190178947612908
2783,URBAN,8.111855367881594,1.3526294358184303,0.48802581588477406
2784,URBAN,3.33649018746874,0.15256977658375953,0.3914651724409876
2785,URBAN,9.038404848768689,1.0621907130780506,0.5356531702469878
2786,URBAN,4.981797633899643,1.0318499023866923,0.6310484367494881
2787,URBAN,8.3575238087992,0.957851162175193,0.6532060655182956
2788,URBAN,12.596862045703265,0.4747658567518088,0.602733425518992
2789,URBAN,11.046584443819816,1.0026155319606778,0.6159160496707188
2790,URBAN,11.389589744791254,1.8133063789651858,0.18049229172565856
2791,URBAN,7.342288566999741,0.49128903169672167,0.11263928802355769
2792,URBAN,2.198159940982226,0.3991438118847214,0.158886600842528
2793,URBAN,9.9911816163145,0.46522323905518964,0.22462509335583666
2794,URBAN,3.330824562350134,0.6188127704691483,0.29041883774952265
2795,URBAN,5.486972377992197,0.7559666247763466,0.3878190387132499
2796,URBAN,9.061956448486562,1.7353127487036848,0.3461835030366489
2797,URBAN,4.898587101742495,0.5880916304214018,0.16021672801768597
2798,URBAN,3.258156667414854,1.5722693389712321,0.541387617933098
2799,URBAN,6.472159747375596,1.9251129277832666,0.9273033311222749
2800,URBAN,12.546421189096744,1.782482069519408,0.6077956383730589
2801,URBAN,5.298727287970332,1.682630812250295,0.5773743674437571
2802,URBAN,3.7929194829407877,0.40686957620434,0.5291782793900156
2803,URBAN,7.535921691448933,0.6334191715719774,0.5276428250887089
2804,URBAN,6.8518977231367995,0.8156694171627561,0.5954507289491555
2805,URBAN,5.8884199606868375,0.9687244864503299,0.5327664655371053
2806,URBAN,10.326317619857312,1.8880022172769848,0.5201919678148947
2807,URBAN,2.636482155300442,0.03716405890546989,0.3886355164084818
2808,URBAN,6.323608446668947,0.5981508681848681,0.16052790402032344
2809,URBAN,1.1540067851750984,0.5440288944776083,0.21148763088354172
2810,URBAN,12.46554356570773,0.9285935041389756,0.3663408103611788
2811,URBAN,14.06132104320587,1.0190628299731426,0.14182977924461648
2812,URBAN,5.9170366185150245,2.717250444771068,0.8168246297031627
2813,URBAN,6.842364148310149,0.7514987269837089,0.737739435688992
2814,URBAN,0.8086763761945635,0.801423867990015,0.7562015374016086
2815,URBAN,9.634933955581015,1.9200790351721566,1.085276531566835
2816,URBAN,6.187164996356963,0.9989342789206627,1.0602584964182256
2817,URBAN,7.818939054854593,1.2834026664090596,0.5151662308586734
2818,URBAN,0.7991464619079012,0.9693751778249624,0.5359801330253104
2819,URBAN,8.705889729654919,0.2659379501687392,0.37381867795811063
2820,URBAN,8.693348716456077,0.4769065659006959,0.3878132141415005
2821,URBAN,8.115905109472155,0.46885898246356417,0.18544474536053776
2822,URBAN,5.695833760037365,0.942817535635613,0.3730913933702259
2823,URBAN,9.699091805054147,0.36275441504904743,0.3450246069152892
2824,URBAN,4.959537105068365,1.011020276895809,0.31091089934981714
2825,URBAN,7.584032427916649,0.10674292190603117,0.23817342538671032
2826,URBAN,0.762970674916915,0.641486982955548,0.3461925498722067
2827,URBAN,4.86949279149752,1.2944851278433749,0.30408464260219825
2828,URBAN,4.826093181488851,1.0505064367231396,0.29494204747507297
2829,URBAN,4.655574789294161,3.6749786662769153,1.184266739032258
2830,URBAN,9.549038761872545,1.2453753896575874,0.9308482360032482
2831,URBAN,1.3700060916137968,1.2486798733488516,0.8225338251586812
2832,URBAN,8.093040854815467,1.6415642459448583,1.0253757305134465
2833,URBAN,7.942028401953792,1.2569808526478874,0.9954365857269621
2834,URBAN,9.477451270641273,1.6179233559421724,0.589880253931956
2835,URBAN,1.5632403813185582,0.9211130614965246,0.21195625416781763
2836,URBAN,3.1086238436010896,1.1103218387498799,0.46224091508272375
2837,URBAN,9.163414982354636,0.8011282664134345,0.12416933393008325
2838,URBAN,5.564987928097307,0.5502257742499672,0.17301153150893114
2839,URBAN,4.936987192341611,0.289720725582228,0.09608853858827082
2840,URBAN,6.842344656472883,1.3326133235895543,0.3963984777197713
2841,URBAN,11.362206273825773,1.7629335201595744,0.6326285166624837
2842,URBAN,6.1921805607492875,1.94834653130192,0.12254354008268925
2843,URBAN,6.49738955820768,0.839455762582863,0.15480176860122666
2844,URBAN,7.410482135917596,1.7622197313995285,0.4729862576940098
2845,URBAN,2.239888188654284,1.0581121471473989,0.607560400807661
2846,URBAN,0.8347233702304298,1.1166945271943942,0.7023957756104093
2847,URBAN,6.825500588218188,1.4073146023933543,0.8885174872808883
2848,URBAN,2.1364573910860076,0.5997189912592427,0.6798358982141189
2849,URBAN,6.992765107415972,0.7372602919008789,0.6501560547457792
2850,URBAN,3.256030614751254,1.811493487633326,0.31460183727087054
2851,URBAN,4.560891746807021,1.206204821312919,0.10104812998423816
2852,URBAN,11.965398351363858,0.9743395764588155,0.3411098785677282
2853,URBAN,5.559834225672211,1.3604325601740397,0.2598998927839748
2854,URBAN,4.442950136280434,1.5391676927488351,0.5120352665882871
2855,URBAN,6.7545887970010385,2.4428463496665445,0.5187563019981325
2856,URBAN,3.832556879657249,0.7008459098723708,0.42146981339788164
2857,URBAN,1.22197874226763,0.34024052511980996,0.2802421466579154
2858,URBAN,5.548926089944177,1.9841294839685124,0.6036783366389541
2859,URBAN,6.449955238510112,0.6867298505718432,0.5124188998995423
2860,URBAN,6.7270528954308775,0.5125070108626743,0.5124188207179041
2861,URBAN,2.134977533304142,0.8124133951182639,0.25788343720304685
2862,URBAN,7.034295355697013,2.3808517693598334,0.7298712484611126
2863,URBAN,1.4582447990871668,0.10932136948446762,0.5001613882799603
2864,URBAN,17.581775894395726,2.38837645332903,1.0449756689514336
2865,URBAN,6.67118824526463,0.39245021594707225,0.808125139478964
2866,URBAN,17.019552455416537,0.6793080019497237,0.3897290938599267
2867,URBAN,2.8908784602932376,1.8231093626241106,0.4150487052092459
2868,URBAN,8.7260383953972,0.6643982752889344,0.24543578595226492
2869,URBAN,8.105718050170784,1.5853208519163509,0.5224399320469473
2870,URBAN,0.07779192803790767,0.5787345039624204,0.5358843703846428
2871,URBAN,9.814702945730334,1.7949551867980995,0.7603423623357586
2872,URBAN,5.264895006847562,1.2661168469170607,0.6115964655478966
2873,URBAN,2.9501712275478966,1.0197384129667175,0.46280494587007653
2874,URBAN,10.058426280935505,0.5431492390781796,0.47594560461016844
2875,URBAN,10.883195475523108,1.7935274092619493,0.8352495767714441
2876,URBAN,2.822517905575835,0.7613578281436291,0.4439495717566362
2877,URBAN,5.560854786706007,1.4399408907758817,0.7280907655225655
2878,URBAN,5.260669548668353,1.148353768384937,0.8364430761143193
2879,URBAN,4.221132886321462,0.7102703513128932,0.7477618532991231
2880,URBAN,3.108724880942898,0.17087741043845214,0.5479695682968068
2881,URBAN,13.634895975319678,1.3708540377364304,0.23907734715239073
2882,URBAN,11.190812066426032,0.640980940611514,0.24724366568638576
2883,URBAN,7.350049506750936,1.6924046709010299,0.5918915383009383
2884,URBAN,5.600773458766609,0.22892027309830265,0.49024500355225153
2885,URBAN,2.916454764160718,0.4920243385637368,0.33491448103598886
2886,URBAN,6.796522512454437,0.2878389224035966,0.25626799204556155
2887,URBAN,3.933171930994932,0.22539053602336592,0.17604746737191804
2888,URBAN,10.661051154738338,1.6341736543654442,0.5533835068740163
2889,URBAN,12.061382808072942,0.7016437035028362,0.2115992860583888
2890,URBAN,4.458137914500363,0.8490191584522607,0.2550612120090655
2891,URBAN,2.8139247325392303,2.4518064883664548,0.8021053377369536
2892,URBAN,6.6892429261717465,0.9675119640428521,0.6084557884964581
2893,URBAN,3.928795104900291,1.2246218847205081,0.20398050707767781
2894,URBAN,10.410585194492233,0.7871024105320117,0.044514989715074664
2895,URBAN,2.954826301901734,0.34990668358288346,0.10888482718029174
2896,URBAN,6.283438739487694,0.5100709737873093,0.1716089904576995
2897,URBAN,8.713850500854559,0.7347136778437847,0.2880670296651638
2898,URBAN,3.725431594827314,0.17823297374492872,0.2485943751949823
2899,URBAN,6.153524593718066,0.8720914836837049,0.33035102569753605
2900,URBAN,4.152311680410098,1.3850651223269927,0.600044306620853
2901,URBAN,7.142303676348186,1.6276197236410088,0.5421067656592885
2902,URBAN,11.756285373188003,1.0743862348712405,0.21556566908830463
2903,URBAN,7.438510311556352,0.6574303807933355,0.34030122001569163
2904,URBAN,3.9834444144661925,0.7533575721554029,0.4470802636911998
2905,URBAN,5.146766003492989,0.8303700181165218,0.4429036853614904
2906,URBAN,11.487895488536733,1.4955520010358676,0.19561763865586826
2907,URBAN,4.580384855004177,0.10957200600926115,0.15852281271077215
2908,URBAN,6.639097269841924,1.1017993214699657,0.21621909696169175
2909,URBAN,5.602464715812113,0.9410281768698138,0.1345462360474192
2910,URBAN,2.6184190059678087,1.8882036058593334,0.4346626475886981
2911,URBAN,8.431670251053735,0.8310001488284254,0.43383290188421375
2912,URBAN,3.2387752098471627,1.9376035051086549,0.8460605505037269
2913,URBAN,3.6562754734109664,0.640722714680458,0.5749902644053712
2914,URBAN,15.547157764037541,0.6869785744098458,0.4740989369614903
2915,URBAN,7.722859964544271,0.6377005985124736,0.5114939773365628
2916,URBAN,5.4279506221966685,0.4882744262704852,0.4130502529113853
2917,URBAN,7.986476799229538,1.8741302715006223,0.5718633973475081
2918,URBAN,8.919527541901155,1.5261561383032396,0.6428320517543052
2919,URBAN,0.49290544567043465,2.245616531399651,1.014066214245324
2920,URBAN,7.386295574374049,0.9574122203739462,0.5032644463795053
2921,URBAN,6.407949230421664,0.7094877855159859,0.20051571599518025
2922,URBAN,7.76136273172462,0.6096739943200391,0.01967329068174821
2923,URBAN,9.30579226000124,0.8083246566542752,0.23554333917232162
2924,URBAN,13.83257818775514,0.3751533067265133,0.22588097493251982
2925,URBAN,6.185244998017061,1.8077441575169422,0.5182430739715793
2926,URBAN,5.866801181902663,0.8147061984257459,0.4681480746537148
2927,URBAN,5.081770650321586,0.7134715333337466,0.36347829645555485
2928,URBAN,7.786132104062087,1.8987319540466243,0.6115139626755001
2929,URBAN,14.228576391796457,0.3788245418763962,0.38446003079914
2930,URBAN,7.295601025173756,1.5830444020519414,0.6420601913798172
2931,URBAN,5.339908942024864,0.9846335053572796,0.4348150113596758
2932,URBAN,5.57245186267338,1.9728718966286447,0.22436594758013317
2933,URBAN,3.1030604562313457,1.611086889121529,0.3306716255315883
2934,URBAN,8.556472576402141,1.351403184844659,0.10549007265172983
2935,URBAN,5.62343414929723,0.9956818786966448,0.1718467770350321
2936,URBAN,5.166340224813259,1.656835077071762,0.4185782423629851
2937,URBAN,6.648721805221843,0.762516113397234,0.09787854226995472
2938,URBAN,8.275042401240439,1.3236774970454277,0.3109694529780255
2939,URBAN,4.1062527006680485,1.6513379422219443,0.5864341286330298
2940,URBAN,1.9963478428414607,0.6406441862224513,0.574355887114906
2941,URBAN,2.9674995967613893,1.228529206534985,0.220454781431479
2942,URBAN,3.158099644719372,1.3644336189695605,0.1758187733979508
2943,URBAN,12.553053556278847,0.46407597003100887,0.18696986034313742
2944,URBAN,2.4578302390972238,1.9022446003697777,0.37872080531630936
2945,URBAN,8.564592851973874,1.621868746931031,0.6372507585897889
2946,URBAN,12.327995596121964,0.6202503875241203,0.5401691354055
2947,URBAN,7.010485875117679,0.2912370321436472,0.43368013068975864
2948,URBAN,10.49315727842555,1.4268910366477745,0.6206752302160025
2949,URBAN,7.19965562827183,1.5558835409015652,0.8190375226249176
2950,URBAN,8.28520451255056,1.164581231037452,0.7261940095780447
2951,URBAN,11.745842147377981,0.8458672932679353,0.6792386940938014
2952,URBAN,4.212305079267472,1.8241881448557902,0.9614468668913362
2953,URBAN,5.981058924759341,1.5933581074423,1.0976328189628373
2954,URBAN,4.144938932728652,0.5782584241191319,0.8599763258171731
2955,URBAN,8.853165639608738,1.4355536152575683,0.48003619162998457
2956,URBAN,8.80531471926894,1.7771312929051324,0.7717840512561387
2957,URBAN,6.3670416867470045,0.46449369665032214,0.47900698212206205
2958,URBAN,1.6946053692355876,1.1565934112705374,0.3879449827995541
2959,URBAN,7.481357799523047,0.4820069539795605,0.1890108727539881
2960,URBAN,4.058771947904858,0.721383324129236,0.10341686190703285
2961,URBAN,1.7388255106722024,0.9690974019995203,0.2860299548343377
2962,URBAN,2.142786781408438,1.5446231754141304,0.453678184010061
2963,URBAN,4.403715054098071,0.5229284761643963,0.4626225361150702
2964,URBAN,1.922226674402613,0.6676963203518866,0.4712539039884341
2965,URBAN,8.802092015771542,0.601142659005737,0.45321195134807346
2966,URBAN,11.993936540980728,1.0112076337976181,0.28412003183283385
2967,URBAN,7.872832145638798,0.6453551305922315,0.2715388821896472
2968,URBAN,6.585980576878871,2.365038853439872,0.6644894895867749
2969,URBAN,5.9147646145974075,0.5404566243547438,0.6226899280233683
2970,URBAN,10.140243420444815,2.0185660424939784,0.5654523880459325
2971,URBAN,6.378900486321201,0.8670767202958295,0.44176792247402147
2972,URBAN,12.439398892109843,0.7520086117789857,0.4395879952893685
2973,URBAN,9.927207052610289,0.677808397077327,0.23232471925521853
2974,URBAN,2.538450936016892,1.1180325493108614,0.3410160131297607
2975,URBAN,9.205734878938669,2.270195149320753,0.6878980859200268
2976,URBAN,5.706367664479664,1.3181101777899578,0.1474642244406661
2977,URBAN,13.093373046792308,1.903692989615001,0.6348352351819845
2978,URBAN,3.641955177218388,0.9544375936322215,0.4554811445769819
2979,URBAN,8.425223778266272,0.7078582053106284,0.22892600068966226
2980,URBAN,8.2453916584729,1.321618764947782,0.1697867311611304
2981,URBAN,6.06778327281933,1.0779428433342355,0.14070621134011468
2982,URBAN,1.4406536233852818,0.19462314539172132,0.06943247129567959
2983,URBAN,1.0543163509711555,1.7322388576405807,0.5140147597687029
2984,URBAN,3.6778618498836955,1.9286522595314524,0.3738024657768613
2985,URBAN,2.8077182673258183,2.8892463027542483,1.0013143859676559
2986,URBAN,3.0787179465371195,0.7222068550134497,0.8665806929206973
2987,URBAN,0.24283068881013337,0.6361884947442564,0.7051792963319378
2988,URBAN,5.578835486149415,1.4359162748952972,0.2500264754943659
2989,URBAN,1.8925552795399834,0.39835127487312766,0.2880890830767409
2990,URBAN,3.314033704963682,1.3855999378708126,0.33472502991852376
2991,URBAN,8.92577591935865,0.33528989804336407,0.23983035871327066
2992,URBAN,4.433502005601417,0.5207335648314295,0.31817787526092883
2993,URBAN,5.604758072627196,1.0753290476022868,0.3946030390502193
2994,URBAN,8.057326961220829,1.2460726769725765,0.5617942307967515
2995,URBAN,5.522672541753136,2.1329652171612947,0.4930841767797321
2996,URBAN,5.222758356533046,0.669823041462304,0.21193213334950622
2997,URBAN,1.841451452754031,2.644659824897124,0.8141303440840698
2998,URBAN,1.3433586806126452,0.4940687652452241,0.49418934886562044
2999,URBAN,3.081593922704221,0.6300742273037931,0.36535650705449874
3000,URBAN,5.854714968097789,1.2790685813741887,0.2836003725977348
3001,URBAN,6.104575981617362,0.19197861918802553,0.1644177615998263
3002,URBAN,2.6791426576803112,0.6717406494661432,0.1946924177046589
3003,URBAN,4.806207105914832,1.6299334165866937,0.33636698683236266
3004,URBAN,7.172718185747181,1.275837358195304,0.1019386535886181
3005,URBAN,10.450997435118065,0.7908461457869743,0.28801537528516985
3006,URBAN,5.611701431185402,0.648305848299904,0.3887532501661916
3007,URBAN,13.129520263667965,1.843334251012287,0.8004242574912669
3008,URBAN,5.26448081359062,2.0423196725124804,0.6417286028581578
3009,URBAN,8.304191704782317,2.0845721941808715,0.5668923977550189
3010,URBAN,3.362944444004049,0.13318244707008808,0.3891013726158878
3011,URBAN,2.5205612320713384,1.231570043600244,0.5669014305769988
3012,URBAN,9.20163927578954,0.40809139395854094,0.43373380477902235
3013,URBAN,5.107287009401776,2.060200548160129,0.45607990877899646
3014,URBAN,5.488997641831869,1.1294702586151935,0.3194583322493007
3015,URBAN,15.014165857967011,0.752111656999105,0.41624284462092737
3016,URBAN,7.634878881023916,1.560261959022488,0.3143894812953474
3017,URBAN,3.5437616923258943,1.0725639994068037,0.4942109180783677
3018,URBAN,9.942513049968449,0.09973160917014333,0.36128650743868507
3019,URBAN,3.708367418025486,0.37293224096541494,0.3639664426638792
3020,URBAN,10.341671776265176,0.701706716550545,0.1927620641798916
3021,URBAN,2.767617801926674,0.7424755120990947,0.3263677495192528
3022,URBAN,7.119792851568686,1.077176043863966,0.36663553242908997
3023,URBAN,8.40781902368156,1.1166688848053354,0.06848663553394818
3024,URBAN,10.024833968676646,1.627163056691494,0.37741087265702994
3025,URBAN,11.911285820265142,1.0759757193100505,0.1861599695731873
3026,URBAN,3.222150262481315,0.2165568493867948,0.13346066404668114
3027,URBAN,5.755136390045668,0.3285117405671313,0.18622646708935978
3028,URBAN,8.266703794283016,1.4275266141004017,0.2857951414535076
3029,URBAN,9.017400321567257,0.4092554508183974,0.2573330484114969
3030,URBAN,2.1213686662586446,1.064713730567385,0.08843755379998593
3031,URBAN,0.6001475842263548,1.1040905264428666,0.21199739609500484
3032,URBAN,3.130952282285669,2.078993206861911,0.3611563366365767
3033,URBAN,1.1378981850841068,0.9264061741762757,0.04272277445638895
3034,URBAN,6.071831499490686,0.8192989279040708,0.24078534502699311
3035,URBAN,6.566820475274454,0.47261102599934407,0.31534403893278806
3036,URBAN,8.929628611238034,2.2003339424198884,0.530579101615042
3037,URBAN,8.805754373413825,0.8578759943019613,0.42022943590166095
3038,URBAN,4.9262894392678085,1.7646318556045026,0.32957737742019266
3039,URBAN,7.864082824482531,0.2075400111740458,0.23688940089697128
3040,URBAN,9.556897906748143,0.8742543399681478,0.43331937931517206
3041,URBAN,1.700614006754428,0.5087777282421734,0.19954045744832877
3042,URBAN,2.4509975532442017,1.0510754524479766,0.29197214845652364
3043,URBAN,10.029347860556891,0.5960233476183865,0.29039776699801867
3044,URBAN,2.906684102270791,0.3578342985520672,0.13507849727710103
3045,URBAN,13.386684029010349,0.6219727991676215,0.1956931203632509
3046,URBAN,11.247821523634048,1.1820185979009794,0.24245241256353167
3047,URBAN,6.308800590547502,0.38957332128301103,0.2845631571397242
3048,URBAN,4.163495340197958,1.8054318130805023,0.7704052338588301
3049,URBAN,7.022332918922391,1.1368677056430856,0.8969865701724202
3050,URBAN,7.912638318910583,1.6650006847705312,0.9868700707046806
3051,URBAN,8.245375142484765,0.769900324040613,0.9295414319846513
3052,URBAN,10.328106795983665,0.912468430348132,0.8978463372644283
3053,URBAN,6.008894078139498,0.7721309115895593,0.8333114502875332
3054,URBAN,6.574567493343767,0.7901907188497415,0.5395859328460075
3055,URBAN,7.7266098404184715,1.2460723271622443,0.742885050402128
3056,URBAN,5.701310144774638,0.3897465288978171,0.6254752594529341
3057,URBAN,9.217007306546918,0.6601628437568371,0.37199642392057447
3058,URBAN,4.536745027272628,2.432239634583817,0.5300314988760533
3059,URBAN,4.196514456094943,1.86936002034472,0.2635877281545941
3060,URBAN,3.6602623046273752,0.08673617539010613,0.1780220364224363
3061,URBAN,9.162066441256233,0.7496858089903786,0.09447838971356766
3062,URBAN,7.684417148301413,0.8120778182657358,0.30333047545187386
3063,URBAN,13.25230144719231,0.7356219137215385,0.38099058438666705
3064,URBAN,9.553935648174592,1.4235226538050563,0.5487478612297482
3065,URBAN,7.003638898996278,1.0848445318951567,0.3857512986775388
3066,URBAN,5.717269448330042,1.539800880911002,0.6391572312360347
3067,URBAN,1.4567747436523495,1.9422675973510481,0.7837783715829146
3068,URBAN,7.670820130982525,0.9967277422133187,0.3273547133419608
3069,URBAN,10.132001007368476,0.9231570296366931,0.3970793080782818
3070,URBAN,2.499673037254011,0.4402445469498431,0.18680308915444438
3071,URBAN,14.881258556484093,0.34701197694304253,0.052385096047971834
3072,URBAN,6.0823004951433655,0.7014973040982454,0.24587827964931547
3073,URBAN,1.6036051517514354,1.3691044457031778,0.5447209375826786
3074,URBAN,1.3413980462583368,0.5266113128270399,0.44792161046067597
3075,URBAN,8.510240178520487,0.8208980853228032,0.1707603582224997
3076,URBAN,3.7646855262550796,0.8496702265478485,0.16259002133373104
3077,URBAN,6.777583473248568,1.1517179818495464,0.22244467357662742
3078,URBAN,3.9563686186487033,0.2048836671802097,0.1812000889066218
3079,URBAN,5.706177175365771,1.7331935052215353,0.6300450027676369
3080,URBAN,3.184996819264399,0.6975191038619902,0.37575569337209014
3081,URBAN,4.915109970975298,0.8617653976151601,0.19511779689174027
3082,URBAN,1.7637388107367968,0.8763528079801637,0.24495411377615425
3083,URBAN,9.321686599687835,1.1977138662851146,0.5079734144853408
3084,URBAN,10.115497045229697,3.2765485547151925,0.9751211819840722
3085,URBAN,4.996772612341114,0.6729384472607716,0.855874771422995
3086,URBAN,5.322479906301794,0.29304401148904113,0.7163582649266891
3087,URBAN,1.2399297939845637,1.0902203982881242,0.6559983122111422
3088,URBAN,6.150358560982957,1.4310079109732183,0.13778347123254428
3089,URBAN,1.2051476702304806,0.7659721369195727,0.2185555131395352
3090,URBAN,6.406413709127043,0.9827392391901861,0.1500750704594384
3091,URBAN,7.530300012416288,1.443747158376014,0.3103832254591197
3092,URBAN,3.595397993803313,0.7134402478387478,0.3040355417361676
3093,URBAN,0.49826542844206106,1.0889844616579603,0.52156604509448
3094,URBAN,2.854625024509321,0.8108383201143837,0.17251512530354068
3095,URBAN,7.152341128860211,1.6378118033798856,0.5999569893945906
3096,URBAN,9.716620972301016,0.8431781966762952,0.5185637598436998
3097,URBAN,1.476349506648328,1.287646144569985,0.02342494104109172
3098,URBAN,8.64298849894208,1.041635625237945,0.3018557684856312
3099,URBAN,9.785301640642919,0.5572320794588421,0.16722245575118896
3100,URBAN,9.60289809148874,1.1190405241863401,0.395306644184856
3101,URBAN,9.25290752288938,2.263798118232522,0.9120658982267741
3102,URBAN,8.019326287954671,0.2863229829723164,0.5860007463734841
3103,URBAN,7.95664021092928,0.7388856422550225,0.4559742528068926
3104,URBAN,6.274437027084275,0.3093997614606828,0.24585156281427284
3105,URBAN,2.554838319636989,2.1038475591800556,0.733123028020761
3106,URBAN,4.434673826348989,3.462237283509577,1.2822651396309208
3107,URBAN,5.743250534859071,0.8854358071752997,1.1006710285792611
3108,URBAN,8.458350561818662,0.40563737557425533,0.7282015549602897
3109,URBAN,4.15859175186357,0.3177119336420857,0.5305292733447102
3110,URBAN,2.7582837923229966,1.8529085965380765,0.8533736285516217
3111,URBAN,10.908312470315122,1.9104790572643506,0.43868080524132563
3112,URBAN,1.4185719362434823,0.5277042096364867,0.27491651118051524
3113,URBAN,7.520169596545859,0.027102820916317657,0.19150372376103936
3114,URBAN,3.037098665037427,0.525859356982644,0.14709127511521086
3115,URBAN,9.113158194489769,1.1278436731813695,0.318596761864896
3116,URBAN,6.1687254104252,0.9593485356686695,0.4804110246767369
3117,URBAN,11.244712368137685,1.7996862187124492,0.44906572714593124
3118,URBAN,1.0962192104882915,2.2448821397840857,0.5166876075684833
3119,URBAN,3.5655603420714477,1.594470031898783,0.584041144823758
3120,URBAN,2.960580687644404,1.1361819043026762,0.6275985489007886
3121,URBAN,9.762678559070144,0.7192714218746645,0.26970113234053683
3122,URBAN,4.783643690704617,1.3618985288547132,0.5695047220869353
3123,URBAN,2.9127224526008435,1.3957885294097065,0.06685725403519166
3124,URBAN,4.637654039082531,0.7046598263692518,0.213857429844538
3125,URBAN,9.281751606177398,1.951771862790625,0.6946251322924618
3126,URBAN,5.245240946097779,1.368070270766448,0.5382762624135154
3127,URBAN,8.44017168372741,0.8262822778271617,0.6560031098401111
3128,URBAN,8.77294780760783,1.2571138241111184,0.37488269158728543
3129,URBAN,4.50313574590243,1.1739673046601968,0.5747516684105735
3130,URBAN,1.7356355591391268,0.5274220083348456,0.31423763629166024
3131,URBAN,3.7439204219603024,1.1302097208568425,0.5438800316985574
3132,URBAN,11.489182677821653,1.39709937174777,0.7871046943381567
3133,URBAN,4.18726524752085,4.847745715959214,1.6641140482208692
3134,URBAN,10.433917061801276,0.8989252610075413,0.9205565140442424
3135,URBAN,9.886859500286445,1.585055927322383,0.9649689365785608
3136,URBAN,3.3619782739507333,1.0712035660365553,0.37415754141807916
3137,URBAN,8.739640878722332,0.7870211320875924,0.3406970315085946
3138,URBAN,7.75967921500916,1.8421881648657241,0.5412527077623542
3139,URBAN,10.371339065048089,0.3672113679217498,0.2911480049205618
3140,URBAN,9.326626488787502,0.9838594683011467,0.43940882185403735
3141,URBAN,7.125038588966153,0.8871701326203911,0.32440208400624526
3142,URBAN,2.641523940632159,0.8800537988344952,0.45720328326171383
3143,URBAN,5.357450858219415,0.5814529092829128,0.4984877127441736
3144,URBAN,7.119377980668518,0.6502952636137712,0.5477841790465514
3145,URBAN,9.019867015818544,0.4249052166369986,0.5151362554149127
3146,URBAN,8.737429629982584,0.7122701463677118,0.5794237154381559
3147,URBAN,6.221331728891356,0.9030728832810656,0.24353826022853864
3148,URBAN,9.144625220836112,0.9101322013149606,0.46228930573170746
3149,URBAN,13.014353394546225,1.371480654350605,0.12986819562916732
3150,URBAN,4.529090748828892,0.6902601277236419,0.29435637308634893
3151,URBAN,5.651963425371867,1.5261140609525614,0.24135947370679134
3152,URBAN,5.349534849915247,0.23309091408794655,0.15236058077004966
3153,URBAN,7.644819135132183,1.1853609703724877,0.4475257513203449
3154,URBAN,7.677953097529095,0.049988787970183045,0.3401266853960578
3155,URBAN,8.912912216010472,0.5518482532469132,0.07479906769521588
3156,URBAN,7.901368317685281,1.236383979008088,0.4350567378130446
3157,URBAN,4.1102647824897645,1.2786115562915399,0.6237079901134209
3158,URBAN,2.9292060871806433,0.8107158710030219,0.6997495869923401
3159,URBAN,5.796231118842199,1.0238964262297832,0.6302225154099796
3160,URBAN,4.413986005609865,0.8580791493771143,0.5815751958447872
3161,URBAN,7.000125422897378,0.40251151596965434,0.48044309915065386
3162,URBAN,3.427692692367886,1.5353183183939056,0.5826057270386302
3163,URBAN,9.29492274819113,2.06307574116505,1.0533247865099258
3164,URBAN,10.510639697699416,1.3272254459883248,0.9327089786308735
3165,URBAN,4.798121735965341,2.0338000445968,1.1538757049885047
3166,URBAN,7.8990932510662395,0.43697675997024676,0.8677317353413887
3167,URBAN,11.47225260897562,1.5415461650914117,0.6186137691662886
3168,URBAN,8.183456186103523,0.9084157500127524,0.6070790700635881
3169,URBAN,2.7078215685665405,1.706627926112055,0.44564743830903397
3170,URBAN,4.960182200733506,0.9199462963501112,0.609343085399992
3171,URBAN,8.417959009861692,1.0215926720314639,0.24865724100837214
3172,URBAN,3.3154742583142878,0.9151470346836744,0.46711866308805
3173,URBAN,12.323259940837255,0.7239968583093316,0.45031856001743786
3174,URBAN,7.119435176187102,1.6249593050088842,0.7569113711599313
3175,URBAN,10.382750113935158,0.8908029152995687,0.5032821094547633
3176,URBAN,4.726404460726981,1.6844813286350069,0.7569980129503433
3177,URBAN,1.670090071905915,1.2637442899671731,0.6523649305998198
3178,URBAN,15.308758284843128,0.3618536352056557,0.568194115424492
3179,URBAN,2.2959625599500564,0.7249142527286758,0.48384589173093934
3180,URBAN,2.687286325621412,1.0946287823640946,0.10810126892909747
3181,URBAN,1.6074141211438717,0.7532389363685739,0.3034109649235988
3182,URBAN,2.6675956951990716,0.16394246057033857,0.2644367543988245
3183,URBAN,12.161102357832695,0.5540548815994618,0.05613287386499733
3184,URBAN,8.600933115284414,0.9919651613923995,0.3318045636095586
3185,URBAN,1.3492248742874076,1.0404158445028389,0.48258959517320876
3186,URBAN,4.826153645930512,0.962402815802593,0.4502134627698132
3187,URBAN,4.097262727650519,0.2807885630955052,0.33261255009900415
3188,URBAN,2.7107864313936374,1.2654485322348017,0.5955577467457308
3189,URBAN,10.923518502574744,0.54337015987133,0.5750054659255627
3190,URBAN,6.461797863127313,1.0942035209163787,0.5807905454898006
3191,URBAN,4.732050053889081,0.547479593124686,0.4760955324880371
3192,URBAN,3.8266171127089432,0.6628574071136896,0.5243645776869807
3193,URBAN,5.672495687472356,1.2637480457849077,0.6057682785138
3194,URBAN,11.6245772037606,0.5931977629199158,0.601863107074562
3195,URBAN,11.336331274325609,0.5666629302522203,0.3902770044969274
3196,URBAN,4.545664509506404,0.7060593858909004,0.4100227837994495
3197,URBAN,1.9628284622084242,0.39420619732495216,0.24488918544384905
3198,URBAN,2.20578062633767,1.5291234923656503,0.48399721746405794
3199,URBAN,3.5335392128425855,0.14064351268967476,0.3504492128647813
3200,URBAN,9.95826653556588,0.39465122236780914,0.18336281082279077
3201,URBAN,1.5402585320275535,1.5279169707294908,0.33372275859282247
3202,URBAN,8.835366727905647,0.9009917422497337,0.5127351199241112
3203,URBAN,3.5876506462952418,1.4978422897252373,0.3804968516081109
3204,URBAN,2.9463152533202575,1.3733113189168606,0.4028097949126119
3205,URBAN,4.584908964242145,0.49366606969773036,0.40475376490745446
3206,URBAN,5.8862341760747485,1.0632367027730647,0.22894476578807652
3207,URBAN,4.688057395202897,1.3831745402054232,0.27324379582369046
3208,URBAN,3.4597337711537017,2.3210265097545406,0.7400274053112091
3209,URBAN,5.623745949142086,1.271916450505557,0.19823469051685813
3210,URBAN,7.033110517939257,1.1132577734510072,0.31501293802608515
3211,URBAN,3.420946628609062,1.1601065617376591,0.24369187866368902
3212,URBAN,9.54352684905461,0.4474326874599238,0.12840011421951047
3213,URBAN,7.696837671614201,1.2237887786976556,0.34138278404033146
3214,URBAN,4.501467380590117,1.4276622387954427,0.2702194192279782
3215,URBAN,1.583407657960878,0.4250625027575158,0.2737723924916973
3216,URBAN,13.298477821571643,0.5082642654531457,0.09137536490258918
3217,URBAN,3.9771518119361264,0.6481323557196645,0.25287613999765335
3218,URBAN,9.075321350211679,1.126792406574635,0.14740468034273896
3219,URBAN,7.604231505640839,2.014613582669301,0.7089477856027324
3220,URBAN,3.7622687401770176,1.1403547836465133,0.18971916727134996
3221,URBAN,0.7338382961092269,1.046178415195985,0.3325980228931192
3222,URBAN,6.0766091434510745,1.2909788127345405,0.3881026808915051
3223,URBAN,1.4194312641177327,1.072651627689215,0.6149675958680171
3224,URBAN,9.108748830869294,0.968674837533931,0.541059106487345
3225,URBAN,9.935076722129935,0.8864886016093202,0.18968129690574773
3226,URBAN,4.35994637795865,2.233694289871548,0.8272909411321343
3227,URBAN,5.103471582334558,0.0826960318345918,0.6177029359812981
3228,URBAN,5.840774195447734,2.4302521964167405,0.564907916016007
3229,URBAN,3.8624629961479067,1.013633598330474,0.6548413563261237
3230,URBAN,2.4182722431577925,0.6323882399082209,0.5774144998985912
3231,URBAN,3.9744728954275903,0.6301927179262714,0.5829105233182867
3232,URBAN,9.600863439284593,0.3774266895113729,0.3247397765214643
3233,URBAN,3.6670608396549556,0.7707266136366238,0.012840796157809115
3234,URBAN,7.127319775636214,0.8397279165011159,0.24920992306978906
3235,URBAN,10.901964625238008,0.8426196765952347,0.15218686304458462
3236,URBAN,6.749043504235854,1.0527525698696922,0.3257871191984682
3237,URBAN,2.2135511215593,1.8172325874671866,0.6171647078854391
3238,URBAN,4.139676642381242,2.33777928203192,0.950934838324743
3239,URBAN,3.010902622665312,1.273837536661796,0.7189813425340897
3240,URBAN,11.213022311290954,1.6824300206125664,1.0332312988144199
3241,URBAN,4.828951364104582,1.0660155460392786,0.4330215039670931
3242,URBAN,3.481721204520819,0.5187607964621915,0.4486015189123714
3243,URBAN,7.782194072944223,0.5264943870822053,0.48622917075230676
3244,URBAN,3.9101803987927526,1.3454919093038187,0.2922687176522536
3245,URBAN,9.511809783719206,0.8298353965246462,0.3435742443597212
3246,URBAN,4.690896663326603,1.1747423781281596,0.5932536075964842
3247,URBAN,5.091080634057074,1.4707495550420915,0.8223067639125322
3248,URBAN,8.888074113772175,0.6310408161979982,0.707629831382248
3249,URBAN,7.300427078134303,0.828034622977213,0.27454900237405416
3250,URBAN,6.8163705483396395,0.5754695567096347,0.28224045424176974
3251,URBAN,2.8837208183349934,1.7411567616985362,0.4764193706607047
3252,URBAN,3.862165552765276,1.6347917472772955,0.4037799305844802
3253,URBAN,10.502329417178988,0.7516392981835671,0.5157697764192558
3254,URBAN,8.192931515163194,0.720096655926999,0.5615489064288967
3255,URBAN,4.020773973551799,2.06361024524607,0.8003776280916599
3256,URBAN,11.013918390645552,1.0788750904299704,0.3370362246130271
3257,URBAN,3.336071202679429,0.651640754512076,0.3985423870335839
3258,URBAN,7.937094438520699,1.834565170519449,0.7261224521899082
3259,URBAN,4.341001362220522,2.062040517606428,0.15706839324268967
3260,URBAN,3.91956389735223,0.5461057060646504,0.10130303753035448
3261,URBAN,6.719398403764263,0.39934467436685306,0.08858566453517051
3262,URBAN,3.390378985600716,1.7996319879383065,0.5329596984417965
3263,URBAN,2.1586451430324205,1.777590999680809,0.5520362029131552
3264,URBAN,2.6107669285640163,1.1704474689139404,0.6054528216657392
3265,URBAN,6.442355035450735,1.7800541582041836,0.9681300972640058
3266,URBAN,10.116320400959786,0.30634101392670815,0.6054356700166155
3267,URBAN,2.6648320283256455,0.5795634377233903,0.32457469486545704
3268,URBAN,6.091203234769614,1.7444614105709548,0.7416574485717787
3269,URBAN,11.993500101513591,0.5653577232980754,0.62934963407947
3270,URBAN,3.2873780154361065,0.20922184105937397,0.5069061607572347
3271,URBAN,6.186232930821456,0.6851654564717529,0.14698801331929964
3272,URBAN,5.223093728755079,0.41760739370551375,0.09068794420590508
3273,URBAN,8.38102605026848,2.4929951222858686,0.7248680656154788
3274,URBAN,10.775404603846408,1.0577399447533349,0.878409658678219
3275,URBAN,7.491380631860785,0.6588542631972258,0.5353892872765856
3276,URBAN,9.615006817114567,0.2927166363477148,0.40815294109991057
3277,URBAN,5.13918093405914,0.601678748363193,0.1421880051823969
3278,URBAN,5.708965812884094,2.1520084000540662,0.5545787858866909
3279,URBAN,5.2577076148909425,0.6894552777261581,0.2819162851288468
3280,URBAN,7.887048626459582,0.7330571128561201,0.33868862806968
3281,URBAN,8.192090311341538,0.6528203410174457,0.4260846989130828
3282,URBAN,4.071712956181514,1.4729868789332785,0.5429747501710818
3283,URBAN,1.645792308970569,2.24446663150157,0.9248612759272515
3284,URBAN,14.475299490803579,1.416051366656653,1.0993331250889387
3285,URBAN,7.8986931997149865,0.6903908457405784,0.7596937296127602
3286,URBAN,8.760229146202077,0.723146743656951,0.4961112641501067
3287,URBAN,1.4311053517097843,0.3035553316006244,0.2836894005609101
3288,URBAN,6.796903102742849,2.2129061461844683,0.8008151415641197
3289,URBAN,12.896122278553278,1.4013479571724068,0.62924539074012
3290,URBAN,2.916227465375878,1.71351666904338,0.3270260132753851
3291,URBAN,8.939628811955348,1.7857994416860838,0.47611465380970724
3292,URBAN,8.507217201075843,0.6717538975649254,0.19186766186687063
3293,URBAN,6.422263703403229,1.4910587541450684,0.4697552940135713
3294,URBAN,3.7702316490347365,0.41001947527956967,0.46104880102652424
3295,URBAN,6.915976748369379,1.0665785570995787,0.6188574924294669
3296,URBAN,6.562432238298617,1.8642662179050096,0.7970071800044058
3297,URBAN,11.46096711503386,0.2907491420491305,0.6136937631072865
3298,URBAN,13.779764163867977,0.7155633608289458,0.642987437458025
3299,URBAN,6.311533861899532,0.9985071625557904,0.16819788904209562
3300,URBAN,4.738857487576831,1.59132364227259,0.4551587834643659
3301,URBAN,11.861933139692955,0.5459642146072792,0.35286183070270216
3302,URBAN,4.569335411015526,0.9700766480097592,0.5058621567666406
3303,URBAN,8.554509013697462,1.1732561197040263,0.7341253582655266
3304,URBAN,8.732266342704424,0.5284776449123831,0.7034433520916316
3305,URBAN,3.7186489403266525,0.21130615835073213,0.5698111280400716
3306,URBAN,9.30933447839365,0.4310493320259278,0.33566558065743585
3307,URBAN,8.650154411863225,0.8668707328686888,0.5001447970140673
3308,URBAN,2.6147097240908437,0.9716633145196145,0.518133387594047
3309,URBAN,19.133701363290914,2.1251405190891193,0.6750488870262836
3310,URBAN,4.5620327113669745,0.6266586615213309,0.5944809349270188
3311,URBAN,3.4420929646403193,1.1451638908531816,0.5036952154563754
3312,URBAN,5.704951178061324,1.314898104008504,0.3535901116164147
3313,URBAN,3.061048620298986,0.3535075187033838,0.28364221406632373
3314,URBAN,1.9790423049258437,1.947849936337267,0.4934153059522473
3315,URBAN,6.146825108230534,0.08301940222693427,0.39838045720425613
3316,URBAN,12.658634105201589,1.07012429029066,0.6195409848495179
3317,URBAN,3.827049312155019,1.838340293080279,0.834958462356145
3318,URBAN,3.156455183711787,1.021722903115109,0.3444650919730144
3319,URBAN,0.744407250236333,0.26912560408562625,0.30494381206536414
3320,URBAN,6.002634727499058,0.7329538971672539,0.3688656290316051
3321,URBAN,7.531612857800856,1.355024096455658,0.6247807425312496
3322,URBAN,1.350993919508146,0.8991484740613157,0.4930627332932189
3323,URBAN,10.60097185416141,0.4585818870766483,0.39182435630026685
3324,URBAN,6.003802078529404,0.9724705977639491,0.31999916614570273
3325,URBAN,6.7902149219191585,1.1488707753964738,0.42053447543718586
3326,URBAN,3.854868565030237,1.3941137671911232,0.6357274741765839
3327,URBAN,17.80509040996883,0.714238862341503,0.6262053597469919
3328,URBAN,5.107211026761332,1.3731290758614847,0.835011107211566
3329,URBAN,3.3045516287262418,1.295701099769125,0.2961447194057207
3330,URBAN,7.193179880657054,1.9133917823421054,0.7256437281730048
3331,URBAN,6.369961659553164,0.7621587219672391,0.6855893189041583
3332,URBAN,2.5871805337652924,0.7405805360700561,0.6218482479795824
3333,URBAN,3.665075784418168,1.047774022079108,0.25652041752072846
3334,URBAN,11.608710439876441,0.726982404682313,0.3706634333907615
3335,URBAN,6.497968770408846,0.9372680227362017,0.035792605010182395
3336,URBAN,10.963762399403386,0.9158702189375066,0.26216577687753373
3337,URBAN,4.173534453790421,0.9176977955377418,0.29583891137609636
3338,URBAN,6.796002695409044,1.9725024349018685,0.34983521691714486
3339,URBAN,2.458748165384723,1.2453094411443024,0.5856133990384925
3340,URBAN,8.117357232841977,1.4478650247090485,0.8074601660966944
3341,URBAN,3.7855815496646037,0.542144289187816,0.44435394374305626
3342,URBAN,4.434303788161527,1.9573701975650604,0.39379674042509444
3343,URBAN,4.56795856531423,1.6654964880925658,0.3426090955963306
3344,URBAN,6.869513600579111,1.6100110159898366,0.5767921433220088
3345,URBAN,14.675086905724664,1.1419182438070343,0.32125106484012994
3346,URBAN,6.104950624736852,1.2228553995873064,0.20983378141253697
3347,URBAN,3.7784672122632172,0.6345710119542676,0.31987487439233236
3348,URBAN,8.103638854587276,0.4379904026289781,0.21775076563241394
3349,URBAN,11.438682402512622,1.90721603848693,0.4543892977702248
3350,URBAN,5.776908674203686,2.0811765634053185,0.9249872479772138
3351,URBAN,2.3318392842331406,2.045581161399679,0.6072404723891479
3352,URBAN,5.444367783384664,0.22658702266145037,0.41169733273910075
3353,URBAN,7.188628978795375,0.7564797468987435,0.11136189745413376
3354,URBAN,6.848482950623932,1.011371692808769,0.3313122628426291
3355,URBAN,2.6770083079335625,1.0371540015066505,0.4732190262630329
3356,URBAN,8.012301918650273,0.7551346787275014,0.4227469122925063
3357,URBAN,6.152605448327268,0.2512480565465886,0.2566011764565379
3358,URBAN,1.679275365789484,1.8784094483659604,0.5270538509539764
3359,URBAN,8.907321569491433,0.6951671141603551,0.34909661142254467
3360,URBAN,9.975040935807007,0.49750235251919445,0.3735266228056828
3361,URBAN,9.28020363283814,0.750545226370962,0.19499003170955947
3362,URBAN,7.4976248060063835,2.0152861602397563,0.5281035867296883
3363,URBAN,2.1486331530149685,0.9540284499594338,0.2738302353186099
3364,URBAN,3.7898724424671606,0.4442721931642404,0.30882470510113547
3365,URBAN,4.150950416822656,0.7067234449612839,0.4115235567670199
3366,URBAN,7.019832202672306,1.4817965637085875,0.5097664085472638
3367,URBAN,6.494768603027225,0.7914837863150431,0.5249614815787832
3368,URBAN,3.5587097595864963,1.943855114775903,0.46563685066702293
3369,URBAN,3.4291864030829533,0.4625985144541656,0.3890484546334172
3370,URBAN,7.110112270533249,1.5454873808350207,0.5919848027285801
3371,URBAN,10.030587255070476,1.4145529408120847,0.7933999260273484
3372,URBAN,2.439783650783364,0.8233039786010122,0.4737300688102134
3373,URBAN,5.616832951733195,1.297288217535643,0.035041133545975586
3374,URBAN,4.293510094156872,1.440625230268079,0.37731604070218666
3375,URBAN,4.9041603469303165,1.1425182803014715,0.5069280735099487
3376,URBAN,9.619792489838918,1.0881341016556154,0.1305934006054802
3377,URBAN,1.7565462242978171,1.1861262490774738,0.25994745227300464
3378,URBAN,5.562257133237542,1.251414496028821,0.23048883088990993
3379,URBAN,11.264558231286783,0.6464502157325548,0.0427255051597886
3380,URBAN,4.633239023889241,0.5224050556946124,0.1959253905323127
3381,URBAN,3.2741397550991906,0.5125652862715669,0.03301560310565293
3382,URBAN,5.473347442418662,0.834571849061237,0.26518322773831016
3383,URBAN,4.852708909405366,0.4743983917479044,0.344035957319177
3384,URBAN,3.3911578427246396,0.8268450239228285,0.5062050134148111
3385,URBAN,6.862644099450961,0.4605218821132786,0.3046560041042123
3386,URBAN,2.302072407905457,1.9145550668614444,0.7017580735979527
3387,URBAN,12.25016421012839,0.7584485202970892,0.5944038573172058
3388,URBAN,8.439820606631685,1.6309856115047265,0.5075399851124647
3389,URBAN,5.445964504146734,0.4523144411053753,0.5030409894657495
3390,URBAN,2.719002380551033,0.6809339260527654,0.5279368337073878
3391,URBAN,7.360503581307089,0.39869693321811905,0.4751498536296592
3392,URBAN,6.787798529537266,0.5270911963044876,0.5036296434197465
3393,URBAN,4.636523693136115,0.45514407906879767,0.46559787189438745
3394,URBAN,8.663306346361189,1.115362880794298,0.6690008561096311
3395,URBAN,6.893522295700572,1.0853719192091384,0.11920221096443455
3396,URBAN,12.317243009083128,0.9309869816877617,0.3727255913586168
3397,URBAN,4.818545357300771,0.94506248496073,0.07446508332613597
3398,URBAN,6.619517979414414,1.1376402814628312,0.444634379657892
3399,URBAN,6.715881967681295,0.23605946649000473,0.30935058711833097
3400,URBAN,1.317983871546148,0.6448371271965164,0.03815462408448137
3401,URBAN,3.7843102418189383,1.5016521127912486,0.42105759775791063
3402,URBAN,3.802142905854443,0.31638289679038,0.23365154091123452
3403,URBAN,6.1421651315984995,1.0719518703068327,0.48918245852395303
3404,URBAN,7.0226741614114045,0.6029431599791407,0.5396123179841217
3405,URBAN,8.813629927735997,0.6671698006674024,0.28021546272245457
3406,URBAN,7.062912031311069,0.8111387160333348,0.3309540056580878
3407,URBAN,3.5056101668487716,0.31664498024980653,0.26922140507337705
3408,URBAN,0.9448425902836479,0.08381560620419186,0.1732784856426291
3409,URBAN,5.693412734697423,1.9349614769626613,0.467659966148774
3410,URBAN,2.0739295396016364,1.0463769125871827,0.6635399537345434
3411,URBAN,4.746203646971995,1.2974182283130478,0.11751608181980183
3412,URBAN,2.6341533441466995,1.060994143220118,0.34584910339329733
3413,URBAN,1.4168083548807944,1.0392001274911145,0.4558818172893153
3414,URBAN,5.260799167752364,0.3338290382258632,0.39352466343395626
3415,URBAN,10.804550819457093,2.1136412364991632,0.8663221428957396
3416,URBAN,5.122863184900591,1.3487981849455313,0.9077409682631256
3417,URBAN,3.1134038717487833,1.1692624596656724,0.985126801926021
3418,URBAN,4.423240650678825,1.3642994651303175,0.35606654254350434
3419,URBAN,5.998295223064351,1.323498591405716,0.5836774086398299
3420,URBAN,6.644758622608646,1.0364239037881744,0.2531902898487517
3421,URBAN,11.989383440317424,0.7290065829638412,0.32817178340470377
3422,URBAN,6.805133847709567,1.386435934770228,0.21865572845746484
3423,URBAN,3.8606125969869245,0.46304516826868897,0.0892181113116264
3424,URBAN,10.907388978801787,0.7226470354133832,0.26550038002640125
3425,URBAN,7.20174478871093,2.3230841795399786,0.6970139499657944
3426,URBAN,4.658933579259094,0.218708380515496,0.561438934144198
3427,URBAN,5.0114604971946015,0.5555635832724679,0.36550222720186987
3428,URBAN,6.1174275937726055,0.2622425741785066,0.2501076657438169
3429,URBAN,5.454774569578379,1.643308446422539,0.623998636845297
3430,URBAN,12.019530735237105,1.0880867115863462,0.7703725718006111
3431,URBAN,13.13872010077861,0.9520956410986608,0.7606708436267787
3432,URBAN,9.730346626967986,1.1575641553043285,0.849676900802505
3433,URBAN,5.372685833019212,0.6448525818634875,0.41492937576791306
3434,URBAN,7.896745145374346,0.6914420734940578,0.4342254299108931
3435,URBAN,1.0927096903277065,0.20895138639789798,0.24919974179223495
3436,URBAN,7.294574484993232,0.7444866613411827,0.14530702224334094
3437,URBAN,13.531099367776934,0.7446709704873368,0.22547548135034015
3438,URBAN,13.528720949102034,0.790390983785046,0.10482135661809053
3439,URBAN,5.503418651761183,1.524785826485552,0.4285083529160346
3440,URBAN,7.556652316988013,0.32360609589598455,0.22026267628314244
3441,URBAN,9.518383392440985,0.4989360402339683,0.13269803826725174
3442,URBAN,9.601076087961097,0.7793706378396352,0.1485592273934211
3443,URBAN,3.9231989619381165,0.787358688181814,0.2909158938420769
3444,URBAN,4.474237275862588,0.6948131885735012,0.404204347859868
3445,URBAN,4.04750874905418,0.6033635476999126,0.15707305045858205
3446,URBAN,9.40964663012241,0.7147390191077658,0.2824143926710808
3447,URBAN,6.181849551581833,1.0442304293110969,0.20695879081709553
3448,URBAN,10.547276145600623,0.2923721073761924,0.22620991568916143
3449,URBAN,5.7124807658037735,0.27474620417790435,0.2498693518228827
3450,URBAN,4.996850803508988,0.9105657714399529,0.32094399475621155
3451,URBAN,10.657122462896053,0.9264365790014729,0.08252187901416484
3452,URBAN,10.631837708686675,2.248454684418445,0.6437593660488155
3453,URBAN,12.228519659884542,0.7407015582221408,0.5772732479825635
3454,URBAN,0.9026410512772737,0.6199229606963887,0.5681129158850647
3455,URBAN,7.190041150659651,1.3047486765934848,0.058280224318737806
3456,URBAN,8.177395785619082,0.7442964765964586,0.18257691040036797
3457,URBAN,10.531099209655038,1.1735512407554196,0.3063261890483175
3458,URBAN,4.7481562869172595,0.7315279208334212,0.1274875397096412
3459,URBAN,7.050478400100804,2.160163651591188,0.6395424601551684
3460,URBAN,1.634972032320897,3.0695794450588134,1.2465107983367345
3461,URBAN,9.361479594951213,0.642041081518916,0.9045427016536695
3462,URBAN,1.8347701573493755,0.9841006846520792,0.8509536651350763
3463,URBAN,3.083085881599271,0.9841008275652172,0.34981289565971047
3464,URBAN,10.361825686707657,0.7597176749646742,0.45652477260026936
3465,URBAN,7.941854256003458,2.1577180567220826,0.9391215394142819
3466,URBAN,3.5483034738708845,1.032435609223275,0.4184377283911596
3467,URBAN,4.03548849970511,1.3572231063378017,0.6825696340924563
3468,URBAN,6.534198154527416,1.1066653168395724,0.36552492684580207
3469,URBAN,9.403448614822267,0.7777196427341484,0.4461683944464001
3470,URBAN,7.6384276206290815,3.45192587201379,0.839275883691931
3471,URBAN,11.549162212429664,1.113911221970392,0.5664552153252715
3472,URBAN,8.590848734556054,1.6603628881829595,0.8047761683424944
3473,URBAN,10.977610426416014,1.0655894240930597,0.2835645194679915
3474,URBAN,4.577915341628749,1.308938731699264,0.3978441276203436
3475,URBAN,8.42048105975103,1.0563552932705689,0.06178199199388642
3476,URBAN,7.316898901975423,0.5257242858896194,0.14376264952057927
3477,URBAN,5.97405041790827,1.050127336947852,0.2893237730936054
3478,URBAN,8.991230217346818,1.6608657939759746,0.6626560471967639
3479,URBAN,2.9075926158937766,1.1676040787003348,0.6753522298960819
3480,URBAN,9.06831917942837,0.9712919716889784,0.7955298263189675
3481,URBAN,8.850874288522697,0.6442065137141281,0.7250367925758193
3482,URBAN,6.739581783376091,1.6978698289960248,0.8242400374909535
3483,URBAN,0.9588884091080987,1.4605297136786817,1.0417312420452534
3484,URBAN,3.7546010700034365,1.7188531241765372,0.3362059270745223
3485,URBAN,5.007325401949022,1.2607064692797512,0.1580297406713348
3486,URBAN,8.473306396674529,1.470882298588678,0.49418265068398853
3487,URBAN,5.541617174408365,2.2059002774950005,0.29559144329117926
3488,URBAN,6.2035813534714705,1.5044504289637546,0.34107267895613813
3489,URBAN,1.5385524644868882,0.7340025559256355,0.3892211456238841
3490,URBAN,4.426278626162703,0.9175815220659658,0.3345716434726965
3491,URBAN,6.41409371520534,0.2043978921113068,0.32093293350149565
3492,URBAN,13.57192561164206,0.21640994487863946,0.2988571799194043
3493,URBAN,2.675196963806545,0.16873981055170512,0.25753042970986995
3494,URBAN,1.6846509891644772,0.6368901470009827,0.09471193134620458
3495,URBAN,5.995358240605863,0.42737616787779503,0.18901279271547616
3496,URBAN,7.351678126777277,0.6451004315998717,0.13299575854738588
3497,URBAN,0.5371387987705439,0.5843593501535891,0.24855538480321238
3498,URBAN,10.19151389122795,0.4227048723636242,0.07056728946351258
3499,URBAN,7.085399989323846,0.9123972919477101,0.22404999394346123
3500,URBAN,8.411473853625836,0.7713058877649352,0.16400537382672617
3501,URBAN,8.592099456841952,1.05047606225214,0.30517850303156413
3502,URBAN,5.564966748140979,1.4383795420166126,0.31676876073749266
3503,URBAN,3.433320040770618,1.3531325131898533,0.29183788580507725
3504,URBAN,3.12078649956768,1.439639701609637,0.5702985988718349
3505,URBAN,2.6056453945335405,0.8099131067647342,0.18534629249541926
3506,URBAN,4.138536015247365,0.6225870720555728,0.16773851929409425
3507,URBAN,5.226244482490039,1.1159465577446872,0.20973573138303495
3508,URBAN,10.227859534504049,0.47716025783855687,0.27585307344908344
3509,URBAN,2.081503178229803,0.838216938217064,0.45461945913645435
3510,URBAN,13.855486103846257,0.8631554821903694,0.5373696921071178
3511,URBAN,5.795269244690944,0.6316721494769519,0.34016414742280976
3512,URBAN,4.583555923862911,1.1573164655864383,0.5700751125492282
3513,URBAN,5.517698798119699,0.9275493131212973,0.16804774078095788
3514,URBAN,2.7563302406624395,2.7459539590717363,0.881347766678047
3515,URBAN,10.54029718509757,0.9324228530823961,0.6209938422201018
3516,URBAN,8.969038715589974,0.4024389590414494,0.5060672860868644
3517,URBAN,11.106537038746826,0.7677060890764693,0.2520312691603171
3518,URBAN,7.071968993212257,1.1387163324895986,0.5140905967828027
3519,URBAN,9.434427513431018,2.355081437202925,0.6582276601870365
3520,URBAN,1.5075809104146825,1.0654616814885611,0.5393762774169545
3521,URBAN,10.246406370586378,0.33108872750699087,0.3990365829998569
3522,URBAN,16.73380485790559,0.712984634588545,0.1306174790199597
3523,URBAN,13.704522933818337,0.39315557968549536,0.1997162005570508
3524,URBAN,4.688284970883838,0.6511744577971927,0.1173835303253473
3525,URBAN,4.034656661410164,1.0606071278188194,0.39286706529103044
3526,URBAN,4.050284855224092,1.0111643268137085,0.026348413586180286
3527,URBAN,8.70383057312728,1.5882363111890725,0.4743765361352841
3528,URBAN,13.720963525365262,0.8873674538620857,0.5952486190508663
3529,URBAN,3.5774948154713613,2.148291509350586,1.0437695721026845
3530,URBAN,5.770618372145107,0.8138099946197996,0.9013921728895589
3531,URBAN,9.96010977723232,0.148889045463147,0.602502943457556
3532,URBAN,2.7950128363236972,1.2018266137932643,0.16943353964603994
3533,URBAN,1.9609446309233742,0.04317141375366669,0.1147774616737759
3534,URBAN,2.86170419408144,1.1985846007380738,0.4296535775374051
3535,URBAN,3.9497304044701713,0.42607081232239274,0.380400766363054
3536,URBAN,8.456709059597934,0.9465695835268401,0.42551323348388315
3537,URBAN,8.431288481526376,0.36191183227288015,0.38984542338581374
3538,URBAN,1.3786650637787814,0.6969759579732695,0.389769023104819
3539,URBAN,11.839908080082436,0.8311237778999192,0.3079144475788704
3540,URBAN,1.8023911675897861,0.9264690144177333,0.4846717926898007
3541,URBAN,10.317862919406572,0.9101354336752426,0.4923484417481365
3542,URBAN,3.6086678147930136,1.6280783161159575,0.8035735044339012
3543,URBAN,8.269797805143426,0.6558646473369873,0.5392000271946005
3544,URBAN,2.468165648968406,1.5640320405956674,0.27619289131561625
3545,URBAN,10.121516425433136,1.1433640384769241,0.3575538861856688
3546,URBAN,7.919304201434462,2.0368566840221045,0.8402568952172887
3547,URBAN,10.578739931495727,1.4841294010971846,0.9990887921921845
3548,URBAN,2.5657180737541863,1.252740075214569,0.852407236508085
3549,URBAN,7.012816665766266,1.6285277208339142,0.7863280005161498
3550,URBAN,5.881145388445391,0.7147809732834094,0.7750116841284382
3551,URBAN,14.327879546431769,1.0410463815930515,0.2772320085570151
3552,URBAN,7.421409787772845,0.8798678009439035,0.4296890047025826
3553,URBAN,5.646624991144859,1.1196586627586391,0.1832628812688858
3554,URBAN,4.687328351120896,0.7616069719678406,0.2598382323073748
3555,URBAN,12.482247372267677,1.2884857726454242,0.4598219176377519
3556,URBAN,13.86450428379919,0.9456078045627873,0.40248758049120037
3557,URBAN,4.063521168757771,1.1038900728862564,0.02986595442755096
3558,URBAN,4.002899416712811,0.4518640815241483,0.13515333838041108
3559,URBAN,4.364223423502167,1.8431549541828647,0.49961584913459356
3560,URBAN,6.847235179970493,1.4982689754240064,0.7136408132463513
3561,URBAN,2.861746256244231,1.631371705126721,0.7023677411936182
3562,URBAN,5.740828616049782,0.6535160051368257,0.6630152531774838
3563,URBAN,12.266229989263385,0.9099571751030289,0.34563354963816734
3564,URBAN,6.341284381844136,1.263861746512262,0.5245542640500777
3565,URBAN,2.5452748694483134,0.367224049996178,0.3981151895415197
3566,URBAN,3.9131677255877433,0.9875365543861605,0.4942134908295644
3567,URBAN,1.7741520429821254,1.6618390526267528,0.54288878426572
3568,URBAN,5.671470185034158,0.9965568706618442,0.37258241053591656
3569,URBAN,3.58201673109938,1.1937963720328493,0.242340475365073
3570,URBAN,6.787648670615248,1.3025796801282028,0.275873670378367
3571,URBAN,13.162082876418665,1.57895868071354,0.3310543281532333
3572,URBAN,6.26425526542468,0.6819225760134351,0.46089665126405344
3573,URBAN,13.289397230174618,0.8765980967480436,0.2651325313956511
3574,URBAN,10.508181307980767,0.8997902908840928,0.442467936766573
3575,URBAN,0.8164440339219906,1.3162808097989547,0.6939410815695105
3576,URBAN,7.5951314643103425,1.640370295344375,1.0176276767039196
3577,URBAN,6.32674371323738,0.6198242166773211,0.5910370517799804
3578,URBAN,5.09276435660783,0.9346666369484272,0.3557799475849887
3579,URBAN,1.468833844252803,1.5190653606152889,0.7267024821780906
3580,URBAN,11.056741222041918,0.09313077157571216,0.5132692756090339
3581,URBAN,5.213054968845949,1.0593550254987913,0.5772915388086467
3582,URBAN,5.582175516642027,1.2511981873066276,0.2559359164400658
3583,URBAN,4.234620017643134,1.7896208827679223,0.3987645628264868
3584,URBAN,5.431349687943744,1.6509240512090635,0.8138150900836799
3585,URBAN,10.01108755016869,0.7067470633857116,0.8098662924679243
3586,URBAN,5.500570460463994,0.5584031330980195,0.6184134435437452
3587,URBAN,2.679493514300857,1.0723273493947527,0.12245316671295782
3588,URBAN,4.869502823245236,1.2698189665164,0.36294804169327605
3589,URBAN,5.782393416161788,0.8110644056612667,0.49845357721444566
3590,URBAN,9.37964402672448,1.7759312523785367,0.9012019734502267
3591,URBAN,2.924957230972529,1.0392555189752786,0.9400404094914785
3592,URBAN,7.598927826162829,0.8101615563541318,0.8783385429050997
3593,URBAN,10.277107148542996,0.8486119698124361,0.8301734696020205
3594,URBAN,3.3000623721225644,1.5670347743652535,1.043482513734265
3595,URBAN,3.8418302124645685,0.5101119005531297,0.6127711827220733
3596,URBAN,3.592813470677163,1.2019785681037811,0.07593040011228062
3597,URBAN,5.901624835088005,0.6409647051032497,0.22964360298839298
3598,URBAN,9.418451372908644,0.4697332504469752,0.29066352408472257
3599,URBAN,7.651043531477562,1.7052465976697966,0.6254465115602321
3600,URBAN,7.735227025432982,1.5063368553015006,0.08393530909675875
3601,URBAN,0.7131304218012028,1.0097471005571115,0.3270075681816294
3602,URBAN,4.44276378908544,0.4365831729552529,0.1467657747397639
3603,URBAN,4.03218210503665,1.8557088575600698,0.600296319598869
3604,URBAN,12.67794566258117,1.7940674928163423,0.8909528528321542
3605,URBAN,0.27455225972192326,0.8889169482441718,0.36489443403296085
3606,URBAN,9.172188184224886,1.136215104642855,0.23175912941939503
3607,URBAN,4.8914422163158235,1.5266841281545844,0.3275090944340903
3608,URBAN,4.39943932031039,0.779091745315093,0.10510098920307992
3609,URBAN,1.7678062051055998,0.3865293745192363,0.1113056616820644
3610,URBAN,18.713735101647785,1.3726384260770892,0.3387587763342978
3611,URBAN,9.613433301569373,1.4846634016939357,0.5635382426423572
3612,URBAN,8.648941538316475,0.35410424849104444,0.31412026205350846
3613,URBAN,10.280187590892279,1.1962607508525984,0.17229367962243733
3614,URBAN,7.8392461329675545,0.9685220827664072,0.28616899817878033
3615,URBAN,11.48057714105836,1.3128154828754997,0.4200186840444164
3616,URBAN,7.048464197198478,0.5869226723285397,0.341890862456862
3617,URBAN,9.498898542339965,0.60795107647161,0.43197219509951684
3618,URBAN,2.159617663708512,0.5104056517659261,0.47248434176200305
3619,URBAN,4.487116560310297,0.46966448557336454,0.229593096563302
3620,URBAN,3.1221647650647233,0.36578338817173256,0.23181273683989873
3621,URBAN,4.252149298615115,1.0941757266312664,0.29955449720827265
3622,URBAN,6.055623787691067,0.7342126179800428,0.43921723796762663
3623,URBAN,5.760186332833931,0.7853027165859294,0.1522867817661258
3624,URBAN,6.939849847199424,2.4351892610063097,0.834853119340488
3625,URBAN,3.9576542647000514,0.47687324254531593,0.6757001739305186
3626,URBAN,0.5240140033774717,0.49081758187442026,0.633659791238577
3627,URBAN,7.75262748896179,0.12693322113205766,0.4305982408869807
3628,URBAN,9.559225166499587,0.7701409048403588,0.2522475424177453
3629,URBAN,4.088657174326241,0.2997967160659646,0.20785668420272463
3630,URBAN,9.560951305182861,0.7792519705361367,0.37877680900108235
3631,URBAN,10.862869998289089,0.44984267422597995,0.4153995364624871
3632,URBAN,8.16578101553601,2.145648241657787,0.3876239555617284
3633,URBAN,11.602183254285576,0.7298823328065729,0.09801030885584887
3634,URBAN,4.885331340282121,0.4410531225440847,0.13077215959708957
3635,URBAN,5.797606066989631,1.216423277687262,0.4646648074671337
3636,URBAN,3.8554056596732402,0.601201441098676,0.4268368432830304
3637,URBAN,2.5000420674293764,0.4858160249986153,0.45175559097291706
3638,URBAN,3.428601846442125,1.193520203405471,0.5559144351953265
3639,URBAN,9.710835482684987,0.7440602881363455,0.6188610912433276
3640,URBAN,3.2543986755422516,0.2875004073580154,0.3780328430265204
3641,URBAN,5.718773833387898,0.9005945326929314,0.43766767295279657
3642,URBAN,3.9136981091616962,1.16739149279874,0.46018774075306823
3643,URBAN,6.422149627229765,1.0595088556910461,0.30956610254744477
3644,URBAN,2.8063780819852555,0.2852483847031481,0.2653442537541023
3645,URBAN,5.737707696307543,1.9759759135896122,0.6784190797697203
3646,URBAN,5.9460431810269085,1.1869667429648005,0.8517281251201788
3647,URBAN,3.1470763093501932,1.9011205357811605,0.7601621431499161
3648,URBAN,7.445361000626112,1.4306012412364968,0.9206667820155406
3649,URBAN,8.56044290073977,1.6875837259029938,0.23093722856906387
3650,URBAN,8.486085765507129,0.8754693441191178,0.3780386304557076
3651,URBAN,4.57344826728095,1.8996468470153838,0.7893127862915845
3652,URBAN,2.5030099554161134,1.7545978391109611,0.846265429761412
3653,URBAN,8.636770429068466,0.8468628111972641,0.7074979438040916
3654,URBAN,14.235387884475948,1.3399329686764674,0.48806213617169725
3655,URBAN,9.961089746217787,0.9312049943803393,0.6286859764789424
3656,URBAN,2.6534229236017786,0.8701623505553514,0.4540434621243741
3657,URBAN,6.861650774774384,1.630280326111359,0.2819619334505093
3658,URBAN,11.586194364625841,1.6865593155953749,0.7056333319668463
3659,URBAN,6.108120265083548,1.954362278027384,0.5181428151869377
3660,URBAN,8.175355752270852,1.679028601659591,0.5714506353340113
3661,URBAN,7.344533316113642,1.4898568471918703,0.8459965378076414
3662,URBAN,1.426377168649605,1.3371691632045373,0.99455741423517
3663,URBAN,6.119504884070607,0.5168040473472494,0.7089090793838514
3664,URBAN,6.374036561313351,0.5588667816648931,0.6847542903478682
3665,URBAN,4.915534531941469,1.1219472269303015,0.4067822713960542
3666,URBAN,7.078206171523479,1.5193238184989861,0.6416477308560874
3667,URBAN,3.490000439183777,0.3339527488050809,0.4825159869894168
3668,URBAN,5.32002484064642,0.622750784682992,0.4846875436719492
3669,URBAN,10.113892230809354,2.171148381150864,0.9855505484161813
3670,URBAN,0.09168909970802373,1.2380108265623995,1.0755240620271642
3671,URBAN,4.322172151538173,1.6161992060874306,1.166750756960652
3672,URBAN,2.4279450417047785,1.7329162501511213,1.3079835139433988
3673,URBAN,4.646067757764462,0.5973778645787045,1.084275170617029
3674,URBAN,2.8553431542210936,1.5771813134814925,0.5059345325618035
3675,URBAN,7.2179286766830435,0.10552205625237622,0.36615546841998475
3676,URBAN,4.056187902984064,0.13084981059254205,0.2814295162453652
3677,URBAN,10.693757139158592,2.4065749228249183,0.6577692177184415
3678,URBAN,4.931790738517901,1.227558478421252,0.4414931357406103
3679,URBAN,7.278350415140729,0.8215569337593922,0.12249359654728986
3680,URBAN,8.18953004100329,0.8455948228928525,0.3022186368973462
3681,URBAN,2.1971619841876153,1.3409897070621224,0.19054292746989135
3682,URBAN,16.6447681590689,2.746598354633529,0.8532474442478657
3683,URBAN,1.6945831678917591,0.5517764337860982,0.45443521636358614
3684,URBAN,3.017965370559728,0.624919551430921,0.2093428657963476
3685,URBAN,5.33333977023056,1.2056335852222306,0.29464695393866336
3686,URBAN,2.5239896336860617,0.6842184491116012,0.41030553195285807
3687,URBAN,8.354255489400627,1.7890519213840237,0.696923299107748
3688,URBAN,5.838860488339966,0.363694563298036,0.6032969802438425
3689,URBAN,3.7230416500849377,1.1948607152482589,0.08382767872187576
3690,URBAN,3.6133912670462207,1.7240792122216355,0.5885967595768766
3691,URBAN,5.622547903335698,1.0514515326855491,0.4875980196843709
3692,URBAN,5.686161351424052,0.7400104819777684,0.16866518426293658
3693,URBAN,7.958032162078295,1.0765881464246907,0.3884964520384987
3694,URBAN,14.073671981835158,1.1555954391524128,0.45038159533765937
3695,URBAN,8.104898492048878,0.9829958130499175,0.39887385132266795
3696,URBAN,8.811674080514592,1.398000721838204,0.39625764039967654
3697,URBAN,1.298197096043236,1.0296955254510152,0.5087587077730563
3698,URBAN,8.84273887665953,0.893684367472613,0.6586628144128014
3699,URBAN,4.760380302961902,0.5504879753699677,0.5153931779234533
3700,URBAN,6.498758652946291,1.064631455212191,0.09912130688733979
3701,URBAN,8.212248362081718,0.8430855935897323,0.3173293127956796
3702,URBAN,3.6981015452984027,1.9745391390204896,0.7886819645331351
3703,URBAN,13.168226262343447,1.1986046662432863,0.5858101285669022
3704,URBAN,4.768299899707187,0.616795527476319,0.38648771324913794
3705,URBAN,3.37877497134709,0.4126305951562357,0.16071143159068277
3706,URBAN,2.264167948947808,1.7222242163457462,0.5769785815642057
3707,URBAN,3.6496298817115287,1.8531828369670462,0.9572866502461406
3708,URBAN,0.5234451492144935,0.5946077532200796,0.8889216099408576
3709,URBAN,11.13332091221847,1.0719446485433424,0.7617800078015163
3710,URBAN,11.95777907756136,0.20323750424200632,0.5766545929410185
3711,URBAN,10.169089696557934,1.1270020716969231,0.5185940490953157
3712,URBAN,8.17864943451209,0.7744471948593369,0.3043348259641353
3713,URBAN,8.691812291309644,0.8274157086175761,0.1629176390445013
3714,URBAN,4.774372111616486,0.4463923116107687,0.05824139357090057
3715,URBAN,8.423836910629486,1.4371293344829519,0.4254691537564781
3716,URBAN,5.649953497272689,0.7428772665259304,0.5159325217367954
3717,URBAN,1.737821085174077,1.2378180165295853,0.47923532779948874
3718,URBAN,5.630678583576023,1.2307014620421914,0.4875651783023807
3719,URBAN,5.039345706118908,1.4861233155987512,0.6290041995011855
3720,URBAN,8.607720275289713,0.7282791694329772,0.6263630765524832
3721,URBAN,4.028574084847921,1.666505849652323,0.5105824276362737
3722,URBAN,4.300336678821862,0.9535384030000825,0.40458889401792314
3723,URBAN,4.656577392436906,1.0476527221131229,0.18675890567969705
3724,URBAN,4.589957091195206,0.4633121847731445,0.019862293766754573
3725,URBAN,11.394068293286717,1.2885442919543084,0.40669764015610804
3726,URBAN,3.0230735836772835,0.5788538726364338,0.1317570014610296
3727,URBAN,6.833418159207284,0.689180413220365,0.3095777797354423
3728,URBAN,6.95350483389757,0.950758577895991,0.47629499437040396
3729,URBAN,10.271846121855887,1.834365240114539,0.38705752138791094
3730,URBAN,4.449389804130615,1.4519594878897573,0.6699712220813709
3731,URBAN,7.832204279739502,1.0309625537323874,0.7796217116489459
3732,URBAN,9.65969472156779,1.2537018062649983,0.45328710668209743
3733,URBAN,6.4448776458572,0.7460018449268352,0.5214333558720401
3734,URBAN,7.743399291514369,0.6700178794756703,0.5973717584086143
3735,URBAN,9.799029711530348,0.5511982081118958,0.3406286673867867
3736,URBAN,2.2490113035682655,0.3343169825951866,0.3475784545108005
3737,URBAN,8.065674168161763,0.2696207967660182,0.27522826365196096
3738,URBAN,4.586317871301145,1.2381363132218766,0.35593671147504613
3739,URBAN,15.32600428031323,0.520120121329126,0.4175598643408739
3740,URBAN,5.412240402838063,0.684417223696269,0.4828564042961562
3741,URBAN,7.186536126744761,1.1001646546028927,0.34835368929541316
3742,URBAN,5.150250240891082,0.31226494416549083,0.2723206381890835
3743,URBAN,9.067671507992975,1.028819599192011,0.47129881164153997
3744,URBAN,12.966189525350986,1.1720062962741369,0.6678705009025969
3745,URBAN,3.744065225213392,1.003843500997574,0.5914161701464979
3746,URBAN,8.84085862095745,1.5951838950302566,0.782996562696921
3747,URBAN,3.835979784807732,0.7790639603579811,0.6717840935283989
3748,URBAN,9.304031244139608,1.089612061397168,0.467618341411019
3749,URBAN,9.712839987717649,0.35652031283145497,0.3440508243924059
3750,URBAN,6.738423648102522,1.2894336790935754,0.5153948637965665
3751,URBAN,3.1502472011716467,1.0198504554485257,0.1752181491463528
3752,URBAN,1.2093757455042808,0.5019855662721947,0.15916752833923767
3753,URBAN,4.779736192155672,0.5341086888980625,0.28000977753014245
3754,URBAN,6.7850214637374044,1.262487410140994,0.4033674999981233
3755,URBAN,7.4189135503981865,0.39996825975105227,0.24770868593285172
3756,URBAN,5.857418873747799,1.1079502431858181,0.27772834885651543
3757,URBAN,4.028540737864047,1.3697910889805234,0.44351922300583146
3758,URBAN,6.905434701258444,0.6911076086179191,0.5183335110937336
3759,URBAN,7.265736016742543,1.4925294598462455,0.8142116074930561
3760,URBAN,3.483973832185409,1.0461768420485065,0.26817232934839214
3761,URBAN,5.097327867489199,0.21578552628260278,0.23757404212672206
3762,URBAN,3.797697927049346,1.476863476049246,0.40841982925620374
3763,URBAN,14.65082705749103,1.0484660815436608,0.6419170469174132
3764,URBAN,8.5627915473814,0.6661824390104325,0.5040280188345796
3765,URBAN,5.84958479084382,1.5773022047390466,0.8561045379206181
3766,URBAN,4.973089654192813,1.9313680935095219,0.661425237512875
3767,URBAN,8.362629955052272,1.155874420869092,0.3811615082803575
3768,URBAN,5.569011238408754,2.1558180624654235,0.8530487114023535
3769,URBAN,2.9034552731984813,0.5069943948154213,0.7881443798840765
3770,URBAN,5.099624152913393,0.41336228975311373,0.6194402595639006
3771,URBAN,2.2840279421670435,2.5159916130953737,1.2592607287665907
3772,URBAN,6.415709650142639,1.3011555845590401,1.235563318036504
3773,URBAN,4.283189402274751,1.5754000972876985,1.143481160889313
3774,URBAN,7.8813622300621065,0.6632435839313913,0.6237835042757828
3775,URBAN,12.39610883371415,1.0285021495656912,0.2872949561251047
3776,URBAN,8.431559341306727,1.7239001036960093,0.6586256949897625
3777,URBAN,7.697513208033126,0.8313140693025881,0.3487800211499299
3778,URBAN,10.96311088543482,0.9545359523700051,0.5227185840811447
3779,URBAN,3.64203033287922,1.322804871120132,0.41088055366772797
3780,URBAN,3.502794808751332,0.5379005581559188,0.2913069793486947
3781,URBAN,7.746167462208961,1.2646288843102207,0.5694289040499863
3782,URBAN,4.3249790488997455,1.217229043088683,0.6311377748869514
3783,URBAN,7.786001841270973,0.20931286332308682,0.4216807261723124
3784,URBAN,6.296546027874976,1.6847450234997463,0.7759382719864242
3785,URBAN,6.171413695188924,0.1737472146945516,0.5658045096985993
3786,URBAN,14.774520987154597,1.3283815033124429,0.6096357599236198
3787,URBAN,8.858434156273951,1.4143755738946824,0.7003968292694087
3788,URBAN,5.201685166730897,0.8664364878581469,0.38225228786707033
3789,URBAN,8.015733047780358,0.4544828281502715,0.3514879635042872
3790,URBAN,4.597411130047634,0.4699517584020085,0.12850775400337267
3791,URBAN,1.534403033400711,1.5167212331245183,0.42169301083773947
3792,URBAN,3.920853752025493,1.6132007435689875,0.7569352914967343
3793,URBAN,9.387829022520009,0.8681516464294717,0.8145666694112063
3794,URBAN,5.002614917291141,1.2800082087165516,0.6321342707435972
3795,URBAN,3.252875413443118,0.6567916944235975,0.614503353029405
3796,URBAN,5.688825994166254,0.35783637226969706,0.49816709043504614
3797,URBAN,14.606138952047933,1.3657002973666947,0.7886120784601143
3798,URBAN,8.838870653128454,0.5505726586753255,0.681554648762443
3799,URBAN,4.048341793519781,1.6838074889865187,0.7072996246304893
3800,URBAN,12.21456935740815,1.657648750736054,0.8966525060519461
3801,URBAN,5.412328149950627,1.5729106027761168,0.9701684222605709
3802,URBAN,3.2007404414874565,1.3996801781253658,0.9595582246754533
3803,URBAN,8.536544122939864,1.9125645371737157,1.0205215767520395
3804,URBAN,7.2088626647199145,0.5080580966901291,0.6715069719046194
3805,URBAN,9.481573299550707,0.658779945242615,0.5390744869013536
3806,URBAN,1.2343299561992782,2.711021027343491,1.1293218855868334
3807,URBAN,3.681549134798875,1.0342933192224286,0.4870444395685568
3808,URBAN,11.053821250178247,1.6412607793416962,0.2377824000724934
3809,URBAN,2.847032950910356,0.9949023835394587,0.498190060249555
3810,URBAN,0.8991305372837675,0.7764830726378128,0.50612836760992
3811,URBAN,6.585279349950341,1.2242821293221602,0.199608091980475
3812,URBAN,1.511764363909806,0.371565057227525,0.08119579299059704
3813,URBAN,17.83766061800376,0.5853185659115178,0.2293118072865848
3814,URBAN,8.651661458843119,2.064396313718833,0.8089269456484013
3815,URBAN,10.372873648447477,1.6522217472437355,0.15630844913841904
3816,URBAN,1.698573891090123,1.490176137296003,0.5525382345310841
3817,URBAN,6.919236183111226,2.017997811860513,0.824384863801484
3818,URBAN,3.728226846950877,1.0961882399348217,0.8523594646961034
3819,URBAN,8.141320490638732,1.871467090409287,0.365613836978533
3820,URBAN,11.258457480387504,1.8403037385272913,0.6621437056419952
3821,URBAN,7.7110253574813274,1.117041706581336,0.7542211411863842
3822,URBAN,8.88916479954385,1.447117656806972,0.8197607635185032
3823,URBAN,13.040310779753149,0.3383837462961522,0.7012078521445138
3824,URBAN,6.104179542489744,0.24373268485497812,0.5322559419101088
3825,URBAN,5.351098330699927,0.3286027750703148,0.49146823378657273
3826,URBAN,5.500117538569056,1.5990401833236798,0.47280286150262457
3827,URBAN,7.491528995622839,0.8688787831372806,0.3389394191241828
3828,URBAN,8.131473345843983,0.6572455841316568,0.41902038465950614
3829,URBAN,7.689797976749258,1.9145693556427539,0.4747149902066839
3830,URBAN,7.5624885210581585,0.8252176377776779,0.1302955675841446
3831,URBAN,4.474817171765858,0.9910783911855265,0.375787120761595
3832,URBAN,0.6585578649678814,0.7063932473389539,0.07367482143618116
3833,URBAN,8.560218884927243,1.6905268073533568,0.5446431342433565
3834,URBAN,2.0006056529626384,2.0419790752334817,0.9966127541692418
3835,URBAN,6.722747462135554,1.8929861690922285,1.2720528243883407
3836,URBAN,7.366024637229299,1.6361770981172585,0.5073782944447668
3837,URBAN,5.2825740079135475,1.7479685485697316,0.7928373981218341
3838,URBAN,9.885717733144642,0.9554722399096686,0.3273289130439884
3839,URBAN,2.8032163956980507,0.6577603192508547,0.2416877877198327
3840,URBAN,8.167510694104287,3.444928520219798,0.9093703294235248
3841,URBAN,3.269142851132479,0.22133200554582977,0.7378705465199756
3842,URBAN,5.119594940297303,1.3216762130266495,0.9181264691028678
3843,URBAN,14.019759276458037,0.5834655591985738,0.6786244075453215
3844,URBAN,3.963321382924979,1.3415511162089435,0.7629720261254677
3845,URBAN,4.750833022021474,1.0957389646122093,0.3558642708707235
3846,URBAN,10.259943458249403,1.4021661305751014,0.6146739327777292
3847,URBAN,1.357293867038706,0.6446216980867979,0.5525383225224261
3848,URBAN,6.619834384907275,0.7466526233342031,0.61186090355851
3849,URBAN,9.649696532629918,1.947166497130386,0.6744944942647506
3850,URBAN,6.337196125606563,0.5843469053940642,0.35281374118719266
3851,URBAN,1.318001637074262,0.7736894104074206,0.2025755950926291
3852,URBAN,8.865563833743716,2.106699528657861,0.7529571846610646
3853,URBAN,4.016284657801457,1.0753863419292682,0.36251309409588767
3854,URBAN,6.076027416929878,0.3557329885914898,0.16148999494338345
3855,URBAN,6.0206894967911895,0.6311977287581202,0.21923758266945398
3856,URBAN,6.419128931737971,1.4711503323081878,0.4197580374150431
3857,URBAN,7.829716110924079,0.4587916043883761,0.3569433949690666
3858,URBAN,9.056098056603497,1.4262223990027734,0.17058925835098449
3859,URBAN,3.8806933419654386,1.1489509202188026,0.44431541556131077
3860,URBAN,7.254277182556858,0.6726926591749969,0.3706980970638568
3861,URBAN,7.015624533088884,0.277635772482059,0.3004089293809894
3862,URBAN,3.465588785676068,0.7948783263938052,0.21350756301406204
3863,URBAN,3.40373111574925,0.8342884510065608,0.393793134345626
3864,URBAN,1.5328872794406403,1.1507230216485431,0.5079901385327497
3865,URBAN,2.857933700095942,0.895189750448513,0.4562413195867055
3866,URBAN,7.300844094701792,0.8530286201065649,0.5774964831275813
3867,URBAN,9.354206499895163,0.5767540574613013,0.576676169462898
3868,URBAN,8.307438127529172,0.6063668339013208,0.5450039807374278
3869,URBAN,4.349360052725995,1.254899964019193,0.3424793086451571
3870,URBAN,6.120966746950701,0.8092095183687803,0.12110366600939505
3871,URBAN,3.513265260861451,0.35259058081442957,0.06009261190629446
3872,URBAN,2.4457260682847877,0.7478325913371039,0.19045004641782545
3873,URBAN,6.917375860304457,0.4125744844165596,0.18520046550634953
3874,URBAN,1.3304904280490344,1.8864311744754423,0.41342800848384204
3875,URBAN,2.990525593625877,2.030097194098359,0.30791261110659585
3876,URBAN,1.348651251979462,0.4890305358247155,0.14325882737056458
3877,URBAN,3.4052145296434158,0.10560879705469049,0.08012650129536107
3878,URBAN,5.911260711784647,0.993772404949852,0.19909584177142808
3879,URBAN,3.4853271137718735,1.0099917831698215,0.36562519281965544
3880,URBAN,7.408876559797912,0.18505899476796153,0.2108701056170025
3881,URBAN,3.376918764563292,0.9657543531391933,0.1854372987376292
3882,URBAN,7.198398944301479,2.3273411649367017,0.4818622890988535
3883,URBAN,3.9692095567611805,1.508397063366739,0.32766908376000403
3884,URBAN,8.623515753809471,0.34505463152401006,0.24770178393864214
3885,URBAN,1.7503425493047045,0.40736225888177025,0.20846099270520713
3886,URBAN,3.4099822306451126,0.8569558279365392,0.18828106961804114
3887,URBAN,8.173025986791357,2.5467276720772376,0.7993532075091058
3888,URBAN,9.723358616798059,1.2066053938430974,0.6704152783397067
3889,URBAN,7.402712374553846,1.4693880350753201,0.8850224286795175
3890,URBAN,5.987322423491004,0.8411117355308348,0.7820778328788482
3891,URBAN,8.390318962138801,1.3554388103088462,0.8664556776256611
3892,URBAN,17.809969468874314,2.0304291453062224,0.683280609505062
3893,URBAN,6.392657163666024,0.6968846126107764,0.3975730522455914
3894,URBAN,6.681355430664666,0.10820715261914136,0.2636738749863299
3895,URBAN,5.184476560107527,0.5396433677262481,0.1129542482945707
3896,URBAN,6.645289253816967,0.6684790527819023,0.24278232424803256
3897,URBAN,4.9851434641502825,1.6497822628736938,0.2979088910103314
3898,URBAN,9.593900402156235,1.3215219312765876,0.32087423458118747
3899,URBAN,3.0820328219599964,1.0875609159275819,0.49630989028803263
3900,URBAN,12.066304977150645,0.9107388293099566,0.20269245788216475
3901,URBAN,9.125299617129723,1.1600067385914112,0.4592924294190535
3902,URBAN,5.113869648136832,0.17726207032327573,0.35516313443724506
3903,URBAN,4.885307720485663,0.8792618594011637,0.4142720517780534
3904,URBAN,10.35776378158397,0.9004250177372223,0.5323338220069435
3905,URBAN,8.302766380478838,1.0060786304266403,0.37502708211078434
3906,URBAN,3.9762409046387686,1.0557942871465644,0.2908295389446744
3907,URBAN,13.72213380612603,0.5150836595348568,0.3484504753840049
3908,URBAN,10.663379689933802,0.8675791452977841,0.019170870788733866
3909,URBAN,6.212096515025909,0.8762044984980274,0.25811583247340497
3910,URBAN,9.531376763118432,0.2098410595926012,0.21643546789191442
3911,URBAN,6.944958772566563,0.8237063772140198,0.375144268661333
3912,URBAN,3.182618775971472,1.2869608441625309,0.6362398194550344
3913,URBAN,7.800595798965194,1.1802054703349556,0.17706541327032047
3914,URBAN,9.970910531471272,0.6325853147968614,0.2618140083629499
3915,URBAN,1.1613874206332564,2.401955073138674,0.4602352566770709
3916,URBAN,11.124824122004247,0.12549935689558356,0.36434812932229643
3917,URBAN,6.138423443405341,1.4167527581923736,0.6365831797512465
3918,URBAN,6.252695391957151,0.27073349178289946,0.5252736653020548
3919,URBAN,10.435759265509454,0.9267425340282035,0.22532803543532992
3920,URBAN,9.281254961177355,0.7969806558425109,0.36481059647467345
3921,URBAN,4.23073452417266,1.3296970080716284,0.4487077496025449
3922,URBAN,12.036865185248995,0.9874353170098155,0.10680410622110378
3923,URBAN,7.753559086142538,1.58553576952098,0.4457516430583381
3924,URBAN,2.5087235950957663,1.9028467069980586,0.789609511579906
3925,URBAN,4.7688924067166525,0.44257798763047157,0.4759942680010939
3926,URBAN,5.310403871299422,1.0650283947847796,0.431997719676601
3927,URBAN,4.5736200536107585,0.5753610843109597,0.4046837174644025
3928,URBAN,7.767333426472656,1.181187171853008,0.6723864835470942
3929,URBAN,7.826197506904027,1.1940567181955626,0.8768745442018943
3930,URBAN,7.360420805485185,0.5091135065148713,0.4948764318353814
3931,URBAN,7.034712953831406,0.9111367144910232,0.4063090407548237
3932,URBAN,7.416483267446388,0.6883390802226919,0.4677255207413169
3933,URBAN,5.498833133398525,0.6250448466931992,0.5199040678146062
3934,URBAN,8.008760588640877,0.5369926028453997,0.23139347955666256
3935,URBAN,3.0162646727108977,0.5333882086041488,0.14474350862345142
3936,URBAN,6.355686065406569,1.9014180526748992,0.4643329018181293
3937,URBAN,0.35191070532298974,0.9327626500892469,0.6187555157695614
3938,URBAN,5.78593205424962,0.47292903154159793,0.5172952242059882
3939,URBAN,0.8531099081127343,0.9858773416441675,0.6429380706325156
3940,URBAN,5.527698877637116,1.1077322362745008,0.6584993575084714
3941,URBAN,5.397591737789738,1.206715861322244,0.554495523921084
3942,URBAN,10.398054356000058,1.014121365273886,0.6719792152590677
3943,URBAN,6.6285084794828535,1.1803054590146955,0.8410146579271212
3944,URBAN,4.888943067227889,1.099689307332745,0.3417381246362557
3945,URBAN,10.104832096367895,1.2475622759815141,0.6293400415770186
3946,URBAN,6.2407614908304465,0.5066133311573208,0.5692010284967978
3947,URBAN,5.555536731627582,1.1603159507872123,0.31893834476409594
3948,URBAN,11.272811898175325,0.16874906648998864,0.22361577395597385
3949,URBAN,8.349904866845804,0.7505643287571147,0.3848578547243492
3950,URBAN,15.764938085146733,1.0033429816551729,0.1585316194814104
3951,URBAN,10.66379540306433,0.5958662271615855,0.2699873698917605
3952,URBAN,15.434233115977285,0.6058571620608317,0.058587233498522594
3953,URBAN,7.656876586530372,1.059123721395918,0.3493743212816559
3954,URBAN,6.410870421602493,1.3653123078695248,0.24223888176985717
3955,URBAN,13.796457029755027,2.470434893178872,0.857388110839377
3956,URBAN,5.5637913151458545,1.78918682799698,0.17077718783996318
3957,URBAN,8.790641668821888,1.3106700941883147,0.2553387249483047
3958,URBAN,3.3502927469370967,0.6634087843174826,0.3330936587681076
3959,URBAN,4.395924614625313,0.9837093792414379,0.12025689809169716
3960,URBAN,8.32342828877265,1.411781240488644,0.4830245024130696
3961,URBAN,2.4934777064096494,0.7369119419873862,0.3692460838385682
3962,URBAN,8.326480168957218,0.7502003844102959,0.0538245611051806
3963,URBAN,4.3036759820186985,1.0511085977279249,0.3136234997649857
3964,URBAN,5.034860381093306,0.6863984158525407,0.41919946553803894
3965,URBAN,5.25084374903493,1.1228850991184607,0.31096536279123854
3966,URBAN,7.82025524913054,2.0652079043680116,0.7350974654925422
3967,URBAN,6.621279279845178,1.821371033878108,0.23304368620247293
3968,URBAN,2.3414648006966123,0.7220097193601658,0.3616651621800101
3969,URBAN,2.1245007065978596,1.3771230091048523,0.38915115669744793
3970,URBAN,8.594360639440865,2.2522421915722117,0.4278787814448244
3971,URBAN,6.583310748539572,1.0827959562925034,0.4496916415168487
3972,URBAN,7.700388107777197,0.7127363138299967,0.46489828417000834
3973,URBAN,5.93123164109263,0.7401463653656739,0.522699814081283
3974,URBAN,6.995166748213069,0.8621285391289146,0.5470007559985406
3975,URBAN,3.3958402495959006,0.5025327267380679,0.5315172556120356
3976,URBAN,4.545479090153226,0.6497178111607806,0.5293254979434484
3977,URBAN,6.534424886977971,1.3067666750587292,0.4302787507338446
3978,URBAN,5.090988476275383,0.4316508262615272,0.2498236283807297
3979,URBAN,2.7275873932400194,1.9348846013999665,0.7165432915098896
3980,URBAN,3.44262453120353,1.0952053529709955,0.8206777952364854
3981,URBAN,5.547226008694281,0.44155816754066696,0.4605096284398948
3982,URBAN,5.1022962803519185,0.9720354259553721,0.556068571604722
3983,URBAN,10.952223148177852,2.3079653882558326,0.8416728080413345
3984,URBAN,9.411563065695779,1.1175042349732704,0.8846350418869595
3985,URBAN,10.162263777928029,1.8280480923926592,1.109880525667714
3986,URBAN,12.288163447548124,1.618824281700243,1.2609119274034697
3987,URBAN,7.022662984456965,0.7895515513363123,1.0812081599904162
3988,URBAN,5.613504724097631,1.6074243007114413,1.0916975558900353
3989,URBAN,4.753235460404268,1.0021380833387599,0.8107008837857546
3990,URBAN,7.294936704570977,0.9246637586538884,0.5508162399163778
3991,URBAN,6.4450686821830265,0.851017869547918,0.6327776074037051
3992,URBAN,4.794076559363012,2.9581220804112376,1.30824377234527
3993,URBAN,4.207747622518888,1.5463777299416834,1.339110873123431
3994,URBAN,5.478964945661118,0.6574243978776624,1.1495249878396832
3995,URBAN,6.898082674914506,0.8108968394886725,1.0600163305854848
3996,URBAN,2.03364050953814,0.9689449994223333,1.0265997472678168
3997,URBAN,0.6547355281416751,1.3607893928247519,1.1160508114029226
3998,URBAN,4.679809349485512,0.10152941481902138,0.795223327438008
3999,URBAN,2.2320235533111807,0.8452251948847493,0.6567621449881708
4000,URBAN,10.003715476548818,1.411906812165953,0.7365265926869473
4001,URBAN,5.400888390116561,0.5778796649993014,0.5097509460132871
4002,URBAN,2.0540618664967636,0.6355168228634293,0.18543274208499133
4003,URBAN,1.7604433742630752,1.0109045875029496,0.4108292778020836
4004,URBAN,8.778587460580226,0.9713648516798171,0.08851702678211154
4005,URBAN,7.515821678387359,0.6256407372570183,0.22809569719151876
4006,URBAN,5.425367652327677,0.6164463318956389,0.2729832992439463
4007,URBAN,13.348833981644225,1.216320999939916,0.25817003404409905
4008,URBAN,9.2964644010251,1.0591775135290389,0.22734878631364874
4009,URBAN,5.363047538694768,1.0000225409983814,0.20517788259469052
4010,URBAN,12.227322299823022,0.9871485128973445,0.48205924725318017
4011,URBAN,12.419997883445749,1.1105192769265282,0.7212601067994615
4012,URBAN,3.445284352792893,2.233359042452725,1.0961115250548767
4013,URBAN,7.2540145135351475,0.5987331324508806,0.6108157996439524
4014,URBAN,8.454580913993862,1.7672264979069783,0.9693319941405669
4015,URBAN,1.8379568625406855,1.433596307657495,1.038460562511102
4016,URBAN,2.138902357959353,0.6923913318259798,0.6661851732665799
4017,URBAN,8.479963722669407,1.454080683222503,0.0999154427749583
4018,URBAN,4.081965355686967,0.15447336184532728,0.10245655733982123
4019,URBAN,2.2769742413764344,0.4143858107040403,0.062385100043644344
4020,URBAN,6.772343894295684,1.3951555527479809,0.3899470901794937
4021,URBAN,8.32866003035785,0.8267104851621297,0.11667186489652427
4022,URBAN,8.983976553961792,1.1408635915739929,0.4075930359440014
4023,URBAN,6.774895094627083,0.6092072967575142,0.3059665015696283
4024,URBAN,1.9328631234703686,0.9091614872275382,0.30792317201745734
4025,URBAN,10.31874305429721,0.48065011565057003,0.35623994822014876
4026,URBAN,6.3041483954132564,1.167420313241566,0.21238679308800157
4027,URBAN,11.430203242698054,1.2784513443203118,0.4487318619455925
4028,URBAN,2.652984982156545,0.9263404135852658,0.5004313489222906
4029,URBAN,8.655192966043138,1.1677152144373304,0.6785447493733766
4030,URBAN,3.634427181305933,0.515094245839935,0.6478882462074904
4031,URBAN,5.070208461107549,0.6444344595929508,0.3418002755389991
4032,URBAN,12.024068193827832,1.3091764410020323,0.6455832307427048
4033,URBAN,2.470199968634912,0.5627812320003529,0.31856881378791957
4034,URBAN,5.446833802102828,0.9804818037403085,0.1782528094844496
4035,URBAN,7.040848446967833,1.3112480854418962,0.3029381698593973
4036,URBAN,4.079145337202956,1.796395316055761,0.5372249981155011
4037,URBAN,4.814073628068065,0.3989983539101628,0.4733271527801963
4038,URBAN,3.8584349321388505,0.826962371877801,0.5730799161585891
4039,URBAN,4.834349948476119,1.1306859135409602,0.5646048074064709
4040,URBAN,9.99842233920727,1.133668855087202,0.13497669896180103
4041,URBAN,7.570151029151745,1.6239478657684634,0.6070404398314736
4042,URBAN,6.847726872106234,0.1557649502448307,0.49886655389454965
4043,URBAN,5.943869719186735,0.5110192275978649,0.20869609493217947
4044,URBAN,5.888242478783235,1.0249574201801712,0.33446753055155537
4045,URBAN,1.2462355875876707,1.406256619775209,0.6447567027828179
4046,URBAN,5.361084350101075,1.0396403408205723,0.6393087549103125
4047,URBAN,8.247252138175819,0.615979975369362,0.601672926060995
4048,URBAN,0.9678938106315679,0.625615602461683,0.6220043191756446
4049,URBAN,2.628790535376848,1.5028521656230893,0.7171164350676816
4050,URBAN,14.123299156213704,0.21528898954467407,0.44926292295271814
4051,URBAN,1.6711448991266415,0.2567749897896261,0.3927660857225021
4052,URBAN,5.225982186159739,1.3343133370105271,0.4284128905029325
4053,URBAN,9.090924182120057,1.5279897493084365,0.6265046736828658
4054,URBAN,4.078462786612112,0.3773657069418431,0.44626304127831473
4055,URBAN,4.877669653732806,0.5693929130181741,0.47485787554066206
4056,URBAN,6.870164305254572,0.5600772561900427,0.17816930984799537
4057,URBAN,4.7828608230696394,0.6422495083382033,0.16245493692983878
4058,URBAN,5.171156394603297,1.0083489114078428,0.3995125958030494
4059,URBAN,2.6057095578658296,0.748190519641492,0.2949221456075431
4060,URBAN,7.8237116161490325,0.22113263995126572,0.23912546448356875
4061,URBAN,7.150118309810045,1.0307275787531427,0.20520337184124393
4062,URBAN,3.2223827079563416,2.177432911656901,0.539349794010859
4063,URBAN,7.8644999965780205,0.7633683316314185,0.47818690680808196
4064,URBAN,5.558785079562283,0.48012266857282854,0.4713038932978039
4065,URBAN,10.75027704652768,1.690117772309033,0.8161255605708994
4066,URBAN,5.7821058293933145,0.04089038302324823,0.5691265402431108
4067,URBAN,3.328892108113684,0.8154729162954036,0.6437785735895346
4068,URBAN,7.866701757807784,1.5626289831042561,0.15972284273748039
4069,URBAN,8.807956480939204,1.1171348347840542,0.35695808055380707
4070,URBAN,9.87537780421649,1.5158707669101945,0.4034491013970937
4071,URBAN,7.9141407449874785,0.6176831999750054,0.32049232292839236
4072,URBAN,9.474760928748243,1.131647569167236,0.3122736090024817
4073,URBAN,6.873652177494157,0.6780845530093117,0.04111926972968509
4074,URBAN,5.483334796887843,0.6116672825193173,0.217199765773076
4075,URBAN,8.981806400788903,0.8323110419518562,0.3886175038241339
4076,URBAN,3.3672090201689633,0.061830434463587304,0.30226961993191115
4077,URBAN,5.490966799409829,1.2387746212405952,0.18398932593643835
4078,URBAN,3.5246922752279697,0.5660745894594603,0.19830042658226296
4079,URBAN,10.152756220582114,2.371916857266678,0.780390797567343
4080,URBAN,4.303174999975515,1.3295639738528005,0.16889039585910348
4081,URBAN,6.799986752476936,2.608101730162903,0.8663235126693177
4082,URBAN,5.594267949687858,1.6413562768386465,0.21141274261690138
4083,URBAN,11.631257389806693,0.6993919892923086,0.07290175820440503
4084,URBAN,5.13788411177201,1.4692544000900098,0.3826330634380726
4085,URBAN,9.749129604518846,1.0962091741613023,0.5142719075850125
4086,URBAN,8.061195321260973,0.7379433566575113,0.42535586123036
4087,URBAN,7.090495377502408,1.1542110763585263,0.62403923280744
4088,URBAN,4.4621410079542905,1.0512795788737554,0.1252079654656
4089,URBAN,8.232042373821042,0.6157716593060416,0.2223397950967429
4090,URBAN,7.746780884804507,0.7297148582467405,0.2865303918564072
4091,URBAN,5.960714051159843,0.9743567511757526,0.10114595881226861
4092,URBAN,2.889999538079778,1.2269837846734033,0.32935738498813677
4093,URBAN,5.175074687778445,1.2028003043015423,0.5234362558980973
4094,URBAN,0.39115677896761025,2.109459119825272,0.5441944825899032
4095,URBAN,3.6804175622128725,0.5032912302342211,0.2803373541706527
4096,URBAN,7.804944661929039,1.880065430013852,0.4642676008639792
4097,URBAN,5.4290843267761115,1.080336931398409,0.5144049064190144
4098,URBAN,6.295417708661361,1.906940478911635,0.5732579523809872
4099,URBAN,1.0601859820805986,2.060654425147512,0.2515743602838578
4100,URBAN,4.645895792490998,0.49596168545383734,0.34535859831448995
4101,URBAN,2.6627797142946865,0.924207367430433,0.06244441369641445
4102,URBAN,6.653923868875363,1.3226010605259286,0.4086686716035305
4103,URBAN,2.222666482390595,0.49321882888214985,0.17870056527335904
4104,URBAN,6.9861487164604945,0.9516781850539826,0.3897216569208774
4105,URBAN,4.024961495972782,0.6199434421272193,0.45108513128875866
4106,URBAN,7.2373274495824,1.7244151770967824,0.7767846861765456
4107,URBAN,5.861755201964455,0.8913007464212916,0.46790623829701544
4108,URBAN,13.121041224196079,0.7608478395028218,0.5517937737819633
4109,URBAN,5.091206375181507,0.789300889376843,0.20359119252885918
4110,URBAN,9.213227890294917,0.44389928780531174,0.22162920147585874
4111,URBAN,5.1847167144365525,1.6686842590741542,0.4255274752358226
4112,URBAN,9.334984101605974,1.0605846705714397,0.4331014907915288
4113,URBAN,4.458689073519765,1.9258132722178884,0.9297389196128575
4114,URBAN,9.478366737798098,0.10228510714696167,0.6612160626275205
4115,URBAN,9.1644963547602,0.2947877130253422,0.5744151637177501
4116,URBAN,7.979690832577239,1.2322075818448408,0.6043843753890114
4117,URBAN,6.824098225753964,1.2496325182621506,0.8077756561642647
4118,URBAN,8.222443240830481,0.4899528394754741,0.6545895293392002
4119,URBAN,3.4026421679286485,0.5346548189506948,0.6311595909244477
4120,URBAN,4.589452112574619,0.9207044303733202,0.7025442414659816
4121,URBAN,2.378159330077067,1.0480757510576018,0.8019539472656153
4122,URBAN,6.9534069404879295,0.7693221818161724,0.760063416554238
4123,URBAN,3.902152635610145,0.7632763513065101,0.29771991570894923
4124,URBAN,5.451877721943795,1.5277639057534695,0.3918021953838901
4125,URBAN,8.671822520197635,0.6140207119713671,0.25832723954280606
4126,URBAN,9.62005006254994,1.5514874131561067,0.2984346219971879
4127,URBAN,4.057329785078974,0.2029278195360972,0.2028272150410015
4128,URBAN,6.751377889650378,0.59288513285245,0.313666815548388
4129,URBAN,7.4503714290531695,1.122932965711469,0.4257514892220832
4130,URBAN,11.017683307507205,1.7440977756479696,0.8047223493972666
4131,URBAN,7.032909333535252,0.4793618201007545,0.7258220893608858
4132,URBAN,4.310007527850575,0.9236428868836742,0.7322202779678584
4133,URBAN,5.297895118028917,0.15342004129033024,0.5229851062408085
4134,URBAN,3.7705550108539096,0.7328243938486201,0.2126343858213684
4135,URBAN,2.327529340828026,0.5879042176026886,0.32285605872901463
4136,URBAN,5.92315103294945,0.08199132330270154,0.22159117355384902
4137,URBAN,9.873497133108012,1.4701509355609006,0.5895289757454619
4138,URBAN,6.345781647239862,1.8854536735673484,0.3890416856916268
4139,URBAN,3.3449330020005483,0.6148820017898883,0.34077762702434783
4140,URBAN,5.97782229885176,0.45435733064755035,0.19352456210452493
4141,URBAN,4.237206954064179,0.6351852944327684,0.32357012689710296
4142,URBAN,5.255019498402667,0.3416592107678848,0.31951146470930075
4143,URBAN,5.172951065000711,1.2282759467305373,0.5215943029865686
4144,URBAN,6.329794716200116,1.252106877215686,0.5209476699964481
4145,URBAN,9.757843447440925,1.2748570750232693,0.3101075588807976
4146,URBAN,8.00760947606196,2.089128961118501,0.6353204915893894
4147,URBAN,1.7881025417666503,0.5990432829387357,0.31121547351776235
4148,URBAN,9.484435314019981,0.3808509331512459,0.23736536853175658
4149,URBAN,6.205428772984758,1.2341907719319196,0.5334905769737217
4150,URBAN,6.964024400881903,1.7810098528598595,0.36555489848873135
4151,URBAN,5.042891100472656,2.125331692080666,0.3891350801729704
4152,URBAN,6.380167793377584,1.2882941119052709,0.30211416056362383
4153,URBAN,5.260774926559963,0.8329267371819273,0.1188860349309235
4154,URBAN,3.7871260388100993,1.2276781068505842,0.41912512297980714
4155,URBAN,1.5192111847669472,0.5159515361628648,0.20050912205086283
4156,URBAN,13.121232693892363,0.40675554859412244,0.2263722710251855
4157,URBAN,9.84863084127502,1.603243982643613,0.3741827602356207
4158,URBAN,4.685298709690247,2.2646386165709504,0.684826984880313
4159,URBAN,3.5810596505051873,0.4120492520186758,0.47916540511079664
4160,URBAN,8.048699450002804,0.6912195845540381,0.22118372431536198
4161,URBAN,8.48361877243042,1.1915188184673888,0.5035537244704409
4162,URBAN,12.497974932991667,2.333819505632693,0.9225014269028965
4163,URBAN,3.6683525290238967,0.8496116169935332,0.6222478633127012
4164,URBAN,12.24137286317994,0.6850803653777906,0.6501874205952464
4165,URBAN,3.3803206030930903,0.41197542401600684,0.5872754987659318
4166,URBAN,4.441330871208659,1.1229288944790428,0.758730825201584
4167,URBAN,11.980663360689578,0.4664397387795839,0.6536711313462467
4168,URBAN,5.104361656437802,1.0031905496905775,0.6588787247901391
4169,URBAN,5.042193368787448,1.4144689641398218,0.7610293947955746
4170,URBAN,6.695642702868151,1.6122385816472031,0.9412087029539465
4171,URBAN,13.232836097354575,1.12397659227745,0.36942925473488075
4172,URBAN,7.815659839610377,0.4364433483006799,0.20694507095810688
4173,URBAN,2.1434095693306543,1.5973017238451903,0.3179584860701915
4174,URBAN,8.550502855036138,1.4351235355531247,0.3617221856093379
4175,URBAN,5.340157997489471,1.7200365094052166,0.7593108385782079
4176,URBAN,8.741653769698232,0.5185908137435659,0.43110153107721144
4177,URBAN,2.468805016476969,1.2885486122135332,0.6795757372029543
4178,URBAN,8.043645839479018,1.2137840497805084,0.7713287276657274
4179,URBAN,6.6497826261761075,0.6635108306806201,0.4932339583464524
4180,URBAN,2.202674597818855,1.1266309373358612,0.43932036720988354
4181,URBAN,2.893946059242281,0.6644815911655186,0.20310222769650055
4182,URBAN,6.4100587854678395,1.01610033903059,0.434885862112449
4183,URBAN,0.7193478899521487,1.0147148394089525,0.5925111647084756
4184,URBAN,3.302136501544288,1.2660544780757976,0.7724938694528745
4185,URBAN,7.217408932224403,0.7999809231789384,0.7920748183252859
4186,URBAN,2.596473531035715,1.0822503251236946,0.902751748990301
4187,URBAN,11.176346722499273,1.109123340469271,0.9114337800164499
4188,URBAN,4.616131902884933,1.203872744341776,1.0369258188687243
4189,URBAN,8.23435358394105,1.2059721146582087,0.9685646705054201
4190,URBAN,11.925561852149555,1.3819284231418194,0.9542345883072525
4191,URBAN,6.226993453211951,0.8850894849229045,0.4989995569769848
4192,URBAN,9.421789031066213,2.4268171511995016,1.0763885079918416
4193,URBAN,2.3249675291320067,1.0679665263783396,0.9934958389335145
4194,URBAN,5.5866427677199315,0.721771515924054,0.8829037343406179
4195,URBAN,10.63255477890291,0.5435028024611167,0.4546137357031122
4196,URBAN,2.121912592746069,1.3618622746808127,0.2104867860670967
4197,URBAN,3.92278599125665,0.8281687820303533,0.1537680367488229
4198,URBAN,4.002826832162677,0.7336000677193664,0.27478495387915947
4199,URBAN,2.092228705319347,0.7928225439151604,0.448447944533534
4200,URBAN,7.123520574658988,1.4530194222005632,0.6412781331139372
4201,URBAN,6.66535939491985,1.336898554980653,0.2126702446075142
4202,URBAN,2.77590849259187,0.8724251815759613,0.3905446807313145
4203,URBAN,2.5874053655156932,1.847596155659626,0.8338116469441206
4204,URBAN,2.279236895634314,1.503319119960566,1.0504680319782258
4205,URBAN,3.4057413295967014,0.8860161276934941,1.0338156782321353
4206,URBAN,2.775179355004273,1.9705566625466933,0.21369234387262598
4207,URBAN,5.869435002266928,0.7730692199776309,0.3494636582138578
4208,URBAN,5.695902816876482,0.23221977805950386,0.23521849969299485
4209,URBAN,4.804775653443731,1.497554862461965,0.3492951328126518
4210,URBAN,3.9480623274251836,1.8723899537759612,0.7253373902665119
4211,URBAN,9.436000301429628,1.3542564762082534,0.7569689706671933
4212,URBAN,6.0334979631821275,1.2483876731767056,0.2091740705058655
4213,URBAN,7.382451213760121,0.5654915442611306,0.23855451042079195
4214,URBAN,6.731300610238546,1.1852201201728405,0.2915160734078855
4215,URBAN,2.7916824729154603,0.6999716848169153,0.3864461899765903
4216,URBAN,9.80222228307229,1.375321556536859,0.7134915118823465
4217,URBAN,6.331642152763,1.1864495299916864,0.7466870164383297
4218,URBAN,5.242406362838157,2.345371424032672,0.8822338176668943
4219,URBAN,4.433906476818204,1.8554968683834925,1.1166497462343654
4220,URBAN,5.259026925230288,1.1243294821010665,1.086399041245186
4221,URBAN,8.963022127229095,1.2431630691729945,0.4131144536765262
4222,URBAN,2.9007972806548405,0.5091489034131508,0.4000802744907474
4223,URBAN,6.813467647169996,1.8791637237706542,0.515726935225169
4224,URBAN,11.442178834532752,0.6141882663515567,0.29530527445101357
4225,URBAN,10.437354879457802,1.175519166118976,0.5367236639583814
4226,URBAN,4.519223864637374,0.6872373253632564,0.5670113418716305
4227,URBAN,10.987173377015468,1.224086839283968,0.5928336886637207
4228,URBAN,5.886404084862378,0.9061635058979711,0.6868190501946417
4229,URBAN,13.8802238694646,1.1806805836891174,0.8389097010165069
4230,URBAN,6.841973885012225,0.8881792694526871,0.7014312119024566
4231,URBAN,10.373841668413581,1.6897075029554354,1.0371309965363917
4232,URBAN,1.711538782808734,1.005975903845137,0.9981992344059888
4233,URBAN,5.88214850738906,0.6932110683705381,0.6296273980048184
4234,URBAN,8.320775875057503,1.275863264576745,0.7421337909951705
4235,URBAN,9.6698598602186,0.8506319443040161,0.6348256589300781
4236,URBAN,16.033544885457502,0.8495773300407999,0.24870245715391714
4237,URBAN,3.763789991526425,0.42621610127183407,0.16834178689677154
4238,URBAN,6.499803194729091,0.5843597733330298,0.2205755327203078
4239,URBAN,9.821571029234281,1.4726371648513537,0.4967257254210034
4240,URBAN,2.293846143404092,0.7121114948560313,0.46139038842152996
4241,URBAN,2.531501958155737,0.699414011647827,0.42316949823693656
4242,URBAN,10.379897690773968,0.6878963257943015,0.48239956494923036
4243,URBAN,7.709168707457446,0.7649221560514556,0.40895750146195475
4244,URBAN,4.033411241531416,0.7876076574796421,0.4988936365062614
4245,URBAN,6.519877595170447,0.7437342492268,0.3433508296885569
4246,URBAN,6.095712370152695,0.72690197255677,0.3810440150085344
4247,URBAN,9.607226430850409,1.627731533962059,0.6631415206868919
4248,URBAN,7.795235322758548,0.9691206521047669,0.6777065169471822
4249,URBAN,7.078157391320264,0.6539214396488655,0.6633919149789783
4250,URBAN,8.953989365657154,1.0037297857454603,0.7638538732031087
4251,URBAN,2.3694363181898597,1.0100480599792894,0.8136114028842809
4252,URBAN,16.489664231552144,1.6163408223955655,0.6171232142615515
4253,URBAN,7.26334830461908,0.822185191320898,0.6055917498446619
4254,URBAN,2.677828122594326,1.1509626646636981,0.2055221705549213
4255,URBAN,7.137284313146235,0.9260736300791855,0.18537476449030557
4256,URBAN,11.50115192837251,0.8153737655189589,0.3902337911404137
4257,URBAN,2.328339799705795,1.2620794608831214,0.6534483873076375
4258,URBAN,9.502575663520112,1.6611718047055126,0.7717036587035939
4259,URBAN,7.8025726302450105,1.0066534145081802,0.7243861641884003
4260,URBAN,12.172980857647886,1.9346640445891625,0.9093519149840832
4261,URBAN,1.911181893306612,0.7633976299298563,0.9054072564273419
4262,URBAN,11.653054784820707,0.7438507562222763,0.7371899514853404
4263,URBAN,11.133938443119153,0.747583097166249,0.678885118099942
4264,URBAN,13.529325501919088,0.9690704937862687,0.5060868251678377
4265,URBAN,0.9549401999434313,2.0169838153174036,0.9650809484936963
4266,URBAN,7.1604763494628285,0.9746957591459584,0.8363334053401283
4267,URBAN,4.4197956342079046,0.5527789814841448,0.5726160280748835
4268,URBAN,3.6673513980352275,0.43391584101443786,0.43381214852617056
4269,URBAN,2.9949590643994606,0.8818629900638291,0.2722684989097366
4270,URBAN,4.577113263914312,0.9787144521802045,0.15349066542855055
4271,URBAN,5.834487122931906,0.507439699861979,0.19792430806842295
4272,URBAN,5.6201308025491095,0.7006352838846148,0.3026231967667287
4273,URBAN,1.6931092580116063,0.9212355442350572,0.2399704578912701
4274,URBAN,5.5163570779547255,0.4012135341854298,0.21495863835293536
4275,URBAN,4.799178978094852,0.3365693058671333,0.1750353195307739
4276,URBAN,6.288710458111562,0.9049032793040169,0.16131401400074089
4277,URBAN,10.347964842946372,1.6137679969104954,0.5351498559070282
4278,URBAN,7.39017903326168,0.2632021823790387,0.43847542304564785
4279,URBAN,5.857741261018981,0.9064654348350826,0.10537583813146782
4280,URBAN,7.704655001580998,0.19478649052658673,0.11801882215309063
4281,URBAN,5.197722652766359,0.7209509357798979,0.20297613247077823
4282,URBAN,0.522946465870945,0.6638763196145459,0.1457689045386049
4283,URBAN,3.024109807802632,1.2614585696549576,0.3874881688205324
4284,URBAN,3.518847218329329,0.9122521662626089,0.2819230626025728
4285,URBAN,0.49955197092834647,0.7177109298923713,0.054597093533669455
4286,URBAN,8.273273454518053,0.2516483565149811,0.06220898774919539
4287,URBAN,7.077299560663262,0.7256788930908094,0.20111636229015037
4288,URBAN,11.594885649708571,0.701223249808923,0.35932337906056644
4289,URBAN,13.597161249179347,0.9407028273460138,0.09594631919071056
4290,URBAN,2.330407116818981,0.7151371582196164,0.28760288963041036
4291,URBAN,3.18191205387737,0.9717132732128582,0.44310017193162693
4292,URBAN,10.850606439033044,0.4289382487447541,0.4018015225453323
4293,URBAN,3.63705211517382,1.9181923345007659,0.6634216762422284
4294,URBAN,6.256456900892844,0.8901448386775336,0.49903588318032627
4295,URBAN,4.078551343356509,0.5682371589297706,0.19877950864033306
4296,URBAN,5.894730493264288,1.8434972382449932,0.4154562082939325
4297,URBAN,4.210588598965553,0.46194999989200386,0.29461976656696975
4298,URBAN,5.058480673955465,1.422439154302756,0.44820260211804863
4299,URBAN,8.80100528473348,1.3743478520711319,0.2776630878671556
4300,URBAN,6.874316594239463,0.1534312333268821,0.15154067320136466
4301,URBAN,11.525374656982546,0.5697718336374056,0.27192539227464346
4302,URBAN,2.5962098949523464,1.07361477455535,0.5030111188630474
4303,URBAN,6.504287627429503,1.2927501248773936,0.6978694037366922
4304,URBAN,2.3374631032648967,0.373288547352248,0.3866079955583972
4305,URBAN,5.047876346376921,1.1359216974824535,0.5695548104968908
4306,URBAN,14.609891520803457,2.0160315519999776,0.23349246654490521
4307,URBAN,3.253647653561746,0.49612503217515236,0.052383590907082424
4308,URBAN,9.36138942685008,0.6336731047947132,0.17962905625215053
4309,URBAN,6.708415399225598,0.7960252063586428,0.12501318855456983
4310,URBAN,13.015276129451248,1.8791396291048412,0.4829024110876654
4311,URBAN,12.575076695086066,2.0976718111164065,0.6765297281825291
4312,URBAN,10.061876533450826,1.6106666566882877,0.17076374328033694
4313,URBAN,7.743961866984052,1.4459592104676724,0.4387932241909544
4314,URBAN,1.9478046776525744,1.16728763799903,0.40539098967442766
4315,URBAN,3.7630346909986083,2.1775319631273877,0.43233027604863933
4316,URBAN,1.8669568377632049,1.8642554777500184,0.7464115808196787
4317,URBAN,5.406909651082863,0.3839832323595398,0.581708752652946
4318,URBAN,11.874982498607997,0.29609331329562366,0.32696116403712966
4319,URBAN,2.4215062982703186,1.1793789636850758,0.4140862304804799
4320,URBAN,8.096657687244821,1.3977324034065843,0.678855272044226
4321,URBAN,1.5860958804538214,0.7627435751521033,0.7013981735331605
4322,URBAN,2.789173670384282,1.0634304876653509,0.8206081080527571
4323,URBAN,2.1928421764325483,1.344692654004332,0.18383477983972196
4324,URBAN,4.012077502471613,1.3794242763318179,0.5328336382154845
4325,URBAN,7.636378900976068,1.7274442075493301,0.31642515342886013
4326,URBAN,10.903917279276108,1.4303383616774517,0.4394640903265154
4327,URBAN,10.480145894256035,1.6557510456260909,0.2678093016069163
4328,URBAN,7.48436708175704,0.8986339684427057,0.23584190919286518
4329,URBAN,7.7025074583483875,1.8439892575708536,0.7135128712853358
4330,URBAN,7.057083194003231,1.3236022186779528,0.5152210126067703
4331,URBAN,9.236812736928732,1.0779436366701673,0.20265355377360905
4332,URBAN,4.430697863021617,0.9361438704012877,0.3472230972646688
4333,URBAN,3.1042420844501852,0.29217806010518155,0.31660000660547005
4334,URBAN,6.5297255080004675,0.8005637614678064,0.3439114920312977
4335,URBAN,7.081116949078929,1.037381736405781,0.49703497309025774
4336,URBAN,8.699296982025169,0.8027516003995913,0.6011504263173442
4337,URBAN,6.704552130912998,1.3100083755870682,0.5556629853966641
4338,URBAN,10.702995188315098,1.4449908826246558,0.7900929456808828
4339,URBAN,7.760672732414534,0.5762499657408884,0.5805581270680761
4340,URBAN,6.953319854205111,0.3706756816743102,0.31065696291453676
4341,URBAN,3.6567598684464495,1.61595398608594,0.5127860201452711
4342,URBAN,5.18357093634963,0.5515199063495252,0.32548615468520986
4343,URBAN,1.8432879232648598,1.0013415381047748,0.5425275150591828
4344,URBAN,8.721048170709576,0.9819889249117196,0.4057242781775532
4345,URBAN,8.330391117462023,0.9618306903936187,0.1943878592271982
4346,URBAN,7.102953196734727,1.5132133202296314,0.3882416605782724
4347,URBAN,8.51790099601024,0.8934669787568428,0.5215626840181299
4348,URBAN,13.290450719874677,1.5344525792247659,0.7556523106458102
4349,URBAN,9.051170605353803,2.3742991156170126,1.213638430916859
4350,URBAN,5.02534620810948,0.9648157101631243,0.8818314958083712
4351,URBAN,1.68437045475804,1.9677397909376098,0.9810266959639619
4352,URBAN,6.847373837769602,1.16537976963699,0.4463649890752633
4353,URBAN,9.33706740682831,1.2483741359858573,0.055389178623008545
4354,URBAN,9.73524226141601,0.8776606315186863,0.29258076325499327
4355,URBAN,4.862205157772006,0.9175330996349378,0.3319143840862278
4356,URBAN,6.093996814013337,1.2686604777811064,0.5983681934618361
4357,URBAN,7.288372450795781,1.7458396798343119,0.4268241283595363
4358,URBAN,6.395518395258679,0.10773753719295202,0.287818095975978
4359,URBAN,3.361907791364491,0.930065339534288,0.11457009168635228
4360,URBAN,0.9907155049776759,0.4516691574012899,0.06797354277445798
4361,URBAN,9.260571817134867,1.2373154547360765,0.3275090905217319
4362,URBAN,8.45108157237246,1.4026275629062461,0.5935547703639701
4363,URBAN,7.878429493122856,1.36175971256972,0.8673980985038815
4364,URBAN,7.139871268506628,1.6049086197401377,1.1436882374707518
4365,URBAN,10.586966462178397,0.8989428989054844,1.0176993760983712
4366,URBAN,3.7236181062710125,0.6446323412994625,0.5881115281816442
4367,URBAN,4.005832079047132,0.8959474326819459,0.2802605750813679
4368,URBAN,12.577631775897716,0.22142306923804722,0.19506612297847956
4369,URBAN,6.972197839294977,0.2896190290032398,0.21316593474291962
4370,URBAN,4.055981256110289,1.5775652980530854,0.5856631599829605
4371,URBAN,5.270822433710389,0.5359919088079776,0.4675355033562308
4372,URBAN,3.2775906122596337,0.6740207001222407,0.12762243595307318
4373,URBAN,6.546840304054701,1.0227462220996133,0.34414491219072735
4374,URBAN,7.9653791610476095,0.4529579995559978,0.12037237808410474
4375,URBAN,5.181845220451722,0.5008498655512004,0.09631955463462963
4376,URBAN,9.779522635321372,1.3909944124735085,0.4829088394657378
4377,URBAN,9.242390483357443,1.3137798377774936,0.6767478036934018
4378,URBAN,6.415609454188632,0.28182195342567856,0.5478159175560007
4379,URBAN,1.58305806186158,0.8644614505099563,0.5171823515640422
4380,URBAN,3.119861326894068,0.7803710101573547,0.4626711008689291
4381,URBAN,12.554271941395506,0.6663980370460588,0.42055563872127427
4382,URBAN,6.258227105842372,0.6040554198025123,0.43412485826566355
4383,URBAN,3.0456443230007157,1.7307383149599493,0.40068067225214715
4384,URBAN,5.480015946653452,0.888479930908188,0.5574991968355462
4385,URBAN,6.4232093209530605,1.1595305543068422,0.2647000901304776
4386,URBAN,12.993952265557809,1.3921261092006834,0.23345566978719995
4387,URBAN,10.634081285262738,0.912463006423661,0.1499518020197929
4388,URBAN,4.090977893393,1.0430941950594643,0.2478301099585316
4389,URBAN,7.877198969150953,1.0535101388854837,0.27918823026232326
4390,URBAN,6.378761773212523,0.919230956018631,0.22924282565458645
4391,URBAN,1.249090391328405,0.39228967256354763,0.17616021897877612
4392,URBAN,10.751744011888956,1.188394511604396,0.2655420572149344
4393,URBAN,4.662424768135538,0.30087198865993214,0.29715872773031377
4394,URBAN,6.220109992390831,1.0170492106439006,0.17368311712450377
4395,URBAN,5.993003219401777,0.9189190412428407,0.18272061705402648
4396,URBAN,5.720585716915232,0.3732069968303896,0.08891232050139543
4397,URBAN,6.1973982710476685,0.9811933994169232,0.3140756528958996
4398,URBAN,10.46070231249743,0.5143516407803067,0.13715131817349782
4399,URBAN,1.7223203368893512,0.9632350269170428,0.36591221875236307
4400,URBAN,3.2226252699172018,0.6432706406145838,0.09086752499874709
4401,URBAN,5.926397658986807,0.7811075046256251,0.2213017637655075
4402,URBAN,5.042208113032909,1.386074584759595,0.514588010849607
4403,URBAN,2.8519063486384644,0.9958846548402418,0.39988996245519065
4404,URBAN,7.822497384104324,0.9802578091665919,0.16710970411362208
4405,URBAN,2.939890203313956,0.9906258218428019,0.2328854763125301
4406,URBAN,9.872123780983635,1.5987429946954723,0.6083503034824805
4407,URBAN,6.514410752248431,1.6427126198056896,0.5491231414437578
4408,URBAN,7.551231429817045,1.5945015361706838,0.715670910176547
4409,URBAN,0.6461140848372094,1.58123859373031,0.06484403885135585
4410,URBAN,8.748992564378272,2.599619058257569,0.7995324638816461
4411,URBAN,4.819958181771495,1.4701635754942168,1.0241530151842553
4412,URBAN,7.373615757111155,0.7834740161564508,0.9519382254235967
4413,URBAN,2.685405490848061,0.5014812899047345,0.5855879206941205
4414,URBAN,2.4217770519206394,0.41549544251814297,0.28527421594855157
4415,URBAN,2.974554234891535,0.5281809692108598,0.26594376316278506
4416,URBAN,2.368195868891056,0.7860242069148822,0.3916472472633838
4417,URBAN,10.963268569620034,1.4307125949223276,0.33861691530361443
4418,URBAN,13.669792160684024,0.5106117606140765,0.13384053144007715
4419,URBAN,5.892833818315067,0.06644566127997653,0.09326017543243839
4420,URBAN,3.137346132499137,1.6607418451889076,0.4468507266627908
4421,URBAN,7.790427704766667,0.18245437033173875,0.33547706634717445
4422,URBAN,3.103235887923303,0.8734650535269652,0.041157931251617444
4423,URBAN,8.698784327808797,0.8970859832265367,0.26689019336046393
4424,URBAN,0.8467013728978445,1.9513331760691814,0.4297414291254746
4425,URBAN,2.6246862398335398,4.324979827799945,1.0955774919290329
4426,URBAN,6.532218453159117,0.5270817275259483,0.8684139546099628
4427,URBAN,10.389754692169666,1.2584170970945625,0.8706166525706576
4428,URBAN,4.086756471860113,0.6711366237686746,0.8334070374426046
4429,URBAN,7.125988460750213,0.7816571154801255,0.8400992715095889
4430,URBAN,4.502820780127136,1.2866840043120242,0.4034299363061943
4431,URBAN,10.29423540260121,2.6050846900162323,0.7332528658657377
4432,URBAN,10.603339190449711,1.0225373174028598,0.6867500306603762
4433,URBAN,7.4318704723595825,0.2395611962114723,0.535013645627692
4434,URBAN,1.552108605578522,0.9625417072592082,0.3869800654367051
4435,URBAN,7.493775210086783,2.7469029810346073,0.9291540758068806
4436,URBAN,8.434570657784148,0.6321704593661623,0.4896996846934836
4437,URBAN,5.958928131295956,1.3784149093860956,0.20589196594748288
4438,URBAN,13.29454120239004,1.0263510435071177,0.3929292260246337
4439,URBAN,8.162153866409676,1.8492434315680066,0.6726729338909462
4440,URBAN,3.085556671045681,0.06472698840826581,0.49697984987106436
4441,URBAN,6.993550548116118,3.1453033241692157,1.2099696779947977
4442,URBAN,4.015891025225195,0.9634804804962241,0.6006763120509705
4443,URBAN,2.2138454228121662,1.4256713503388343,0.4709090199583965
4444,URBAN,12.841193735941392,1.9308006342099586,0.9473482872720353
4445,URBAN,3.305235392780026,1.1186520378843576,0.3839112174455512
4446,URBAN,5.270864062201625,1.633332794100503,0.6347840433957095
4447,URBAN,3.5269092265953135,0.6305590295951359,0.49396552733552285
4448,URBAN,12.167488324916416,0.6138906995916102,0.2966721865111828
4449,URBAN,1.0278510753748822,0.4371138986169461,0.20389823138188162
4450,URBAN,6.014750857172473,0.9773915288845887,0.2205103511266523
4451,URBAN,6.368182797269596,2.0645456545465852,0.7470460508850999
4452,URBAN,3.1617016336220596,1.917948716602562,0.30746690014366485
4453,URBAN,1.7680531504193844,1.4583669701189457,0.4500635399528079
4454,URBAN,6.682777366624231,0.4216605094661019,0.3982855152992385
4455,URBAN,2.1862753926788563,1.560978216536779,0.2557170208922706
4456,URBAN,1.9689855679748698,2.43111451747227,0.8901989366857774
4457,URBAN,8.36154314037058,1.5794282681414527,0.8013778114381507
4458,URBAN,9.963123536192144,0.7801429052955837,0.6254787577904443
4459,URBAN,4.896843992944489,0.41019427116102314,0.5767563711998545
4460,URBAN,5.666722280130143,0.586317275697243,0.41614078535988885
4461,URBAN,11.306607500234124,1.4491460650464816,0.6265727237289748
4462,URBAN,2.829218023559086,1.8524476928461657,0.8428421980448217
4463,URBAN,4.245457605945432,1.3164700653350645,0.44030366852559033
4464,URBAN,4.595693700892256,0.9805845722370422,0.563904290295939
4465,URBAN,6.797914075012347,1.9275879249144927,0.7213917011232809
4466,URBAN,4.283371056503612,1.174189696508779,0.6616754088797567
4467,URBAN,2.830684077991915,2.1685328036326945,0.22091565849675396
4468,URBAN,5.8870402477219335,1.388457218451848,0.41401279832634064
4469,URBAN,5.341157267971472,0.4740709829569267,0.3459124182587185
4470,URBAN,5.4684947332867475,0.4699488456648873,0.16622045919542283
4471,URBAN,5.843468740110868,0.8484379380440301,0.3429441840135487
4472,URBAN,7.077300397676741,1.6364403243771148,0.6320302922236035
4473,URBAN,9.083578324993482,1.0918640178653365,0.5377848430950706
4474,URBAN,3.7505991591144627,0.4219412208566357,0.5092136244101833
4475,URBAN,7.786757865763788,0.5087949087558241,0.5210620821229194
4476,URBAN,2.8660948391955867,1.109686794095926,0.13434355961525452
4477,URBAN,2.8448309417732,1.1141492688662873,0.32144357487252656
4478,URBAN,2.3562497546166394,0.42640297104410985,0.34720541870632193
4479,URBAN,8.70105607899406,0.5995570343474935,0.22933797462241876
4480,URBAN,6.056428540540852,2.775540245509188,0.9487384138660748
4481,URBAN,5.794587302851821,0.8899921556427589,0.8935953583524044
4482,URBAN,3.0648117907784957,1.2402996167073788,0.653413278525187
4483,URBAN,6.957260206445508,0.8244552277993031,0.47651902112808614
4484,URBAN,6.2957185172352865,0.6731020788284053,0.16958228460106062
4485,URBAN,3.5062796554789633,0.9779542701047715,0.3226048399782543
4486,URBAN,1.9161794159736647,0.661218947691889,0.3999944262444506
4487,URBAN,2.665207433461295,0.8853454946506025,0.5257876944025238
4488,URBAN,8.700508075094469,1.2002037067198188,0.5255554543420262
4489,URBAN,6.549409598278333,1.612689127609631,0.8519981722965516
4490,URBAN,4.722560361730202,0.5379980443003004,0.6060969665121608
4491,URBAN,15.317460614237351,0.42060139854969864,0.3155686882145132
4492,URBAN,6.738768356047751,0.8689659353301222,0.4115930565977085
4493,URBAN,2.171040820295008,0.14433514927740715,0.2944825323712799
4494,URBAN,10.70707993545684,0.8600274577298239,0.4604362292230731
4495,URBAN,9.929907442341676,0.7756351979017381,0.48649721172193605
4496,URBAN,3.31424390264612,1.1190131646634398,0.3693492111247325
4497,URBAN,6.3732735405327405,1.0358044366731145,0.16358214971164767
4498,URBAN,6.4443784901861845,0.8418027627931175,0.3709971042522856
4499,URBAN,8.391840690204225,1.9940545445000728,0.681499262785721
4500,URBAN,4.495510125285053,1.1574393482685992,0.33415807559088057
4501,URBAN,11.800837917474167,0.36038131822562575,0.1514955256822069
4502,URBAN,7.268348802800887,0.2739960879165496,0.061894247500919916
4503,URBAN,8.415176831279927,0.7850071019843573,0.22083302173007813
4504,URBAN,7.5742244434241135,0.4119369331752027,0.044585387779513756
4505,URBAN,8.49943782122531,1.0732341067237823,0.3007923562634533
4506,URBAN,9.308387741620376,1.5038716699961348,0.6571181586400442
4507,URBAN,8.879942973007628,1.4859119927447249,0.9312521073234646
4508,URBAN,8.663634580269573,0.7594716175209021,0.7453731541657969
4509,URBAN,2.2403518228109256,1.1878859074947952,0.9043689643402851
4510,URBAN,4.785914682342945,1.8277379394698205,1.228803085176497
4511,URBAN,9.345210766571443,1.5327053097584733,1.2925279528488365
4512,URBAN,6.16946945940685,0.2559337507869822,0.9040825997718184
4513,URBAN,7.978275567520712,0.31376900348021797,0.7413579088057859
4514,URBAN,5.492220664170393,1.6716034982523302,0.5092547950941599
4515,URBAN,7.3618530947416225,0.7675061558150684,0.44184522394263365
4516,URBAN,13.67758813941519,0.6592757120756421,0.3647917074460411
4517,URBAN,16.30006935644515,0.8230602138360531,0.48262685515157344
4518,URBAN,3.4835121172685657,1.9926427669878133,0.2477229483073888
4519,URBAN,4.938598151264279,1.7234750456860073,0.6960546675814872
4520,URBAN,5.605272710397996,2.180888762636598,1.1850597876237576
4521,URBAN,7.603167639289369,0.47405424702761434,0.8770854547060077
4522,URBAN,4.669833163420468,1.7838250890703442,0.6725350767787412
4523,URBAN,2.029419482665567,0.3734412535776366,0.588187286792492
4524,URBAN,5.836844004435564,0.9446429350117073,0.6723339110620363
4525,URBAN,3.6946266272713033,0.527942673317021,0.3374898640627527
4526,URBAN,3.7560914653866266,1.5627955081727953,0.5855421929237263
4527,URBAN,9.84045467066775,0.3391230088374714,0.510809185948241
4528,URBAN,4.317536292406356,0.5164715758083233,0.22150417912696313
4529,URBAN,4.909258597043805,0.8719267445847647,0.0995226727973398
4530,URBAN,8.117049630932865,1.2776199565830622,0.4381750674534424
4531,URBAN,8.377520873220114,0.9632035647304943,0.5531887932005446
4532,URBAN,7.013843189703903,0.2439744292018559,0.33502560450042757
4533,URBAN,12.501115223434036,1.4665860717073358,0.412869442935978
4534,URBAN,8.105348788992435,1.3112588948311361,0.16409141039996117
4535,URBAN,6.421746910847656,1.8311273023990642,0.6403785285149222
4536,URBAN,6.3496345310697935,0.785924158756987,0.6922186804270343
4537,URBAN,2.1806805558502935,0.45371877443835434,0.516949622957393
4538,URBAN,6.2330283000849604,1.2149832788538397,0.4950175951393815
4539,URBAN,7.776900254675625,1.2885771598510216,0.6571645377978375
4540,URBAN,9.324282851007696,0.5396130889103952,0.49362373707498164
4541,URBAN,4.127474076874222,1.2818889143448435,0.6463337806249256
4542,URBAN,2.069762161423888,0.6473883368727975,0.6325749526631843
4543,URBAN,3.913410728360325,0.6241113781871036,0.32468157381443624
4544,URBAN,9.104252203255934,0.515940127662247,0.3668851582199667
4545,URBAN,3.4958261905816457,0.09017162814308356,0.27928819231642554
4546,URBAN,6.295748864432733,0.4769283125103226,0.3186502578929526
4547,URBAN,7.13911355222662,0.4427821512634023,0.11069687729717115
4548,URBAN,5.049133426493383,0.7733832084945762,0.23643679442691343
4549,URBAN,13.305277697438932,0.8772368335582096,0.26194271339073466
4550,URBAN,4.764809384462067,1.1460349164363108,0.15749934615523523
4551,URBAN,8.795471456634345,1.5148219079504686,0.38359362172719513
4552,URBAN,3.746703161143562,0.6702307105888506,0.49943658817158304
4553,URBAN,7.883414369245646,0.8203596882146628,0.11957366012980747
4554,URBAN,5.825178441964549,1.0022220354607614,0.2410528584571116
4555,URBAN,8.17732345738619,1.080031326168069,0.17372770559126796
4556,URBAN,9.913154446787836,1.4934924696174519,0.5468837023975046
4557,URBAN,6.428223771363394,0.9907890180153427,0.6391044077719279
4558,URBAN,6.012191993460444,1.6422811909803905,0.33486930393196146
4559,URBAN,11.391730206272623,0.9455072244164284,0.5026230148206443
4560,URBAN,6.8019042388744895,1.9270207075387538,0.3215580644628652
4561,URBAN,4.195356241752023,0.37653321569211873,0.20966255612415122
4562,URBAN,5.5815129482961625,0.7606343976735938,0.3678583102746678
4563,URBAN,5.8462103000483365,1.0282765764586304,0.042604397024887004
4564,URBAN,7.919770473541429,0.853734529698701,0.23592586259737025
4565,URBAN,13.6345597895287,1.0809565788536648,0.37515140558238297
4566,URBAN,5.902648773585768,0.7466610609020842,0.16307289951047674
4567,URBAN,5.966098886846343,1.3151635505609163,0.40313254174007723
4568,URBAN,8.424420441614972,1.6211737492655234,0.6298871872736632
4569,URBAN,11.134092452997951,0.9451562090009271,0.32364583122366863
4570,URBAN,8.597414991709977,1.2927776771086452,0.6386822265052456
4571,URBAN,5.412609241718817,1.001105600918574,0.7080844194495988
4572,URBAN,5.441763773231017,1.2132837907425638,0.2496903544740975
4573,URBAN,5.531645302395571,0.550302177371384,0.32711035129719823
4574,URBAN,5.214497148660257,1.0585859240258433,0.17019246421305614
4575,URBAN,7.6005469423991965,0.8019974698621128,0.1258768631754693
4576,URBAN,5.41753275779518,0.6263305916404129,0.172814762355617
4577,URBAN,10.988687296824011,1.2263798974966418,0.27085936430419144
4578,URBAN,1.8723816483281956,0.57913738288209,0.35804437978042225
4579,URBAN,6.750386974668061,0.9597117432174002,0.4910959943801973
4580,URBAN,4.642062350239602,0.8047473395211424,0.37428797918119766
4581,URBAN,5.415274041267376,0.7669499841926455,0.23168418644475564
4582,URBAN,3.707781279956446,1.3860691969541534,0.2821487010345972
4583,URBAN,6.7395861101582515,1.1098741335980602,0.15950738184389104
4584,URBAN,9.231450908088965,0.9653142682632939,0.24701570895191413
4585,URBAN,3.903327808369295,0.9312713458250103,0.2970624635987028
4586,URBAN,12.761069725089893,1.039216276844792,0.30964639230769375
4587,URBAN,4.08400698052055,1.017568184666008,0.3941937807825864
4588,URBAN,2.6607754415067415,1.0862278894073647,0.37528648164830547
4589,URBAN,4.784913978682968,0.4963767025498329,0.41036272764281606
4590,URBAN,8.722227869423433,1.2966870107463995,0.6452960404169379
4591,URBAN,5.833358280393133,0.4029392430953326,0.5833608102473884
4592,URBAN,8.02622941866684,1.2007741939525307,0.7348529203092933
4593,URBAN,6.4312454117196545,0.3030523955030568,0.5904229250652905
4594,URBAN,2.8437835865783816,1.282484297719606,0.15292769442546364
4595,URBAN,9.356312143347516,1.9171924142837327,0.6348517789285395
4596,URBAN,3.725555438316759,0.4537546417847965,0.3179477406156345
4597,URBAN,2.5253022033424752,1.5875085940174933,0.263780597810923
4598,URBAN,6.17675055233606,0.3239446771239049,0.12173741775087407
4599,URBAN,9.088826579727176,1.0353970763925426,0.33290143563512137
4600,URBAN,6.14386260918127,0.5583904873405707,0.14802277992941482
4601,URBAN,10.243643226145021,0.3482819045929552,0.06626592372534794
4602,URBAN,7.822971568389624,0.6542762485810755,0.20015007949458088
4603,URBAN,5.363667970108652,1.3270297452471242,0.5637036683683071
4604,URBAN,7.503464160624269,0.4176842344575431,0.5124162541351297
4605,URBAN,10.479776952137518,0.7296089478313295,0.33384109213479735
4606,URBAN,1.471440683959634,0.8755880782205573,0.4231770282297021
4607,URBAN,3.787063240344866,0.4760005455240296,0.3770677715331772
4608,URBAN,9.848352851709114,0.35439192829447164,0.374302984246072
4609,URBAN,7.412477634640798,0.19370283797554463,0.2906675205196901
4610,URBAN,0.9648398758124481,1.5913005850437412,0.37174012025932646
4611,URBAN,3.1779773612205884,1.0421592131773127,0.3209572558880992
4612,URBAN,6.828175629950449,0.6129587735762682,0.12114403513198456
4613,URBAN,3.1490635583292934,1.4565908945449417,0.4553691701215089
4614,URBAN,4.420652398574955,0.8166693318379502,0.40825391056658644
4615,URBAN,7.413582094033334,0.6078425743873914,0.4045232694613781
4616,URBAN,12.739811834602824,0.8353061245120423,0.5403663170885499
4617,URBAN,1.387336851676703,0.5088067690948874,0.49259122253623705
4618,URBAN,5.775217782719836,0.9027620462868406,0.6379734658045958
4619,URBAN,9.647359294227703,2.214264266960149,1.1439195161039684
4620,URBAN,7.716298775387902,1.10293516920334,0.5817433431423898
4621,URBAN,6.565163655075131,2.406773062710099,1.1720698796484046
4622,URBAN,0.8258688127465027,1.6912190968062144,1.2122102815337252
4623,URBAN,8.730861155633315,0.8332664815947773,1.1312148897664485
4624,URBAN,2.3008266357368097,1.351167437917875,1.0760477645026518
4625,URBAN,10.652804364653901,1.1281212199373374,1.0578083286704785
4626,URBAN,1.9546260046333128,1.1145912860187726,1.067096715062175
4627,URBAN,4.606166098508878,0.22923162882070802,0.7524713912600439
4628,URBAN,13.227369511777262,1.964707885662844,0.08369173604957625
4629,URBAN,14.237471908645224,1.629655605654821,0.4949053131180608
4630,URBAN,4.245868244633575,1.9774621799863605,0.9395917264268577
4631,URBAN,7.442188296613094,1.0669893326862196,0.629877590324363
4632,URBAN,8.072875819504455,1.5742076637203943,0.609272123074653
4633,URBAN,5.391602465108844,2.2291929902135936,1.001374144069826
4634,URBAN,12.302540070389329,1.2554840982215203,1.0791449433890994
4635,URBAN,3.2426322176385223,1.0426676683185934,1.0698309066876828
4636,URBAN,1.7023867465903373,1.178043979676881,0.8489939843689568
4637,URBAN,4.028120993433192,0.8534806290134802,0.35605491398896755
4638,URBAN,2.887591342970811,1.2149364255934252,0.36339860544368885
4639,URBAN,2.7913193497336497,0.24792528704189992,0.34421871366636486
4640,URBAN,1.5495205695132293,0.572762414204127,0.34584149811793324
4641,URBAN,5.2330127689242065,1.454440365580944,0.34300183131860573
4642,URBAN,8.59990340985156,1.6068339635722286,0.6311704858971101
4643,URBAN,12.375771482875098,0.7776904952701147,0.45754051238062193
4644,URBAN,5.442768963508117,1.028382050692345,0.3189355150598059
4645,URBAN,7.083398558968479,1.0243699150204646,0.5396035933730845
4646,URBAN,5.394946080278583,1.4148505639853768,0.8261227693207178
4647,URBAN,6.30254601195238,1.6556673832515718,1.0131940075698382
4648,URBAN,3.1258100114558247,0.8415578735761609,0.6683149883381586
4649,URBAN,8.802887157907392,0.4859725630727159,0.39604126971408155
4650,URBAN,8.002756150466144,1.5901755618671085,0.22051757682811546
4651,URBAN,4.694359391749715,1.698532540470026,0.3866329153065539
4652,URBAN,8.509526878405053,0.864413349891681,0.21075752312700688
4653,URBAN,2.016245367456133,0.2820195905565698,0.1625547211188266
4654,URBAN,1.8861448549228776,0.6718483496006115,0.2080266542098817
4655,URBAN,6.240274429241838,1.4343749724079111,0.5422542687533705
4656,URBAN,6.899298144899592,2.00536289638729,0.21065909110442282
4657,URBAN,1.8130824839801913,0.9306263394875693,0.27492375554327136
4658,URBAN,3.7008177250830614,0.7807832695749112,0.16191954416208676
4659,URBAN,0.8459921952584702,1.153938435028338,0.4457132682243581
4660,URBAN,6.476379790517614,0.16244762772869986,0.2770112653264993
4661,URBAN,5.650097658084621,0.6684880227798535,0.3176934596010206
4662,URBAN,4.555653936600335,0.7354143933710259,0.32730937684315653
4663,URBAN,10.956293499189641,1.7231408889779065,0.6458166084296781
4664,URBAN,9.140120715506344,1.674385984784971,0.8432574646815668
4665,URBAN,11.837883554007101,0.7104210701057249,0.7833332846911617
4666,URBAN,8.43916438202505,0.5193409777791638,0.5080019718938621
4667,URBAN,6.371350754885743,0.805167647081263,0.6181027077737181
4668,URBAN,8.002899532999484,0.8253468196233479,0.27015836451534486
4669,URBAN,15.706676552637102,0.564663658986176,0.33554238104461476
4670,URBAN,3.4966403129411843,1.4039953046615687,0.25931749758507094
4671,URBAN,2.0672638040788707,0.20498344037580193,0.2407267782621503
4672,URBAN,12.372060388546986,0.5547220291597599,0.19915776808000818
4673,URBAN,2.833215450379781,0.8474847416033606,0.24976610589060014
4674,URBAN,7.17384658377522,0.990755842742533,0.11998384624342512
4675,URBAN,4.541677610998984,1.688833992210145,0.4884428511080083
4676,URBAN,4.613238549953567,1.924014234533711,0.22418819183393598
4677,URBAN,5.501271529250714,1.4211303345474813,0.46362564911029797
4678,URBAN,7.1631007968025315,2.2848583139373866,0.892793467313894
4679,URBAN,1.7535308975935864,1.954076163459023,1.1845047904094788
4680,URBAN,3.011468756380519,1.1126386659953083,1.1520309128696835
4681,URBAN,2.0992343595540954,0.9983494081066308,0.9102705027885871
4682,URBAN,5.072788753799171,1.5063145411601015,0.866577853893946
4683,URBAN,3.195204924594275,1.3353474318444833,0.4034550052946559
4684,URBAN,1.5377207712429735,0.7212722081266437,0.12430449072955088
4685,URBAN,5.449109484897576,1.5798941948911387,0.4868548841236665
4686,URBAN,10.604839115224523,0.8695698265948361,0.5916084729473958
4687,URBAN,3.1302796306513536,1.3784940190326385,0.07880087453887383
4688,URBAN,1.746593120691637,1.3574404315111608,0.45597782027008243
4689,URBAN,1.8170599066219795,0.5662351777563727,0.4798293761929759
4690,URBAN,4.342650637475019,1.114137689442512,0.34025925062194695
4691,URBAN,9.292810891220482,0.3696352735203084,0.1802041172140273
4692,URBAN,8.297313756130627,0.9169523917844585,0.36123300009807646
4693,URBAN,5.803396044698988,0.486649529100927,0.18742933704672668
4694,URBAN,2.4185377002840847,0.742301297076999,0.1956425144357004
4695,URBAN,3.1883511680236114,0.7983456251084307,0.14782987828734404
4696,URBAN,1.4674936640345648,0.657867589684856,0.2762261385061768
4697,URBAN,5.029980440529765,1.5750857001915208,0.2825359727997147
4698,URBAN,8.634990560416517,0.775758493478523,0.24833903258502768
4699,URBAN,8.853703124565932,0.21851922064632512,0.11194134874850532
4700,URBAN,7.860754909454764,2.0022046811731418,0.6573831332836918
4701,URBAN,6.5584344405342865,0.36148093556501587,0.5124423306890886
4702,URBAN,5.294097206410184,0.3507201697299888,0.3210841990633257
4703,URBAN,3.8899727712962897,0.6270632593042577,0.33391787720969135
4704,URBAN,4.867577821839834,0.6587744374882724,0.4238936504847332
4705,URBAN,1.9034380332137508,1.4960427809831272,0.4967916868997718
4706,URBAN,9.885023753193387,0.300931486623334,0.2759784588966575
4707,URBAN,8.07865953975094,1.1731786873835441,0.46371197924748
4708,URBAN,8.38058174015887,0.40428807990600113,0.37881089801086953
4709,URBAN,6.265199444580093,2.4028553036952465,0.7228164750190589
4710,URBAN,1.904341629289804,1.3903464647534456,0.6837606607774972
4711,URBAN,8.70754412787508,0.28000002638121435,0.44455620913215005
4712,URBAN,10.208902892482202,0.4086036019129492,0.3936668060046592
4713,URBAN,1.8204007070459123,1.1946422875942075,0.6659656113597906
4714,URBAN,1.1847991560646054,0.6069994614121718,0.40395495699593764
4715,URBAN,7.133939298867345,1.1089502474397734,0.0646986769043309
4716,URBAN,9.771918478990015,1.9445953968729721,0.5412754784430823
4717,URBAN,1.088727880502605,1.9461709316185365,0.6673778358801523
4718,URBAN,6.098146712198632,1.9056399934556902,1.08616061482102
4719,URBAN,2.8145081124428644,1.1869965569532266,0.6278572617440462
4720,URBAN,2.180413095172087,1.046328144857121,0.6589910400935234
4721,URBAN,3.417071790349195,0.564624547535629,0.3008918415569397
4722,URBAN,11.377342836766228,0.815365632137323,0.42069363269192184
4723,URBAN,6.2085485663113955,0.9541047397787278,0.4312329736911314
4724,URBAN,11.358961784310276,1.4059819253996122,0.7172470151419958
4725,URBAN,2.6112602384846126,1.9519591388020945,0.676834024492825
4726,URBAN,3.0087991934631426,0.8352246896270065,0.4008503847547021
4727,URBAN,14.369375731660842,0.7623813726035141,0.5351044152500487
4728,URBAN,2.069947714876824,1.759377865231958,0.5755862302179688
4729,URBAN,11.594779686084586,1.0902720201399725,0.46132638224693917
4730,URBAN,11.313044363319518,0.5641509704446448,0.27419204450296064
4731,URBAN,3.18115380536314,0.7657076270916336,0.37715760023356065
4732,URBAN,5.870813753161342,0.3735561937206211,0.1721029323187296
4733,URBAN,8.219968038310553,0.33307832644263746,0.047780951954043104
4734,URBAN,8.430451829091217,0.20236887521827465,0.023801315834320616
4735,URBAN,4.184827261094511,1.7468076198509774,0.528743017609407
4736,URBAN,2.97106915224801,1.577146290961607,0.3840861833758942
4737,URBAN,2.0560143220115106,1.069294085192164,0.5842478458103598
4738,URBAN,7.170291304140259,0.5688401380089322,0.29562740857061637
4739,URBAN,2.471217889025997,1.4071313746135483,0.4698632055159664
4740,URBAN,11.421339871378906,1.5216570700723986,0.7542806311769916
4741,URBAN,6.314676153272325,0.56186924002438,0.6594739509752283
4742,URBAN,3.3769056982404972,2.169962323565251,1.1555372886428694
4743,URBAN,12.139118005680453,1.0421064161506646,0.7931046554931608
4744,URBAN,1.9884998835506822,0.5760351611439076,0.39005555915059903
4745,URBAN,6.3047438041001,0.09213463730093124,0.24191027596377773
4746,URBAN,2.0119314849146663,1.0749227603003053,0.4352153763376504
4747,URBAN,12.32017364979077,0.34481505515037303,0.23197766904427497
4748,URBAN,2.9533731882220455,2.4841085998187338,0.7268071284698125
4749,URBAN,6.42068526974664,0.5624838564938751,0.730790476770246
4750,URBAN,3.621351883071451,1.345417167000357,0.9634712990890726
4751,URBAN,5.685052682640272,1.7541470942577326,0.7806321500181002
4752,URBAN,10.258109588712651,0.7652976113465652,0.8063122409056666
4753,URBAN,5.616786703062549,0.7932326207344979,0.3828505248908362
4754,URBAN,7.690844452978506,0.7052318472273583,0.2886378121327177
4755,URBAN,0.92825893197405,1.2284802941128945,0.5608862788682288
4756,URBAN,2.219603557367444,1.055903883959778,0.451680222632205
4757,URBAN,2.5177597454563885,1.6592395811070881,0.18632160806421566
4758,URBAN,9.045297568003281,0.6508813396831862,0.1739849456109333
4759,URBAN,4.8064291173840585,0.48697083983796824,0.20839084603390173
4760,URBAN,8.260633249529455,1.178949886725601,0.35628766683653196
4761,URBAN,3.8643222144466582,3.8941735558358808,1.4657831425999928
4762,URBAN,16.498584316126134,1.6105050386942412,1.0497775547458001
4763,URBAN,4.305340723760878,1.8759654752614454,1.1279337836608916
4764,URBAN,8.238509358586407,1.2188720740460388,1.127374924434242
4765,URBAN,6.819495973898082,1.6870660902299037,1.159759995581943
4766,URBAN,4.339318496083369,0.26537176741639024,0.8141450998925617
4767,URBAN,5.286994751818452,2.8311232373898654,1.2805119310198958
4768,URBAN,2.5311084394200587,1.6041834517975053,0.8064657881443147
4769,URBAN,6.109565772450766,1.5120513230806258,0.3388249057225063
4770,URBAN,8.10886888492725,0.37150681169759797,0.17662661747115085
4771,URBAN,9.026204280247969,0.7522182799883634,0.34544614264870654
4772,URBAN,2.7059779390515035,1.1404564374857686,0.5326590160260202
4773,URBAN,7.032764586100729,1.9363262564045833,0.9064682642558389
4774,URBAN,1.7271590323983919,0.83224070403851,0.8746284860416061
4775,URBAN,9.535074677573528,1.2322309844160977,0.2977401974413099
4776,URBAN,2.6105057803165606,0.22170318443572,0.24798908258166022
4777,URBAN,4.571945110923693,1.5486235678128528,0.6231819121360993
4778,URBAN,4.833957022303197,0.9323431557707275,0.6714775433831198
4779,URBAN,2.0721991782046807,1.184886638424559,0.21886516204876508
4780,URBAN,2.7177015060767684,1.0132435936044555,0.4719243166509489
4781,URBAN,6.85774709594598,0.42272116721164266,0.4806247890462548
4782,URBAN,5.175596085638064,0.4162060840883822,0.46738263519633005
4783,URBAN,3.0733145500648833,0.6462983098908464,0.19328239705582342
4784,URBAN,7.932150219862376,0.24626095746582533,0.22131457247329556
4785,URBAN,8.878095816301487,1.734399345834982,0.4647513427367467
4786,URBAN,4.532471687390689,0.6922230665017686,0.3330794855960435
4787,URBAN,11.614286821897744,0.8956051121765265,0.2637500184864496
4788,URBAN,4.659700554518839,1.2560605699522989,0.5806763640696745
4789,URBAN,4.192452003589863,0.9161620465745854,0.7137577473126646
4790,URBAN,0.9505515904165414,0.4920037619268069,0.39040009378323615
4791,URBAN,2.157014876760942,1.2052204117109395,0.26551758597276437
4792,URBAN,5.613513875537908,0.6405928724926501,0.09676490044436231
4793,URBAN,9.223534575179963,2.0545799905288784,0.6264144994325755
4794,URBAN,3.6954667774421823,0.3804869673782202,0.3636680576539809
4795,URBAN,9.032144525558204,0.8880731799509762,0.29355788164437346
4796,URBAN,4.5150210978629,1.6896730421600006,0.34208848244687384
4797,URBAN,4.5780680214000515,1.0672911207905782,0.5409586588884114
4798,URBAN,4.63807751339508,1.2595816789851288,0.26721111450231716
4799,URBAN,8.580307336310174,0.7041427815143273,0.08198293418509289
4800,URBAN,11.071972444789314,0.47031098363206764,0.16440652579510598
4801,URBAN,7.712718727962448,1.7585318334110722,0.499991986433757
4802,URBAN,9.688677041830188,0.5035525412842881,0.47564246954424905
4803,URBAN,1.7805729910009767,1.4206238215753895,0.6896645754221187
4804,URBAN,3.8385970064648047,0.8280521928599897,0.5738487820401027
4805,URBAN,3.9602120739156623,1.6794140936882054,0.31589157872583346
4806,URBAN,3.006833655466676,0.3162114177404348,0.27891221556766277
4807,URBAN,2.6344872561142725,1.294792530329357,0.4652925345038222
4808,URBAN,6.611342447272245,0.5564431176685136,0.32061971594427247
4809,URBAN,5.148308206801415,0.8088570150281664,0.2144746323175567
4810,URBAN,3.010985486124394,1.1679197578113625,0.18589555847367667
4811,URBAN,5.626910261262413,0.6918388350532882,0.21699191097976608
4812,URBAN,6.912141823655963,1.3617514476934705,0.34885304826843133
4813,URBAN,1.9809735008464808,0.8070233816371708,0.4756984693605277
4814,URBAN,3.912261130306886,1.7352377303926056,0.5057775983840239
4815,URBAN,0.5200327283418889,1.4977297000044896,0.41467604721618123
4816,URBAN,5.934915998423379,0.7733864398011172,0.521082553591921
4817,URBAN,4.167839586894005,0.8419555334166816,0.3795506525782406
4818,URBAN,5.9522128601655115,2.3418755672881533,0.45707702473919853
4819,URBAN,1.2348874940951362,0.5430432580810435,0.39169876701578865
4820,URBAN,7.346957529316985,3.0440415287716585,1.1936930644372692
4821,URBAN,3.1515883878063877,0.8305406863244934,0.9289530530209004
4822,URBAN,3.848776557171456,1.1882199011544576,0.33997709094148626
4823,URBAN,5.694562205695173,1.7949788995140181,0.7077119610299502
4824,URBAN,1.0486933220714658,0.9531568843169899,0.6466506060438406
4825,URBAN,8.075870089165107,0.3685967001137375,0.5556366869951544
4826,URBAN,13.030347922437809,1.3665173196165932,0.5027716543653198
4827,URBAN,8.855023759773863,1.0838003803686365,0.6774932358346971
4828,URBAN,2.303537292763341,1.3264700968748175,0.7315733392913774
4829,URBAN,1.2811776585242374,0.4134275538947988,0.4373623681945705
4830,URBAN,2.798107839570722,1.308328071233847,0.690087902275512
4831,URBAN,8.632398705363622,0.30324659708216656,0.5719853950224595
4832,URBAN,4.599396144578259,0.49619080399753335,0.5184149702504509
4833,URBAN,19.23395886596761,0.7355657690902089,0.515874088866131
4834,URBAN,3.8990874529885433,1.4514461489066275,0.6168834757292556
4835,URBAN,4.276251030228247,1.6671692578815291,0.23340741688543165
4836,URBAN,1.2093041569246656,0.9450932201190002,0.43216931599861663
4837,URBAN,3.834463381880143,0.17766473722971232,0.35395920058702746
4838,URBAN,9.069037367770132,2.0796204602105828,0.8141996817367988
4839,URBAN,3.6626068004188173,1.1802131518150176,0.5574892994602156
4840,URBAN,11.223899616180748,1.0069484342550339,0.49526074765590844
4841,URBAN,2.4412801245514624,2.202061862926346,0.5387086724027762
4842,URBAN,6.017390033165747,0.2370844821301034,0.44054052635609836
4843,URBAN,7.8815309068523245,0.9025862380839872,0.06936842222763856
4844,URBAN,12.40521948057704,0.4665604784166005,0.11828945813814858
4845,URBAN,1.5793959645442068,0.8866645619613753,0.347217945422725
4846,URBAN,2.5733839819973188,0.8529091698804292,0.4459887100021577
4847,URBAN,10.021295954120811,0.7996007529238834,0.1932275483313413
4848,URBAN,1.5556938084352516,0.6241435595917464,0.05837710881697924
4849,URBAN,3.411234994353469,0.9165285924101025,0.23112403874401277
4850,URBAN,8.353644271534723,1.8764315263461757,0.6061704483740961
4851,URBAN,12.341954291640544,0.734139576470714,0.642836296543095
4852,URBAN,2.853645100995664,1.166559569470661,0.2584427494906213
4853,URBAN,10.276718519675164,1.040175637244122,0.31000874922084726
4854,URBAN,8.434605155093601,1.3780675381653456,0.46688951528934935
4855,URBAN,4.186012770453656,0.9350614563065556,0.2662348595340441
4856,URBAN,11.525962242563645,1.0367934196693533,0.289231512864719
4857,URBAN,8.218875720798458,0.5001694935789694,0.0850169069828452
4858,URBAN,4.201685407375016,1.2225457233683503,0.35245992285265754
4859,URBAN,8.890138025988147,0.45225090699379183,0.38931598387594013
4860,URBAN,3.920638388369083,0.9178643234921287,0.511030699843314
4861,URBAN,8.289991193045916,3.315025620275832,1.084301764183298
4862,URBAN,7.606726268620553,1.2545780589750963,0.41909569562075555
4863,URBAN,1.7235880085333517,0.9775873820083402,0.582607602065309
4864,URBAN,12.833802718329885,1.851112072497994,0.9387207088935994
4865,URBAN,7.1056469021241995,0.6172708530191542,0.5178736909541877
4866,URBAN,1.2853790405906973,1.2745954736644531,0.03756153177548744
4867,URBAN,13.627915265241711,0.8082839403519338,0.2131277359824833
4868,URBAN,5.772379112448073,0.7975505206040442,0.323156173591127
4869,URBAN,6.435425816455142,1.1986359577922276,0.2290651952324111
4870,URBAN,2.9405849217269115,1.2517439870590747,0.20041963062971718
4871,URBAN,8.068390100668505,1.4133199759398958,0.5301438129681978
4872,URBAN,5.455105198317561,0.8195089941705428,0.481051785079742
4873,URBAN,3.6760965016173803,0.706041358310797,0.14736233455771244
4874,URBAN,10.710392659886468,0.8287467605094863,0.16299436635442668
4875,URBAN,5.408950456059222,0.6142000080291888,0.2549275953909974
4876,URBAN,7.9202099488071385,1.3246423050149878,0.5577206937673375
4877,URBAN,5.700708031929885,0.8315670261439146,0.6425173689325947
4878,URBAN,10.968073177391139,1.2111151496733796,0.6196523045935477
4879,URBAN,7.927005933323706,1.0155806461039578,0.2703864644485322
4880,URBAN,5.538741774141931,1.8176836894180834,0.6821074874416152
4881,URBAN,10.366681970461968,0.9533867242709615,0.7686607282581694
4882,URBAN,4.244789130404549,1.3758791392844514,0.8047579352528519
4883,URBAN,8.948794294108357,0.7698696058630405,0.7727105241953406
4884,URBAN,9.476635812417518,2.1755664446758405,1.023698316248943
4885,URBAN,6.805334933543639,0.9792898989599033,0.7169581049275207
4886,URBAN,3.232943404564807,0.9828334587649333,0.6060305822641437
4887,URBAN,12.345851450402716,1.0394093945890974,0.2175412800543683
4888,URBAN,7.967583784885108,0.15418611793304332,0.11912537682515445
4889,URBAN,3.957427044775669,1.1458909639856067,0.3440238519176002
4890,URBAN,10.918195217510675,1.1342174796351652,0.2545885111967534
4891,URBAN,5.010153793429321,1.9298109842875113,0.7260942180807501
4892,URBAN,10.669398452292448,0.4498567852096374,0.4861785261401515
4893,URBAN,5.271860856770922,0.9144282055304184,0.6141226636001056
4894,URBAN,5.304311028650405,1.1995708927006254,0.31579068216102
4895,URBAN,3.573067686245926,0.4079505482903192,0.30591198518366114
4896,URBAN,6.247181090057943,0.2811178248025836,0.3036109041246298
4897,URBAN,2.0096759504279826,2.4197081506175757,0.46569452712506604
4898,URBAN,8.311113345682369,0.45344417154690103,0.4617529223327552
4899,URBAN,4.074727320000915,1.1337646412796782,0.6246843713729869
4900,URBAN,2.2768269305329265,1.9913822128889285,0.9669909603768719
4901,URBAN,5.60489411275916,1.15357890099736,0.615001040473585
4902,URBAN,12.858720264109232,0.8952827130113938,0.4136325246567505
4903,URBAN,1.7472440503104725,1.5391079742118996,0.6944428071326251
4904,URBAN,0.9118883427671434,1.8440400608452672,0.7349664247041962
4905,URBAN,9.142475173431096,1.814643035130601,0.8995519544114595
4906,URBAN,11.75168772990126,1.5228357575575424,0.9260133913155985
4907,URBAN,13.398550572465828,1.084886271656753,0.3476606097540427
4908,URBAN,3.636875814800652,1.0008236400255988,0.22704970157326232
4909,URBAN,6.087244779832458,0.24380127790233333,0.2320262461634061
4910,URBAN,5.370947197315366,0.8203425731788915,0.3943702460375678
4911,URBAN,6.733880652286815,0.413315694511165,0.4039855232390105
4912,URBAN,10.663549415089614,0.37446831280610093,0.24591959145379025
4913,URBAN,6.2922829899998085,1.7890142340703863,0.3190780995697615
4914,URBAN,3.4694045329695893,0.22614640774057282,0.29406305212786527
4915,URBAN,5.719398261965572,1.9481833435443823,0.29876094591383295
4916,URBAN,0.5834341099342669,0.28854089583858045,0.1511878443395485
4917,URBAN,6.658120419506546,1.2716072143602895,0.35644822647389857
4918,URBAN,5.2590770744214,1.5399719012035813,0.6858657014270807
4919,URBAN,11.06897612083336,0.6004973919966545,0.3383579919806609
4920,URBAN,5.993539680109212,0.9606067418097194,0.3611593878970028
4921,URBAN,13.258794230326073,0.8847917643981011,0.18986782425875395
4922,URBAN,2.927134163709292,0.519015855195623,0.2772402773977856
4923,URBAN,1.3100291535187192,0.9677374055957129,0.17969215883856737
4924,URBAN,6.582800727936637,1.3010989370221036,0.2815093702403058
4925,URBAN,3.5035991764897445,0.7044376558470921,0.33683250462377834
4926,URBAN,1.3549715668146263,1.4872425516456758,0.19984369394246923
4927,URBAN,4.0768347050323275,1.5396060069813207,0.5833790548338683
4928,URBAN,9.214727528369188,1.843333478415777,0.43604839251095534
4929,URBAN,10.783220306434597,0.6536193512844024,0.3197565044004897
4930,URBAN,3.8506700989541005,2.729442038915268,1.0374547570940922
4931,URBAN,6.640008249368918,0.5629957500694411,0.8564238270201432
4932,URBAN,5.4813330549037165,0.5674229762488648,0.7048745505940931
4933,URBAN,4.936369039228554,0.4340884744962116,0.3779828094850949
4934,URBAN,5.723226121715591,1.0565417451663563,0.18518107476749468
4935,URBAN,4.9977047419106615,1.1040385958483618,0.45824405923055456
4936,URBAN,7.8405727885859955,1.0000272455487795,0.4765212436483117
4937,URBAN,3.368301486426183,1.3518471938861865,0.6972019706215835
4938,URBAN,3.5186757470048287,0.39721911895665685,0.49516796004905567
4939,URBAN,3.2530408984724075,0.37016757067908723,0.27815375576560875
4940,URBAN,6.889912835488841,1.0113582297852288,0.5109548545149204
4941,URBAN,2.9205187100033916,1.7601204140251026,0.3678029078960972
4942,URBAN,4.213182798599091,0.7035588776507702,0.21050507094683707
4943,URBAN,1.6368143301954743,0.8919720947169159,0.2957160096009014
4944,URBAN,8.787244347657763,0.21944165885542535,0.18940311859640038
4945,URBAN,7.375304601168585,1.2541584219512094,0.26667106991801254
4946,URBAN,10.117039950449675,0.39539758611686165,0.08880890628199256
4947,URBAN,6.673830484869077,1.451146175357668,0.4584577716763586
4948,URBAN,1.3469897656353844,1.6553437180702508,0.41188449521323256
4949,URBAN,2.9384803400671955,1.0685967874358162,0.24514957289315378
4950,URBAN,5.202097802009654,0.23402515640960583,0.12158148734562749
4951,URBAN,4.986103392713805,0.464255803669214,0.1336376399397345
4952,URBAN,1.598971144701505,1.2095839485223536,0.39739329289716885
4953,URBAN,0.9665660803031846,1.8009171661786672,0.443722107834727
4954,URBAN,2.610700522433469,1.1614802698171756,0.4433280034001146
4955,URBAN,6.320554512801564,2.2883603857274633,0.9565230564731515
4956,URBAN,4.932303548277552,0.5689572971973866,0.6295135816579388
4957,URBAN,3.2519291390730105,1.236517735997145,0.71303923670334
4958,URBAN,11.200377849353952,0.251911558481417,0.44279644336687113
4959,URBAN,2.3657450510204043,0.9674346070800229,0.6195703181828304
4960,URBAN,4.2812115095997045,1.0203637170576934,0.2868930589111916
4961,URBAN,10.85805763102231,0.08005162569470876,0.19849520335433743
4962,URBAN,6.846773820452321,0.5548472670965372,0.28803877692404
4963,URBAN,14.313200401872445,0.5995785992371331,0.006882539152691988
4964,URBAN,0.6722357086507729,0.794041193470674,0.23726711113386667
4965,URBAN,8.570132914515204,1.245531440688051,0.40305547112427637
4966,URBAN,0.9370322523732005,1.3010246678953934,0.17635827663532191
4967,URBAN,3.8295823926227737,0.5017207329242875,0.27739640117062114
4968,URBAN,6.136576948088859,0.9795937146203051,0.48641631805927016
4969,URBAN,7.154428339994573,1.312021074027728,0.696923255040718
4970,URBAN,7.084836178871569,0.7854205480415025,0.7052806296142803
4971,URBAN,5.4000961995660965,0.7910241914124606,0.47067201515846346
4972,URBAN,3.9345374014390977,1.3300042810355746,0.5980172138154268
4973,URBAN,4.997501673491647,1.7610402320449974,0.27928484691694894
4974,URBAN,1.8112282893591816,0.5544976962649855,0.17318666172584854
4975,URBAN,8.151155066617122,1.6264292110334149,0.3997688110990113
4976,URBAN,6.925205977606153,1.6457312640322954,0.7813660967556442
4977,URBAN,7.399801662310263,0.4266521032965999,0.6255124413795099
4978,URBAN,5.118344957444171,0.9107077993675027,0.7377293665228004
4979,URBAN,4.439745219172053,1.744959374797759,0.32245659703006224
4980,URBAN,3.15464592172893,0.5480529828527917,0.3829822918567872
4981,URBAN,9.853273757394735,1.1589452873421255,0.3431266121504444
4982,URBAN,11.02674516057227,1.0893789475859263,0.20585331743069774
4983,URBAN,6.907134234507358,1.1909733673238854,0.4855924392803547
4984,URBAN,8.418734822751622,0.6749384084304275,0.5597178515373008
4985,URBAN,8.983270957945916,1.4606605834145157,0.8630082255247125
4986,URBAN,10.990612699348523,0.832164774687322,0.8830463146811266
4987,URBAN,8.252002749221372,0.6356675269324071,0.4453761609042924
4988,URBAN,9.719542994089908,1.3921913341686143,0.582164158661743
4989,URBAN,5.758863848457495,1.0830707808375646,0.12917014265987337
4990,URBAN,4.858697318302016,1.1086038853963591,0.23518690222210253
4991,URBAN,4.875989457598982,1.6712895901140994,0.6028356882161233
4992,URBAN,1.5330985015082428,1.4913264728470041,0.6734833270734906
4993,URBAN,7.649445345318086,0.5637188586436933,0.6267302201842329
4994,URBAN,8.105482031606243,0.48613643367271847,0.32624025850780825
4995,URBAN,7.15862482292918,1.0912148839724864,0.44203978487818985
4996,URBAN,3.2723173829155208,1.3595241145916677,0.7033074875106009
4997,URBAN,5.257908937887435,0.39993175847440643,0.42561679542586084
4998,URBAN,3.7282972306921143,0.41051424868025477,0.3453269966241656
4999,URBAN,2.2857912409173453,0.22774732531872932,0.2103119930596051
5000,URBAN,3.4889727142222235,0.1313002386736221,0.15628306819469526
5001,URBAN,5.871445903324107,2.249520334765888,0.7682208105635524
5002,URBAN,1.977614174127813,1.7581785096924893,0.9710083300437112
5003,URBAN,6.528194999900683,0.6834488782725795,0.5065332440727793
5004,URBAN,5.196966648834348,2.43696381964783,1.055988459823611
5005,URBAN,2.3949104129808227,0.688527946240465,0.7663642534708422
5006,URBAN,5.341004529763122,0.23072680593875705,0.4854005895461245
5007,URBAN,6.051328551293199,1.6246426663784155,0.7932315416045992
5008,URBAN,5.217232724349214,0.8610497946123593,0.7415658065659496
5009,URBAN,5.728803500731252,0.8956131678624364,0.671584434694559
5010,URBAN,1.7757556773155914,0.9622676474749977,0.39255800704439614
5011,URBAN,3.1106118685859827,1.341719220770066,0.1451179264163947
5012,URBAN,8.74589508745524,1.4468429645568706,0.4834989574621169
5013,URBAN,10.843115441325619,0.5529862310056269,0.3417525679244064
5014,URBAN,1.5922221072884046,0.3285781839865278,0.22018508169449993
5015,URBAN,3.7159665247046783,0.1800318270256553,0.10552440199303316
5016,URBAN,10.630620526198046,1.1805328329834552,0.3860428447363756
5017,URBAN,8.5660529723886,0.8172456254980448,0.14472086053493
5018,URBAN,6.045413210131302,1.6753676421212231,0.562509897077623
5019,URBAN,7.728172219147924,0.637844164201422,0.5827606397837685
5020,URBAN,15.199020380067758,1.3845477509285278,0.8306050464435135
5021,URBAN,9.5628156984766,0.6344181962563176,0.7472068483077242
5022,URBAN,3.901573813045074,1.3390721805845396,0.5471292397709705
5023,URBAN,1.2318137648798158,0.9220824143473143,0.16423497872134454
5024,URBAN,4.515235027807641,0.9451238892721807,0.3790425360697389
5025,URBAN,5.326194898276185,1.4640765008206753,0.18387856608094041
5026,URBAN,5.8744173407068025,0.9142382740152097,0.1979748475990398
5027,URBAN,5.867164412916061,0.5831198822846834,0.028784826216527303
5028,URBAN,3.6970660616365136,0.8238938310949333,0.24163818096337858
5029,URBAN,2.5921317398931802,1.2560479283787402,0.24189970495205895
5030,URBAN,9.175048101827258,1.1075108196634618,0.4466079544984095
5031,URBAN,1.2390634071739524,0.8654526434155484,0.06365190860801248
5032,URBAN,10.32062189470165,1.4300838149471213,0.4228026301991429
5033,URBAN,6.358305117434014,0.8723371040612294,0.49819448257797694
5034,URBAN,5.550486593016622,0.8656738211556484,0.10615007646996281
5035,URBAN,8.691209487056216,0.8209925243442454,0.3250671101491807
5036,URBAN,8.472903000503667,1.3445482301534217,0.41776681642355834
5037,URBAN,4.769582868075247,1.0806013632656932,0.444605790631745
5038,URBAN,3.7833991533664686,0.7834267951385432,0.5391051379032428
5039,URBAN,2.691104394980165,0.36901838022281724,0.3605056611557506
5040,URBAN,4.2700390260679075,0.7947118307612909,0.24727999009346682
5041,URBAN,2.6493129341543176,0.5011012012728392,0.3149878915121266
5042,URBAN,3.375215652865317,1.019165845602207,0.2571288672340806
5043,URBAN,5.165371768367744,1.3867167233025974,0.49894639594522644
5044,URBAN,8.539180530820524,0.6270099551663261,0.5378399487565472
5045,URBAN,3.876071878484216,0.8146667533307002,0.22468558624375234
5046,URBAN,6.321923621796728,1.173914644638815,0.40761843435724393
5047,URBAN,3.721639935304723,2.382831455823218,0.9430015531117979
5048,URBAN,3.3342143470791092,1.2493085075230286,1.0055998075102395
5049,URBAN,5.220690010748209,0.5664267984901589,0.8645317440829791
5050,URBAN,8.357497375531334,1.5670958355125053,0.5060645847929639
5051,URBAN,9.082992928313677,0.1770859283406522,0.39197629979504695
5052,URBAN,3.299390596399043,0.37899631131099404,0.39212016584246656
5053,URBAN,2.487012359047704,1.670667688680451,0.4328435566393422
5054,URBAN,4.428979570964975,1.1393574646430193,0.5121581518903691
5055,URBAN,0.5699550341672952,0.2502977693061791,0.3318308233247467
5056,URBAN,6.8753406158823465,1.2896590177262344,0.48124416061679265
5057,URBAN,7.076210250319874,0.8879551515756969,0.6035937977266925
5058,URBAN,6.197920425477816,1.0256745846546529,0.7229184770297798
5059,URBAN,5.477091325288409,1.0817112400376279,0.8316474777455626
5060,URBAN,10.374373304097352,0.8617387392343572,0.5067125693763085
5061,URBAN,4.000761614865268,1.1222516250552177,0.14143729122450036
5062,URBAN,3.945678069176015,1.2208724514043332,0.2527687563391883
5063,URBAN,4.604418179728966,1.5017650357741703,0.27456909468595525
5064,URBAN,5.1021581205220174,0.9532933295615413,0.08236817280453332
5065,URBAN,6.009754683571246,2.4314544072231783,0.6471864921668193
5066,URBAN,8.370628622811997,1.1363853289360994,0.24398263629515093
5067,URBAN,5.562988014693126,0.596978289449124,0.24454986557361325
5068,URBAN,3.0040193390522614,1.1831061986325786,0.43773945777597006
5069,URBAN,3.0464776631022805,1.153473473131304,0.29068380966446533
5070,URBAN,11.037798168704446,1.5244833613333506,0.27449761229596986
5071,URBAN,2.9498285703235863,1.033734847935099,0.12171821487149823
5072,URBAN,15.720702271290799,0.5400270128826135,0.21167568532209505
5073,URBAN,7.139713598942362,1.2315448339274697,0.36368298311763503
5074,URBAN,3.354444025650346,1.201111450742834,0.4682537037340244
5075,URBAN,4.3572115244701175,1.1887677469156264,0.021970905131010302
5076,URBAN,2.7736095220966166,0.8587881373044328,0.26424025234955295
5077,URBAN,8.010159371243144,1.3617037360753939,0.5893517001586468
5078,URBAN,3.574469622081974,2.785595013572551,1.2462857127587352
5079,URBAN,13.67572704173863,0.227399316640208,0.9644334483558865
5080,URBAN,12.229861035839294,1.4097262012519711,1.0951784120964105
5081,URBAN,6.561007187669564,0.6051287673899928,0.6498394007252235
5082,URBAN,3.652075387296517,0.6035282414718874,0.3535150182520455
5083,URBAN,8.916816203750303,1.4228888482565658,0.3895380860507075
5084,URBAN,10.759231458546358,0.384997535207836,0.17385646129996593
5085,URBAN,9.712643272204494,0.15379929797221742,0.14999117784759378
5086,URBAN,6.348591043619788,0.9896693028215647,0.2458964862072762
5087,URBAN,4.103365108267514,1.1157333835729883,0.19005471798125495
5088,URBAN,3.588942360680561,0.8040382127889226,0.34006316905114115
5089,URBAN,3.6488751886488813,2.0770414614709747,0.7514196457721232
5090,URBAN,7.394678239272286,1.658233456191149,1.0207749304271132
5091,URBAN,6.28319356225091,1.3119830056755255,0.3433764605834032
5092,URBAN,2.62103307232929,1.7619336256391183,0.6449161764027808
5093,URBAN,5.697243103558276,1.5380433106883518,0.9254585212843808
5094,URBAN,7.4446455766206725,0.8498508109026356,0.8517272003296734
5095,URBAN,12.184580542054062,0.4832122423119093,0.6102687032402939
5096,URBAN,2.7421437223287537,0.3017255071188811,0.4517191168915005
5097,URBAN,6.6597426728837865,0.4942234977053341,0.25374010994755103
5098,URBAN,5.25712661283402,1.017225884227012,0.1826802359348539
5099,URBAN,4.815122466912508,1.5156003216663851,0.5033645212307083
5100,URBAN,16.403369725178564,0.12020804159451719,0.3909536485948818
5101,URBAN,6.430276260915439,0.7574848554517971,0.280989335925208
5102,URBAN,11.589068315489229,1.395216008187444,0.5495587959539145
5103,URBAN,14.025609855615752,1.214278045365916,0.6833974667804811
5104,URBAN,4.668574568693523,1.33478025746151,0.34291661692171965
5105,URBAN,3.672778807173544,0.2549210181821551,0.21066906848074307
5106,URBAN,2.541264196304192,0.5489711813579805,0.09454025378909701
5107,URBAN,3.6629004229668105,0.25259101971030984,0.11010683204007378
5108,URBAN,5.556283780855296,1.2281192248333015,0.40755858501914644
5109,URBAN,3.483607153818359,1.2693043783050124,0.4424123162563319
5110,URBAN,16.512003339115036,0.28635144503496635,0.3917092762812371
5111,URBAN,6.415772393268193,1.343433068497853,0.527151887624621
5112,URBAN,10.138501179587486,1.0369489616888048,0.424811129752008
5113,URBAN,4.977903792814685,1.3114399539158572,0.5208635527175018
5114,URBAN,11.148622726433288,0.6187633707078777,0.44047358517873936
5115,URBAN,3.6253875889040335,1.400393919320924,0.567636870618885
5116,URBAN,4.92393158399341,1.3764592415753956,0.2910340802558125
5117,URBAN,2.246663996140498,2.265553584949514,0.777931359714217
5118,URBAN,6.995136532574442,1.4447318186356484,0.8006501112217362
5119,URBAN,5.249325543243434,0.5422810597149154,0.6880495227395498
5120,URBAN,11.171840002521254,0.17559108277122773,0.5621891993546587
5121,URBAN,5.97245090359202,0.6276350042243544,0.513981460030884
5122,URBAN,10.325584149693345,1.752941884247131,0.09985488262741904
5123,URBAN,13.608305610448747,0.8062599102583385,0.18469065621576528
5124,URBAN,7.315456279028121,1.0697316183890202,0.37806663084503256
5125,URBAN,3.081130484858622,0.43267070281838516,0.37521011932035375
5126,URBAN,10.00869849836234,0.05387149847950539,0.28416251517683444
5127,URBAN,3.997155075401624,1.0994771375889556,0.1689115454201868
5128,URBAN,10.74975820969981,0.8822437000533865,0.3674164223812811
5129,URBAN,8.304517374643499,1.0451865802963398,0.19417691505462503
5130,URBAN,6.5796757192948565,0.44129450532431896,0.20123492031526694
5131,URBAN,7.995386331677702,0.2147944609762701,0.1921982960013524
5132,URBAN,4.973966837603554,1.4601490564192763,0.4920691282339878
5133,URBAN,9.995737295935232,0.5792412551398401,0.21951651623785365
5134,URBAN,1.2951103157139496,1.2409113346510765,0.19882255585994915
5135,URBAN,16.324227574459883,0.32835719318393347,0.21965352105113456
5136,URBAN,8.03876805681921,2.0062549424225855,0.6869364057848232
5137,URBAN,2.876957916749515,1.254979992461548,0.8448072862169462
5138,URBAN,6.863078725193261,0.5929511845332807,0.7356296030102815
5139,URBAN,8.354871027490836,0.5480236436406979,0.6812020575498
5140,URBAN,3.4488006228823336,0.33660531825747203,0.42526276288144116
5141,URBAN,5.922465111200678,1.0596875306857347,0.0533948431783633
5142,URBAN,6.430193816910604,0.8926556413354773,0.17890272337448895
5143,URBAN,1.8139149386059672,0.6081696020231653,0.2031666407028905
5144,URBAN,3.370795192973265,1.125137834938965,0.4379590680274189
5145,URBAN,3.3016861951928447,1.1930693925568665,0.633218062998743
5146,URBAN,5.734886044609823,1.175634118487222,0.750263840323073
5147,URBAN,7.684338292870607,2.108895645775498,0.36922307585799335
5148,URBAN,2.02831299689843,0.45113848778862875,0.3543389882971836
5149,URBAN,9.09048717290396,1.4916604652231031,0.2985997342291263
5150,URBAN,4.126347360280541,0.8451529373554815,0.12324417809743322
5151,URBAN,12.085094760024413,1.03993104383723,0.358513730199837
5152,URBAN,8.105257250304613,1.3560788694187005,0.18357003934139926
5153,URBAN,6.467080556589998,0.348196764451148,0.15145429870825822
5154,URBAN,3.8739844404039916,2.406361401479662,0.777571566190134
5155,URBAN,4.8456160567852224,0.49376863983483665,0.46595830806269434
5156,URBAN,3.6189106338179977,0.9388314321140394,0.6106839546740371
5157,URBAN,3.4644672628310977,1.5437312522699247,0.42944570407824767
5158,URBAN,4.917629147750249,0.6163397109383154,0.3705756018924792
5159,URBAN,10.252531256807968,1.2526743365398252,0.2832483889319425
5160,URBAN,4.266572536622366,1.1693082621786064,0.5858635770105841
5161,URBAN,8.174692303634798,1.978682820291159,0.8500407417592826
5162,URBAN,1.9383335340552332,1.7867291854707203,0.40530925405400775
5163,URBAN,5.113957698201899,1.4229096726656763,0.6152874713565066
5164,URBAN,6.574053459774171,0.8325470763699809,0.5823405638584127
5165,URBAN,6.22793840509708,0.8991111687973229,0.3447665882640898
5166,URBAN,6.179173080474846,1.1543739024390407,0.5136261815159998
5167,URBAN,5.336681279397832,0.6840528352898765,0.44820415988162415
5168,URBAN,5.173745269489013,0.5441157336497345,0.4687615653944914
5169,URBAN,7.3422827012037954,1.8278000473343,0.5183959578145766
5170,URBAN,6.225531761394609,1.1439369862555187,0.060057057961088456
5171,URBAN,3.1892813216478775,1.723415951289424,0.5175163615378656
5172,URBAN,4.015155787573657,1.051873126581526,0.08749304208539509
5173,URBAN,3.0734880285032626,1.1960504843741546,0.42104307987569844
5174,URBAN,4.986348235080829,0.7879335596212526,0.5487703081820043
5175,URBAN,12.681865315887535,1.7509678650579332,0.9503749452727926
5176,URBAN,11.190242374526122,1.3426682561535856,0.5081598298637519
5177,URBAN,10.325603109061035,0.09743111453451728,0.35481629790488645
5178,URBAN,7.4741616393979715,0.791165779298022,0.45214238734540574
5179,URBAN,6.680296275581062,1.8574475946160214,0.773928355333338
5180,URBAN,6.219193841798864,0.9388808786614048,0.8156153366532336
5181,URBAN,8.127709769530977,1.5020419535198526,1.0079860747948357
5182,URBAN,9.493252087835474,1.5414995941070964,0.9769392222708759
5183,URBAN,5.289117270625034,0.43021320856315115,0.8309258483408855
5184,URBAN,3.481572542133613,1.147356061533741,0.9320432213529111
5185,URBAN,2.3407562461173623,0.4038528940290478,0.6828498283532879
5186,URBAN,4.798416912003806,0.29475265750181845,0.502239045893015
5187,URBAN,4.789248513129213,0.8446312595284468,0.6025309267290279
5188,URBAN,8.08622857145168,0.7210039692809274,0.2201424240547527
5189,URBAN,12.911037831367551,1.7265726986010232,0.6694924288057363
5190,URBAN,4.003009149068493,0.7433583863807465,0.6224499395409128
5191,URBAN,10.813636836325236,0.6403929027117696,0.5696305064349765
5192,URBAN,8.374338427790265,0.6552789431289472,0.3687442885510203
5193,URBAN,4.910910560013569,1.097614193639338,0.5570850573864763
5194,URBAN,3.5359700800222646,0.6019776566885349,0.559598700877916
5195,URBAN,8.661022480116474,1.1521672316832745,0.22455754002138772
5196,URBAN,11.003664699738819,0.967285381067516,0.29845699516364066
5197,URBAN,4.50948021050298,0.3080695558842508,0.12258614287409539
5198,URBAN,4.338553202483705,1.3318738568684187,0.3207149438227813
5199,URBAN,1.743246781432751,1.049090846663072,0.49143790066023896
5200,URBAN,9.03099228189471,0.9629457428960984,0.23834628197768784
5201,URBAN,9.650439719157164,1.2807981906706334,0.4636840041436774
5202,URBAN,5.5731199089768735,2.522870686871971,0.7919227689443068
5203,URBAN,3.5531019212703945,0.3225849325605785,0.4920001482154264
5204,URBAN,6.153652823793181,1.656886844798344,0.6943545423516346
5205,URBAN,9.740142080410813,0.7786366396544783,0.45515585305569084
5206,URBAN,10.82554040495105,0.6458487388769532,0.3532841201791714
5207,URBAN,9.894830149572737,1.7126026958456657,0.4090314633498744
5208,URBAN,1.7192049141618893,1.9665259550262146,0.46038555615116333
5209,URBAN,5.323976903077602,0.41614625945801825,0.41167635178611195
5210,URBAN,9.032298492504315,0.4494768451641412,0.2892131779435921
5211,URBAN,6.994100303884167,1.3749582283904933,0.27252100695174625
5212,URBAN,4.816839633936374,1.1044095055311614,0.3676623523156401
5213,URBAN,15.859222068932207,0.581792697477747,0.4035651065338476
5214,URBAN,10.794059997069475,1.8703650910566414,0.3144161243987205
5215,URBAN,3.9117836585459567,0.564997047116466,0.41419195217376625
5216,URBAN,4.248941816421817,1.5593867878139644,0.8046361156631917
5217,URBAN,4.187538599468148,0.8562501108028414,0.37535094635805705
5218,URBAN,7.0027793318125156,1.871571693386455,0.8693156410275833
5219,URBAN,13.360211177563214,1.3741187009339975,0.7737193886305758
5220,URBAN,7.084910021817792,0.4957872843492144,0.40360046679240125
5221,URBAN,10.81680341516016,1.4022165674381228,0.2911908343182749
5222,URBAN,5.65587688165855,0.7641820993904103,0.323951047826733
5223,URBAN,0.5712219744210932,0.9253215789385177,0.43663412850687866
5224,URBAN,5.059479102358628,0.39128235660295535,0.2010258176195751
5225,URBAN,3.044063715867614,1.2606918034297951,0.32794949248679506
5226,URBAN,10.226117564434272,0.5309282691630831,0.06704041721014899
5227,URBAN,5.042028652053085,0.2448979930830191,0.11546902306890845
5228,URBAN,5.582479834559674,0.0948137798064163,0.08213823077946207
5229,URBAN,5.166117087019598,1.577236198573277,0.4230538154041592
5230,URBAN,6.232219219886407,0.5102426588671738,0.42712508333581944
5231,URBAN,5.528368635623582,0.8620092849352682,0.4779417785552952
5232,URBAN,5.2203201301219995,0.7973153133997131,0.5751451739287797
5233,URBAN,5.188398963450885,0.8075916188887098,0.6280483425084201
5234,URBAN,5.873229187186331,1.9450544306557822,0.8994094588616786
5235,URBAN,1.1923977372684562,0.7953571206057447,0.6298690013340039
5236,URBAN,0.4347770701274272,0.6317003598746798,0.4739169039989329
5237,URBAN,1.6590904161590005,0.7629842021523728,0.4659386459183255
5238,URBAN,4.506913436125598,0.5106812050607772,0.4376576972042345
5239,URBAN,1.953014900577673,1.497633873913256,0.7158369563687532
5240,URBAN,5.9801706494963875,0.8758684129362925,0.6785096231889847
5241,URBAN,10.07013047239902,1.8018710691214044,0.6167402511469926
5242,URBAN,5.365373166661604,0.5371211151539887,0.3604576351867572
5243,URBAN,5.979046165638974,1.9044586282066545,0.7255757591929698
5244,URBAN,2.3768998532448626,1.1436845674993075,0.17828311126455693
5245,URBAN,6.531564062592709,0.8239443990090057,0.21698292822504997
5246,URBAN,9.127078603758228,1.303546270630443,0.3915422552169395
5247,URBAN,12.56336435674768,1.3402728650860445,0.39494389524909507
5248,URBAN,4.259431063821028,0.8577429382009967,0.48516074313363494
5249,URBAN,2.640264718167871,2.1638249145996014,1.005179954893329
5250,URBAN,6.8136959232669545,0.4088428793697437,0.8045322560515129
5251,URBAN,4.069797924860182,2.109969746795284,1.2479865811455997
5252,URBAN,5.1870095381659125,0.6080381168588925,0.809518389703618
5253,URBAN,7.667075794241451,1.6696902584845579,0.9700430491040971
5254,URBAN,8.333656446983515,1.0131514603671596,0.7417141666032893
5255,URBAN,8.843086024365864,0.3880320783723976,0.4627483680625735
5256,URBAN,11.857888735254983,0.7773914414455397,0.516047364381943
5257,URBAN,7.676985017888021,1.381834684087753,0.6843324297908195
5258,URBAN,2.6437116148161888,0.1346671195592912,0.4657068203135272
5259,URBAN,9.722662749145904,0.9845124155980443,0.084541054472724
5260,URBAN,2.0658561871258896,0.29634811278563267,0.10910463606554802
5261,URBAN,9.824729361221442,1.3087139175465254,0.338310162712154
5262,URBAN,4.266529164985771,1.8958041863076596,0.3365276135638542
5263,URBAN,5.024066079112183,0.08925927036219353,0.26061937685581
5264,URBAN,4.608578112584707,0.960704492780016,0.47443827764776547
5265,URBAN,3.2485336267694547,1.9057108726707799,0.6391744673934169
5266,URBAN,7.9534251416428985,1.2693288073352968,0.07932108832829739
5267,URBAN,15.8176006927969,1.181727176787951,0.30294272147085777
5268,URBAN,9.680178746997155,0.3553049185228892,0.12112364445014485
5269,URBAN,1.2032768395488749,0.7922908252246966,0.207225902441528
5270,URBAN,2.3587951764724373,0.6239250769824228,0.35438529936633445
5271,URBAN,5.321264492915445,1.1506363350102435,0.5769238337479967
5272,URBAN,7.595604697399339,1.1263029958592359,0.31562837500279556
5273,URBAN,7.62584416526545,0.3498843706289191,0.3068661106556695
5274,URBAN,2.035778515412882,0.2373579066749306,0.24560265038377346
5275,URBAN,11.494970582364191,0.9355718677480198,0.4702132668970047
5276,URBAN,1.7613707541444292,1.225825153627139,0.5259385927795425
5277,URBAN,2.9882328309427972,1.1963124724811058,0.5662014943680337
5278,URBAN,1.5227661557764858,0.7507702497228823,0.46943644993569617
5279,URBAN,4.895483461951202,0.7896924194245242,0.17019612915643698
5280,URBAN,2.44370133270168,0.4645118895399178,0.24679647033057028
5281,URBAN,1.78689984461719,0.6719713671134758,0.3489414423311609
5282,URBAN,6.684100592762221,1.5430064195807565,0.6354462463797822
5283,URBAN,3.610704868791914,0.774990405849997,0.6225220657385283
5284,URBAN,7.052734866276252,0.6284438422229259,0.5739976700835364
5285,URBAN,1.9258920062601521,1.0802583228657157,0.5083374466828353
5286,URBAN,6.7544741306620795,0.18490653471220078,0.41537308905817116
5287,URBAN,11.700876083917773,0.6909519364946659,0.07435791006793104
5288,OPEN,1.8923755152061643,0.08119013711846607,0.0810380294017367
5289,OPEN,3.2539630788940905,0.037945191599932926,0.03800070049349036
5290,OPEN,4.99901284384147,0.03425934089766792,0.033516573379251895
5291,OPEN,2.8335352381227463,0.050558396521797645,0.05019977774501211
5292,OPEN,5.50698566342928,0.04404668265260454,0.04347443701399406
5293,OPEN,3.8391820891409454,0.03895639982370168,0.038792168599382275
5294,OPEN,2.2591064932501834,0.0371787240074545,0.03678265226515136
5295,OPEN,3.019522196902131,0.04228742930059176,0.041222169328524405
5296,OPEN,1.1815694696747525,0.0026330418974519786,0.002816435752748626
5297,OPEN,2.246959010515365,0.023159849451093305,0.022837933221023
5298,OPEN,3.880587599594384,0.021956587001358455,0.021943109519589526
5299,OPEN,2.6839755795966687,0.040518316897701634,0.039536106198423106
5300,OPEN,3.131199073641417,0.06952035672132453,0.06775815589252346
5301,OPEN,3.481341673769421,0.04209163992020463,0.04047345397259639
5302,OPEN,2.040192445776503,0.03901082914215042,0.03854005182608684
5303,OPEN,2.234327709861649,0.015046372225271694,0.014537580919341323
5304,OPEN,3.781651876369041,0.03811401390699778,0.03777919429476668
5305,OPEN,2.9844283876742215,0.034135297012621565,0.034293485545305924
5306,OPEN,2.979367047884717,0.027374045220690865,0.0270268763980385
5307,OPEN,3.306310619785987,0.03214186546471891,0.03145731882882528
5308,OPEN,3.7550606201815957,0.0247226468852469,0.024050006157270702
5309,OPEN,1.0603391456509126,0.020961601543926803,0.020237985413701528
5310,OPEN,0.9513963069220697,0.02302460978303035,0.022904314093545573
5311,OPEN,2.746462578910667,0.01993332530011357,0.019945472484728385
5312,OPEN,5.500423040121198,0.06077801568326123,0.05967726246542435
5313,OPEN,2.7812542522791883,0.004542950705191411,0.004166207227683475
5314,OPEN,4.759445158828605,0.04846178174509175,0.04776528507963365
5315,OPEN,0.6963725444549124,0.022557140299731444,0.0214046622379159
5316,OPEN,1.700276437669317,0.02369487953213029,0.02306779310913791
5317,OPEN,4.243387439167849,0.04411147309193021,0.04308314929129077
5318,OPEN,0.7714933324621001,0.027282722003281013,0.026341091228501985
5319,OPEN,4.9035299507394114,0.029961102456930826,0.02975830310762662
5320,OPEN,6.041408479481103,0.04666533094375636,0.04641126066469601
5321,OPEN,2.907105283788957,0.040575291910799054,0.03993432031711062
5322,OPEN,2.965852103511841,0.044838538409335105,0.04477084311884709
5323,OPEN,3.3110346560836454,0.024703505848393995,0.023992700669459494
5324,OPEN,3.1640359930162636,0.05384530506964416,0.05337035601670283
5325,OPEN,7.075429155919492,0.03678347047911663,0.03547716531579529
5326,OPEN,1.72068349094068,0.023915005490363416,0.02345806682626897
5327,OPEN,1.3778329012814594,0.02221920170366768,0.021816939866965156
5328,OPEN,6.875818363226121,0.011113235275972907,0.011053123920229524
5329,OPEN,3.812434827922514,0.013427567589879305,0.01312105241609124
5330,OPEN,2.4578654911145237,0.05920853380609843,0.05821162286196345
5331,OPEN,3.01902722180417,0.002214806137146568,0.00298594985600716
5332,OPEN,0.6602503006391421,0.06010264492963159,0.05919634880761675
5333,OPEN,2.096167676999938,0.04061574937632422,0.0408666409198113
5334,OPEN,0.07780866026937233,0.033502444052752794,0.03342970699269652
5335,OPEN,2.3569310544841713,0.04681646577412596,0.04577369494649132
5336,OPEN,5.23872539156904,0.05197684968939842,0.050802924355388454
5337,OPEN,5.427205853256825,0.048882493310614374,0.04887325014862185
5338,OPEN,1.5841692462532089,0.012114926171904664,0.011156611078302136
5339,OPEN,5.115761855071793,0.044246470563335194,0.0433518542789861
5340,OPEN,0.18741687009397226,0.06607972063177822,0.06571701321362525
5341,OPEN,0.5099281733866571,0.043211357085719826,0.043198317059182055
5342,OPEN,3.3186683972764395,0.013426497741396653,0.013942172441503645
5343,OPEN,3.5708897937518307,0.03817123733963042,0.037795104743518694
5344,OPEN,0.6898428367949465,0.038629596475109156,0.03809167646445982
5345,OPEN,2.2481786827181294,0.02289666953463034,0.022189614204580325
5346,OPEN,2.364334648531477,0.02277122761585617,0.02204518291904376
5347,OPEN,3.6534417142017133,0.01875128876554799,0.01876174516715376
5348,OPEN,2.4308046813038957,0.0021855426456927575,0.002290648082676328
5349,OPEN,4.985267583898906,0.06961658979991847,0.06853991232721725
5350,OPEN,4.327443087370135,0.028985692816444822,0.027873384424809765
5351,OPEN,4.1056691061342185,0.024339191992966826,0.024159638140437235
5352,OPEN,0.43578655842782327,0.04762483570203612,0.04648137070908025
5353,OPEN,5.9350879505861185,0.040689748169320694,0.040032495811937366
5354,OPEN,5.245543365567048,0.01634795168075859,0.015563406545110247
5355,OPEN,2.5662063893726432,0.007172108430838449,0.007248410844737571
5356,OPEN,2.6078643410069517,0.027283158458554363,0.02690181063671433
5357,OPEN,3.28237660129228,0.032039523581049306,0.03154419094571913
5358,OPEN,1.8987630021228323,0.04132718204657922,0.04113303842033158
5359,OPEN,2.6651048807913478,0.024797843981822575,0.025073916085761937
5360,OPEN,3.620427488351734,0.029349689512805997,0.02906887084743853
5361,OPEN,5.100882074403392,0.0573432575163587,0.056111140016194806
5362,OPEN,3.640285904213188,0.0621465429964423,0.06023205003308155
5363,OPEN,2.7363129981895375,0.04024836492123732,0.040042653533477815
5364,OPEN,3.258694176751635,0.01664068546203996,0.016634601693591353
5365,OPEN,5.299896637930851,0.032474100858899534,0.031723628652258716
5366,OPEN,5.648347779647423,0.027198892799344013,0.026963193747915913
5367,OPEN,7.923123774279098,0.04305907171932997,0.04265720079236981
5368,OPEN,2.7592147765456465,0.045947157393224816,0.045355262890036746
5369,OPEN,2.6661211359859394,0.03183506478517229,0.0314862023841408
5370,OPEN,3.1324931804837286,0.03981577798713859,0.038957718543820186
5371,OPEN,4.406637828029572,0.07651752183951746,0.07582600499607928
5372,OPEN,1.7817966458824606,0.07578099229459731,0.07482301987771418
5373,OPEN,0.9280373832725556,0.06045290177861522,0.05969490794073248
5374,OPEN,1.5733405874062116,0.11274672871529808,0.11092878135278182
5375,OPEN,0.3152869166760411,0.005756885131106421,0.00649335552432972
5376,OPEN,1.9091679506630659,0.007417476590414387,0.007360378195419516
5377,OPEN,1.651623791124662,0.06268622150073296,0.06175266984783441
5378,OPEN,4.758078931765184,0.03721893774976406,0.03714090657159329
5379,OPEN,2.990451318841048,0.04273150584689745,0.041776967478706996
5380,OPEN,2.6131225913248883,0.06644216750716626,0.0650049929916022
5381,OPEN,0.5534854211139497,0.03712847223887678,0.03743142044820891
5382,OPEN,3.5719764631564264,0.026232850728328386,0.02637114362519295
5383,OPEN,2.2211350516377513,0.03444641337338955,0.0342498677807026
5384,OPEN,1.457634045143467,0.04935706930346738,0.048092210166352505
5385,OPEN,1.532298374799908,0.011251662080298687,0.011291809760555448
5386,OPEN,6.425279715585999,0.04833859391023239,0.047538087509630386
5387,OPEN,2.863117870766232,0.004999735017149929,0.004346813837316661
5388,OPEN,0.4485203628717279,0.05221902328395734,0.05139289095583174
5389,OPEN,1.3333702961603053,0.0016785578664602462,0.002469939413973766
5390,OPEN,0.7659714581111625,0.05601752287813146,0.055135411709936466
5391,OPEN,3.3723303706449506,0.024569540158656932,0.024083702219691385
5392,OPEN,1.7473968649772094,0.03865746767664365,0.038244463740807186
5393,OPEN,1.3701208490008672,0.024247480131654404,0.023521689446555877
5394,OPEN,2.2832762559124604,0.024270457776616274,0.0235233291027898
5395,OPEN,4.797854333611934,0.031180223111371537,0.03054100557490867
5396,OPEN,1.9891023611086989,0.02316112921676996,0.02233215230647141
5397,OPEN,4.2495174256401755,0.06812241551678361,0.06729819533184711
5398,OPEN,6.388137619383676,0.03138734627168201,0.031644334000264986
5399,OPEN,5.418833456340219,0.05628843528589643,0.05551008746828809
5400,OPEN,4.604953524803152,0.03706087007936398,0.03665716738474848
5401,OPEN,4.5608011351794175,0.04199197746263475,0.041888020132158615
5402,OPEN,5.210549722936968,0.014419035658505545,0.014779456226265829
5403,OPEN,5.991636139981405,0.07283928427571532,0.0718433496586942
5404,OPEN,1.0778013909521833,0.053579775816327585,0.0538362492506025
5405,OPEN,2.8150571270466767,0.02521176587377018,0.024136420359415184
5406,OPEN,2.5128617956119244,0.03342424938766678,0.032549500100712656
5407,OPEN,1.9972828470583055,0.012230133162355513,0.012060559324872669
5408,OPEN,3.4395188838540522,0.03052314021026519,0.030202128747227334
5409,OPEN,1.271539140274863,0.0829246589550044,0.08147351118871521
5410,OPEN,4.660398575417428,0.021554028454537414,0.020448853013118225
5411,OPEN,1.6635826919621877,0.014941390382298485,0.0149919417324039
5412,OPEN,1.969957736509636,0.034072411098332464,0.03378125387347497
5413,OPEN,0.3974517421006561,0.0213474525800246,0.02051542011265253
5414,OPEN,2.4175716767129147,0.023988022103063222,0.023241488757725543
5415,OPEN,1.9928335430380226,0.049309596756732486,0.04889304704163442
5416,OPEN,3.2251144335932853,0.021656374663152567,0.02186768259581057
5417,OPEN,2.8711543359362808,0.05261685532564143,0.05194880582439917
5418,OPEN,7.19292344854634,0.07112053827191145,0.07057222391547542
5419,OPEN,3.5824464679474115,0.06763104005561582,0.06588728027730273
5420,OPEN,0.4449716630368655,0.025168005777521395,0.0243797850126736
5421,OPEN,3.2681526756900836,0.03668871400395813,0.03594485612317191
5422,OPEN,2.823145483442773,0.053588158703615885,0.05279295897128167
5423,OPEN,5.214833055235009,0.05765363906287921,0.05609167227915743
5424,OPEN,2.8484281204094684,0.044601488073379714,0.043123185939800725
5425,OPEN,2.5960385185864547,0.042082386889430085,0.041684459460234524
5426,OPEN,1.4453290203916018,0.021340192210985633,0.021119135118801025
5427,OPEN,1.8051597849092413,0.029556647573920774,0.029361530497818252
5428,OPEN,4.7230537241123205,0.033484139523605946,0.03334163439501623
5429,OPEN,3.0711433677296824,0.03065433681593637,0.02962409903544154
5430,OPEN,1.4637352159732746,0.02233819905901532,0.022431652946985504
5431,OPEN,0.2402123989113516,0.01275552558147195,0.01220031398582397
5432,OPEN,2.5482420017995557,0.04426072851310578,0.04352078274958768
5433,OPEN,2.5661939290064497,0.04428789443255181,0.04390413174897631
5434,OPEN,0.3749180726127308,0.03946253857209824,0.03812164752590992
5435,OPEN,2.7081898965456475,0.10739532893844958,0.10520739476134895
5436,OPEN,3.012077271092965,0.017645189585086818,0.018287736923396417
5437,OPEN,2.8257875565782764,0.047661788473875075,0.04673132530512264
5438,OPEN,5.0207607699050305,0.04297619251277482,0.0430159817549925
5439,OPEN,2.546670100377331,0.03132638844554517,0.03122653909674609
5440,OPEN,1.719176248795132,0.02843488312306085,0.027466538338175264
5441,OPEN,6.174193178469563,0.08763173346979451,0.08607545089086148
5442,OPEN,2.2520453717272018,0.010347550361427406,0.0111735665485065
5443,OPEN,1.7260964763402145,0.05051494109150766,0.04989344593216387
5444,OPEN,1.7402311718476782,0.0518904934770897,0.050907661215502095
5445,OPEN,5.621835760443379,0.006460165651482341,0.006864878087576191
5446,OPEN,1.6307271494603306,0.058468516834892896,0.057584759491179936
5447,OPEN,4.01725461025869,0.019573370574354782,0.0201016403573161
5448,OPEN,0.2154965771059976,0.030812193471911373,0.030515298719414812
5449,OPEN,3.0143017372432857,0.046646888891467515,0.04581561509987174
5450,OPEN,5.687352662900826,0.019808188957062413,0.0199783477472711
5451,OPEN,3.333500383461835,0.046136118733062864,0.045708906481642914
5452,OPEN,1.9147446885677797,0.012640028948270512,0.011978414984798789
5453,OPEN,2.1600314367202254,0.07863608295327469,0.0773184571143497
5454,OPEN,2.9791636682046905,0.07685959048094906,0.07445246113313002
5455,OPEN,4.054914787455394,0.06110349601896143,0.059219272587848384
5456,OPEN,7.080990511954276,0.04207498764279318,0.04044551386044894
5457,OPEN,5.27918486956147,0.030243112333714052,0.03036156920461674
5458,OPEN,2.4345261685420665,0.031825725340692404,0.03106119585724762
5459,OPEN,7.606975458615,0.04589440931603478,0.044704472947850904
5460,OPEN,2.28718651708952,0.012149985591785312,0.011525306174910694
5461,OPEN,3.8624561287602504,0.006642042153608855,0.006694090254180551
5462,OPEN,1.8259141281503675,0.017155883730495942,0.016888847452807443
5463,OPEN,1.7409878885473178,0.026427547962741337,0.02611711389443054
5464,OPEN,6.02659990509018,0.03145612708777739,0.031232486150473436
5465,OPEN,3.2994447961906297,0.05928638962568422,0.05833998715379025
5466,OPEN,1.853616268863144,0.0634633982145789,0.06337707222234448
5467,OPEN,2.714824003975013,0.05223431880205047,0.052381789698460135
5468,OPEN,5.816762586538101,0.04660074484907879,0.04661575987712225
5469,OPEN,0.7137160564076283,0.05578456088274153,0.054309124864235905
5470,OPEN,5.531498781504662,0.031257847239288164,0.03002406507285919
5471,OPEN,0.843513202600379,0.008100873760579401,0.008426901136729918
5472,OPEN,6.658188645346671,0.04570654515050815,0.04503593836878453
5473,OPEN,5.359115659492789,0.06085629780086402,0.06032026583809084
5474,OPEN,2.7246732860491014,0.02406097350242776,0.02268808066690478
5475,OPEN,1.2034778176284766,0.027498067041669665,0.02672258776936257
5476,OPEN,2.9766225874956564,0.04229240565865844,0.04117317021437421
5477,OPEN,3.513898232789358,0.010290158320130633,0.009928200980579196
5478,OPEN,3.7529336718668542,0.03407740421162628,0.03372808868312328
5479,OPEN,3.3015013657257275,0.005588701772146942,0.00559303821114295
5480,OPEN,2.5710199732543484,0.004122294865616726,0.004117015244638785
5481,OPEN,1.0934988883227446,0.013737873704443064,0.013555868358108611
5482,OPEN,2.7126386410726155,0.021636478821774583,0.021402248345147156
5483,OPEN,3.1156890866476994,0.0573677627638663,0.05667268558068146
5484,OPEN,0.7150938548077729,0.05335833055492933,0.051808110968515536
5485,OPEN,2.789625626679192,0.01573489808857292,0.015794548879972607
5486,OPEN,7.1882575397114366,0.04291826530162476,0.04248279091971187
5487,URBAN,5.173349276245818,0.9977790270682203,0.06828479731767838
5488,URBAN,4.472846630230842,1.209852852754496,0.17157583511532243
5489,URBAN,3.996276851734236,0.25170897694622846,0.1720219891992512
5490,URBAN,1.948279089376539,2.169443148519857,0.5612989204062069
5491,URBAN,10.85690075227769,0.4978343119484156,0.5018813867419287
5492,URBAN,2.8310573007218616,0.9957034550244502,0.5302227139793048
5493,URBAN,5.463149313245076,0.9821155911011146,0.6058854764913154
5494,URBAN,12.590780972743609,0.23354742660799838,0.49100764348640813
5495,URBAN,5.340555236265312,0.5892247157954471,0.4180992804789564
5496,URBAN,14.969695981954821,0.9001253445321402,0.3640153312959791
5497,URBAN,2.732859650305365,1.4636816906756929,0.6766282600964088
5498,URBAN,5.286320247387433,0.9578700010856255,0.35076872409713267
5499,URBAN,6.127573729340162,0.9196407270088602,0.055884314260341635
5500,URBAN,5.559164679047086,1.3664417431667055,0.36734880578655904
5501,URBAN,11.87988933550037,0.16938340966478044,0.30814987841509345
5502,URBAN,7.38809149049694,0.16511399492964318,0.2626907796988226
5503,URBAN,12.177040687895202,0.8230183473738211,0.2439831643974051
5504,URBAN,11.974650233775677,0.8813691604308711,0.3555384727284061
5505,URBAN,1.7170355292873616,0.45977986481913985,0.17217906590355836
5506,URBAN,4.764144475585992,1.5630773133211753,0.49822345566967746
5507,URBAN,2.9602270572709473,1.1069415375444118,0.667189823335875
5508,URBAN,4.687791467908614,1.0398851307259287,0.37646225498946806
5509,URBAN,5.621779992118375,1.2813063619091125,0.25288861430066245
5510,URBAN,6.528406179908152,2.662487993224512,0.8308138043476363
5511,URBAN,4.513438551913901,3.115163786782333,0.9259931019530978
5512,URBAN,8.51462568148107,0.3792068980543589,0.7501606568386242
5513,URBAN,8.611691130719423,0.9126873158116185,0.5865351929266641
5514,URBAN,3.8815770444719484,0.8932356409140015,0.17260860888506294
5515,URBAN,7.997777028002588,0.7907134080863341,0.17866980352204787
5516,URBAN,1.2575497465352423,0.5798737507458136,0.039697396666782896
5517,URBAN,1.9071451318980934,0.07202792329531026,0.008177071170942565
5518,URBAN,9.172932045439364,1.3954018079360946,0.4309059521963809
5519,URBAN,10.433948446987767,0.6013850285044492,0.4482970325249064
5520,URBAN,9.371241327474705,0.6586088278707448,0.39875982484239136
5521,URBAN,3.218541748282788,1.4648787108078112,0.14598626724276362
5522,URBAN,1.3723517555536209,1.3445071178068162,0.5009728092587012
5523,URBAN,2.9291040243165503,0.39656299617655144,0.24336436791563953
5524,URBAN,4.375141964283271,0.5185932940008124,0.2791293546427254
5525,URBAN,1.4758583469331281,0.3882333692274793,0.12693706775148844
5526,URBAN,4.36032078652776,1.524778853694195,0.3992037234279039
5527,URBAN,7.846717967762432,0.3026451576086229,0.3932617917713968
5528,URBAN,9.994174732789773,2.0310476351172486,0.6902369416865297
5529,URBAN,2.9479574950938137,0.3827778372854944,0.5246721273178035
5530,URBAN,12.934878648236907,0.63328929463651,0.4123967736577766
5531,URBAN,5.678508938336512,2.0634301307665592,0.8911111512017809
5532,URBAN,6.237761218634426,1.348797399779562,1.0753331867256253
5533,URBAN,2.1832709207064056,0.3206117198168015,0.8417050545590563
5534,URBAN,7.815611329197697,0.41874754107591877,0.6808756330174767
5535,URBAN,9.748151478232643,2.7654822270679342,0.6490431396951093
5536,URBAN,1.4783874104138566,0.9992035914933234,0.7000627654594193
5537,URBAN,19.181924306197075,0.6259103398378042,0.32541227943527007
5538,URBAN,9.075944590432705,0.9129408502664449,0.40779674104898506
5539,URBAN,4.850865548094344,1.1979927502593053,0.6411574334377805
5540,URBAN,2.9214704143231955,0.6361931716519589,0.3951322343647398
5541,URBAN,1.63751888827929,0.4435064489082277,0.30565090352073443
5542,URBAN,10.247961169675241,1.143604656244717,0.21692004488833497
5543,URBAN,1.4437637451204548,0.8938406102087314,0.2983190273530537
5544,URBAN,2.730720891092411,0.4889866790256095,0.3740447544623212
5545,URBAN,11.751834917778993,0.9250966251597867,0.5283762489138305
5546,URBAN,8.150475279864994,0.4009316775461552,0.3219479700162404
5547,URBAN,6.221295322398864,0.7503565455557212,0.3337315734740298
5548,URBAN,7.4855503845849345,1.1690090554117318,0.1343416433932889
5549,URBAN,6.146603367634377,0.5160205815261097,0.27350299392603583
5550,URBAN,3.0949051777420222,0.8553355660872813,0.18225110611022083
5551,URBAN,9.516838833555157,0.3694012451543692,0.23538964588914535
5552,URBAN,5.733018277171915,0.9252893040819602,0.40903444658262594
5553,URBAN,7.799890413757299,1.0274087052274035,0.5236041730426938
5554,URBAN,8.016919535819126,1.4600614828190857,0.24222502861908263
5555,URBAN,8.439975121743874,1.537238141542983,0.5767757175961628
5556,URBAN,6.1729702304864045,1.4114237807268575,0.7060533383296128
5557,URBAN,4.2677226850420364,0.20828874762261215,0.5137561895288334
5558,URBAN,7.536346739739647,1.3913210422999516,0.4191814745674721
5559,URBAN,3.7235636723055476,0.7530445903690319,0.49007029878637814
5560,URBAN,0.5402294635215692,1.980037406112793,0.9180337734323253
5561,URBAN,14.42614508617854,0.6820166120523597,0.8373685953581722
5562,URBAN,3.510069323675672,1.5011769342509207,0.7648658283577857
5563,URBAN,3.8681330637324005,0.15800157877898338,0.5876144528242594
5564,URBAN,2.836078740216981,1.1341193664544529,0.6017170447740727
5565,URBAN,1.5408310515274528,1.3476550758826529,0.4096315325882954
5566,URBAN,7.032523131130501,1.230863396628531,0.11983572915978549
5567,URBAN,14.793967638950546,0.32444045969083257,0.04387247244879019
5568,URBAN,3.1014099488425058,1.2675392492888584,0.43075595707690745
5569,URBAN,12.729381886650849,1.6121728979666485,0.8322390879280351
5570,URBAN,6.49108415709939,0.47590498137772225,0.7495643050823265
5571,URBAN,4.373103032126075,0.685061125134409,0.3955972853979871
5572,URBAN,1.7838015212559615,0.4987868499055993,0.17600531460604865
5573,URBAN,5.546869791999979,0.725644893552307,0.10690975604742665
5574,URBAN,7.746949733218899,0.6519585080476535,0.16607053030429655
5575,URBAN,2.8317635787969215,1.554558165759827,0.5372725368487078
5576,URBAN,7.173565524839543,2.3290331386568957,0.35847001685729457
5577,URBAN,2.370036597167536,0.6896325207164601,0.252095507653176
5578,URBAN,13.040101452379155,1.309949126534082,0.5535513855595938
5579,URBAN,11.684528992820544,1.8788962524884112,0.6949773007378715
5580,URBAN,5.890754458265597,0.874681217450557,0.5560583200210379
5581,URBAN,2.5111357966985213,1.4666763924363582,0.38098848444965283
5582,URBAN,8.299637044382646,1.4317197957465277,0.6376299936411362
5583,URBAN,4.041269214960149,0.2617296444685735,0.43439124237236587
5584,URBAN,3.5696554729267636,1.0017442146363325,0.483794226333783
5585,URBAN,8.991880441370665,1.408963995725559,0.38683515724969697
5586,URBAN,2.758413980216155,1.860260314584784,0.6999978453803545
5587,URBAN,6.255270327200396,0.48133695254950587,0.6187719578560834
5588,URBAN,5.551242611214752,0.7039093645934379,0.6473275413737462
5589,URBAN,4.459955090133613,1.0286000327398706,0.5467396803601109
5590,URBAN,9.901064410907066,0.4965167339211384,0.24648188425993647
5591,URBAN,5.203937594237485,0.483462906283694,0.12600807300721487
5592,URBAN,3.446197556507545,1.8197461318549408,0.4786882317491365
5593,URBAN,5.382353099754654,0.6141786782454441,0.5234437401369295
5594,URBAN,8.907428038907712,0.15650651417266334,0.3762287686560686
5595,URBAN,7.336157247854199,0.5899839682831152,0.38569808732879973
5596,URBAN,8.320358695731763,0.5087326041624378,0.2709419949805705
5597,URBAN,6.952827184304688,0.4653299264565702,0.2509669619262637
5598,URBAN,12.121815822748138,2.178007326841222,0.6607852837374288
5599,URBAN,2.2361544147895653,0.39443459357443267,0.4239201322112809
5600,URBAN,4.960323440096623,0.31074656927869115,0.26476747022905905
5601,URBAN,11.328567721553513,0.8440600618414105,0.4430414690704553
5602,URBAN,7.82197033214312,0.6294253878617173,0.3596971854042278
5603,URBAN,8.42128477854808,0.5482916080669099,0.4133628123267058
5604,URBAN,3.4626849927536982,0.5724163590909084,0.4314619754080336
5605,URBAN,13.609518535593516,0.6709320917703273,0.1171446285393993
5606,URBAN,10.016162298545224,0.7815274085455187,0.30194332925250905
5607,URBAN,13.087874450029707,1.855139951100639,0.8004543874003169
5608,URBAN,3.6017374642728055,1.0311912030670047,0.8186582365763059
5609,URBAN,7.7240024100647195,1.1611511574894504,0.915005056687999
5610,URBAN,6.4291546131256565,1.2406665020371686,0.48861431677275224
5611,URBAN,8.039473816066089,0.48590822165198844,0.32211091120608704
5612,URBAN,6.378637232850549,0.7626489851379982,0.4258295205272472
5613,URBAN,4.4357893939072035,1.7439997936136034,0.8315825344034771
5614,URBAN,7.960036533858494,0.6736383601349974,0.39924270165723513
5615,URBAN,7.741254421111246,0.5865117179779907,0.430461948209343
5616,URBAN,5.16075110501988,1.3894214907825206,0.32312512191350723
5617,URBAN,7.1412960963967045,0.07888667451427407,0.25735318161945986
5618,URBAN,3.8079435335426104,1.5089691066156796,0.288597538396012
5619,URBAN,14.059124731381026,1.3694655395985476,0.5705019542486334
5620,URBAN,8.77138659001977,0.6939131670026427,0.6061932699244857
5621,URBAN,5.983547980836598,1.4530725106567215,0.9169540086551905
5622,URBAN,5.693887998753347,0.3339369224412582,0.6877332291704895
5623,URBAN,3.1900609071888972,1.1734612600294876,0.857392366383594
5624,URBAN,0.691859759522036,1.801175579822721,0.3871277660497939
5625,URBAN,7.232303510312112,0.7533266111355822,0.40748183702554164
5626,URBAN,4.878800168348802,1.3978692311431504,0.4999887551314404
5627,URBAN,4.06258254116878,1.444157696072899,0.661155899961872
5628,URBAN,12.588398318133946,1.189392212935839,0.6683864731162251
5629,URBAN,4.291079211245705,0.9485274855915892,0.7557534992351296
5630,URBAN,6.662672476135255,0.6703155251499183,0.5748167345863734
5631,URBAN,9.363058367240155,1.5081340644074093,0.4124991571625847
5632,URBAN,9.247433899239137,0.12947775342735857,0.2649731133051494
5633,URBAN,11.704288093106655,1.977899003882899,0.7313532978341397
5634,URBAN,4.87302623701177,0.7721118661891695,0.40858140334290843
5635,URBAN,12.485619711179787,0.8719911239596373,0.18087345183842385
5636,URBAN,0.4561695520429391,1.812420944264285,0.4276747236828766
5637,URBAN,9.373903153567863,1.1961058594298335,0.4283533478672212
5638,URBAN,3.8523482558316164,0.41183130120104633,0.4164695771561288
5639,URBAN,4.207568231579427,0.26978750595531126,0.37193409512580944
5640,URBAN,8.400792679706623,0.6764298208537847,0.12600899918423245
5641,URBAN,12.470001008891662,1.7541189599831013,0.48827469930610545
5642,URBAN,3.424040799352629,1.3037269291619134,0.6281728660146192
5643,URBAN,11.616845148689315,1.4946309839308602,0.596660035593554
5644,URBAN,12.242909701258382,0.3757463100448549,0.43805726847316834
5645,URBAN,4.968098730610172,2.321486741188622,1.0241848088669216
5646,URBAN,5.181543651915364,0.6467349710206969,0.919077438366622
5647,URBAN,7.9716718740333254,1.4518449510555809,0.2916697346049905
5648,URBAN,2.4161052098536113,0.3718080895301695,0.20896479984806365
5649,URBAN,4.508839775639835,1.7880080552738578,0.5461786716208142
5650,URBAN,3.3721608983073708,1.8872375325592181,0.43764734734490257
5651,URBAN,7.973720632830914,0.33157475672480374,0.40351816010215796
5652,URBAN,10.146797048497396,0.8508176486631245,0.10091373417843177
5653,URBAN,6.1677711260640775,1.6297945823805278,0.3884596114050003
5654,URBAN,3.5833355598942864,1.483107227030589,0.1392889782793717
5655,URBAN,7.990628573366722,1.2269923643125549,0.2800120901343803
5656,URBAN,3.9713866377523424,1.7473741049123508,0.34724342620309046
5657,URBAN,7.2501985151986235,1.4954790056732028,0.6355342414238317
5658,URBAN,10.81196170147271,0.45563540825993204,0.4386383661213877
5659,URBAN,4.08242137915523,1.4902493201796243,0.187354499049457
5660,URBAN,6.102776660782868,1.0886395070767236,0.3256882593264568
5661,URBAN,8.883215687318268,1.3573262108876962,0.598794374261443
5662,URBAN,13.289914593508998,1.956545405385897,0.7397847193005365
5663,URBAN,5.80859503845349,2.0538300734985198,1.1080371432998228
5664,URBAN,7.8356181280263275,1.2704508381525197,1.0493959820152357
5665,URBAN,3.5197169684532437,1.5025206372150517,0.45364014104737854
5666,URBAN,5.9849930167517424,2.5821899739945127,0.783953398806946
5667,URBAN,4.475029526655598,0.798965723166587,0.6775974885620992
5668,URBAN,6.917026833382706,1.9297580762705102,1.0263682352949954
5669,URBAN,7.205075150373686,1.6898450517440056,1.2033918924855376
5670,URBAN,7.796076101188009,0.9681297222105618,0.6739462457064662
5671,URBAN,2.2031587518045135,0.6423718606585689,0.4668292482408899
5672,URBAN,9.179660151063123,1.525937471137261,0.5838321661280476
5673,URBAN,4.034580516336934,1.0710049976719596,0.6141683711959179
5674,URBAN,2.355174086931197,0.8078587086965809,0.6103488340435363
5675,URBAN,5.593463948589088,1.2016756108608628,0.7753763852667284
5676,URBAN,8.717944878879106,0.8184831458344027,0.7786949413937725
5677,URBAN,2.9877607103128216,0.4661463894604789,0.44445129068091666
5678,URBAN,4.809172429897961,2.0464321445111087,0.6273708487868268
5679,URBAN,5.7883442934564115,1.7127882500388432,0.49824710272407785
5680,URBAN,6.021818169345063,0.337253828771798,0.39864477709670737
5681,URBAN,3.6804649481601923,1.9594545356332838,0.5657992896711649
5682,URBAN,4.30652713781018,0.37569934326626747,0.49570133242318676
5683,URBAN,4.537547225477716,1.1211726164830484,0.6518153411468127
5684,URBAN,7.391481843968668,0.5717640298857174,0.6323977947753721
5685,URBAN,6.203163445332679,0.8140297048033611,0.42249322925199656
5686,URBAN,14.097334247779894,1.665586762595617,0.6693738933939358
5687,URBAN,9.957326364573172,0.7753872686298501,0.6980817314077399
5688,URBAN,6.907162281512229,1.3539968101994806,0.6680353790567145
5689,URBAN,8.8801414654684,0.765777271861057,0.411407014036672
5690,URBAN,4.189528651444292,1.177179449344828,0.5345854679383341
5691,URBAN,4.05031471233528,1.6137121669743142,0.6690023874809502
5692,URBAN,4.028060417144972,1.1098420369951165,0.4013431332212249
5693,URBAN,6.700613264598295,0.7677817764034922,0.5017566536972377
5694,URBAN,4.4192589476837325,0.8160437869807916,0.3367678597023458
5695,URBAN,6.917600904181601,0.8850705746922722,0.1247461756371589
5696,URBAN,2.455778568826253,0.8062346422228592,0.3032730951068985
5697,URBAN,6.310092208614162,0.8952753384244132,0.1105741899796025
5698,URBAN,13.966767195700582,0.7004672054576192,0.1734340965352858
5699,URBAN,6.960534627428111,0.5025947346225801,0.2503498557951527
5700,URBAN,2.7888838500096,1.102888860033142,0.1510544288158007
5701,URBAN,6.255976222143383,1.4967290254162897,0.5214367378231144
5702,URBAN,6.569099944556223,0.9281407735486943,0.5158975060750128
5703,URBAN,6.3323395863009715,0.916826263462437,0.5751348455563827
5704,URBAN,14.73036998111827,0.8047002655911282,0.6381274715282104
5705,URBAN,4.607851428788028,2.7942045556472164,1.234541914960473
5706,URBAN,6.479842170879622,0.25022457078017923,0.8153462305133469
5707,URBAN,7.6795976602299225,0.9125308721606861,0.5881510670900539
5708,URBAN,12.317290816374733,0.6396633756880845,0.4725679232946659
5709,URBAN,6.805444189032181,2.079241991014359,0.34344574434673747
5710,URBAN,9.01756579904761,0.513849322252483,0.11966199976676146
5711,URBAN,5.681979612675389,0.39378991556872306,0.04030612041819647
5712,URBAN,4.485497551054273,1.705531221004547,0.4565368833662215
5713,URBAN,4.467451394729455,0.5244042814263529,0.46222154344240807
5714,URBAN,1.440023874391038,1.7903514447258901,0.30996307027490405
5715,URBAN,4.807392703732319,1.133984484065178,0.4977579548415285
5716,URBAN,3.7502984557921364,0.8026422973241937,0.532598569682222
5717,URBAN,8.050672640867706,1.864653822662609,0.8629052533242892
5718,URBAN,5.177445401594684,1.4389036517557292,0.7458514312628631
5719,URBAN,12.977958706658468,4.0492067356938195,0.6982550639724576
5720,URBAN,6.738706515966411,0.2970601283050132,0.5208310795344092
5721,URBAN,6.671956455283058,0.16330139371301597,0.41998821642947454
5722,URBAN,9.40597568731499,0.9299902049267373,0.35897073028741927
5723,URBAN,14.755602780513781,1.7821108390890938,0.5572291270611887
5724,URBAN,3.1040303539695415,1.0725080781521177,0.6209868728957412
5725,URBAN,9.3104499468577,0.9073713718857993,0.6588580431372029
5726,URBAN,2.9866129621452417,1.4408433407844583,0.8216747163678335
5727,URBAN,2.518302467448571,1.3516712304761138,0.7710888345893049
5728,URBAN,4.837635508540175,0.9520669616773902,0.69337608273228
5729,URBAN,2.579411275667185,1.5320798649173064,0.3374993237371897
5730,URBAN,7.846746799488645,0.8716689990323843,0.4218221984496262
5731,URBAN,4.031360226632381,1.187762046945495,0.6394540155184055
5732,URBAN,7.186949842387964,1.1446810841915256,0.6882718430845358
5733,URBAN,4.2365462194650885,1.501558834260376,0.07722525806319709
5734,URBAN,7.632054101691177,2.3736306476737474,0.579419657238006
5735,URBAN,7.0857325176686885,0.9537771793604597,0.3962422668464751
5736,URBAN,1.7435560878040242,1.5096560720782104,0.07411303469028371
5737,URBAN,13.19089896966933,1.2543819643582719,0.25404268230570726
5738,URBAN,6.111785212738843,0.8373062243198178,0.39501878526881273
5739,URBAN,4.325625729814609,0.8893697012830682,0.19407995649755083
5740,URBAN,2.6293680202074063,0.3794121615860617,0.18608222423699974
5741,URBAN,8.76829360442723,0.9015137178506305,0.11731649725474436
5742,URBAN,4.44460952227367,0.8004783116953678,0.184391698461436
5743,URBAN,1.6629998499927574,2.039316375192785,0.5677453318451967
5744,URBAN,3.7226928964914743,0.4458335568405987,0.5316418568159246
5745,URBAN,2.265136189120631,1.9551314063532748,0.8994815154578758
5746,URBAN,8.336299167105535,0.7105691923288634,0.50833079380225
5747,URBAN,2.9937631492917918,0.4758735767718973,0.36324436255887
5748,URBAN,4.8511352106136645,0.6083499359156301,0.10201163607188128
5749,URBAN,3.116837709353455,1.2001018403199246,0.2786683738951075
5750,URBAN,3.903535646328673,1.762853534560947,0.3674463304432976
5751,URBAN,1.0803382333614828,1.4986296528409442,0.21364172779247792
5752,URBAN,1.0418388030936463,0.5830694887533086,0.04223046334918566
5753,URBAN,6.239885017662409,0.8197735288679494,0.25972562415296124
5754,URBAN,3.8033903826816284,0.9908122954005615,0.2581325613804654
5755,URBAN,5.9195679134667225,1.0529722076852253,0.46220651126975215
5756,URBAN,2.202218168407115,0.8289971899891698,0.11250486330867308
5757,URBAN,5.3871869550220834,0.6710362854516911,0.22883337353306812
5758,URBAN,6.269064667037334,0.6731963916778606,0.29837815643112764
5759,URBAN,5.492351995392885,1.4147338267261078,0.4434124703903385
5760,URBAN,7.139863345345137,0.35880437555280154,0.23838230427340112
5761,URBAN,9.13299464011594,1.037574185545908,0.1933961460051581
5762,URBAN,4.554771828312688,1.2742972639671828,0.3234972971520049
5763,URBAN,4.257825425632996,0.9349906274853107,0.2251247930162545
5764,URBAN,5.3713023570306175,1.295862424552085,0.47358244271520034
5765,URBAN,2.185848197413484,0.8602349290760832,0.4376830858182776
5766,URBAN,5.361880388608285,0.9033290862173338,0.569738129720735
5767,URBAN,8.214764198336084,1.2126345907222151,0.05707601532553033
5768,URBAN,4.759776866706006,0.8324691935566526,0.18049814319835933
5769,URBAN,7.463315031570952,1.4479912589706903,0.40825641341861585
5770,URBAN,2.75137447370372,0.5750596951351192,0.17349329700641572
5771,URBAN,7.773905538184482,0.8058880535518653,0.10614034567132564
5772,URBAN,1.8737314587286211,0.7899919044146729,0.2289203945974843
5773,URBAN,2.8797488462275287,1.6348968166894589,0.3838934518431472
5774,URBAN,7.383381801046798,0.4461439842319212,0.3557537779759974
5775,URBAN,0.9615978740622381,0.5347545045185096,0.11367629972627459
5776,URBAN,10.79298715179985,1.4714320723913783,0.3949149325935773
5777,URBAN,15.270265834856271,0.8120632146624795,0.31221142884086545
5778,URBAN,9.273856888216999,1.0744590724050602,0.5264930241187811
5779,URBAN,10.073262988883728,0.8161886789851988,0.26168171060558987
5780,URBAN,4.0345895328603065,0.9176360386009313,0.42109563924794646
5781,URBAN,6.841986339599594,0.41229649012596703,0.34321022392047024
5782,URBAN,6.533774589396835,1.9589624416116418,0.36316959982049796
5783,URBAN,5.810313309237366,0.4918091316249465,0.3963775795207104
5784,URBAN,8.994965396110796,1.5193615668314842,0.309804741985818
5785,URBAN,9.40358936004381,0.9020065652515882,0.2823088744731042
5786,URBAN,2.7585145767788815,0.40816929447246664,0.20539858738201855
5787,URBAN,10.605304523613533,0.3571577027134429,0.18263127383375666
5788,URBAN,14.659795935132113,1.0470160262681558,0.4255537528054861
5789,URBAN,11.552923293089595,1.0581739500119376,0.3438073365224963
5790,URBAN,8.128536404665361,0.478781006937306,0.3772063922796331
5791,URBAN,8.556712389911558,1.6575690774422758,0.5876047242687402
5792,URBAN,3.1970285427716316,0.87240284510581,0.5709577288511833
5793,URBAN,8.516727298174956,0.5598029017004156,0.4272026116637529
5794,URBAN,12.868412363835791,2.316290718025321,0.6687447140621959
5795,URBAN,8.772706957678635,0.7349375512315024,0.35949609083894
5796,URBAN,14.864957223127496,0.09907399940465597,0.28733854146430443
5797,URBAN,10.746637420165845,0.974055046000626,0.45002357356940975
5798,URBAN,1.4295672749973523,0.28118299210295994,0.40342139534831895
5799,URBAN,8.574217497675006,1.1189605609366635,0.5779232493332415
5800,URBAN,3.9002667334013505,0.4996352263934147,0.34605703210226885
5801,URBAN,2.874814072119132,0.1374836472458806,0.27144919801018735
5802,URBAN,8.440292194822343,1.5638150697799338,0.4371421697386789
5803,URBAN,3.113841983988091,0.2727338334903345,0.32956726495711014
5804,URBAN,8.876293860633028,0.622155099504399,0.39268664360934225
5805,URBAN,4.647717409520191,1.1464756506041764,0.30777414262296043
5806,URBAN,4.124278080691836,0.8818102036854086,0.14200434823499902
5807,URBAN,2.462081624786702,0.6338350512171069,0.2742028374331028
5808,URBAN,4.5025180302309105,0.5001844753637122,0.3348367615561764
5809,URBAN,3.384905446227223,0.27059096922315246,0.293755438763714
5810,URBAN,16.267600946891353,0.4549502825355217,0.08057781007158282
5811,URBAN,2.3494060376495915,0.535248840407059,0.09825294388271483
5812,URBAN,1.806642235584233,1.6286865366878287,0.5189567105363452
5813,URBAN,7.70951661396277,0.6201055527000389,0.437294182985074
5814,URBAN,10.272781862265017,0.7158321473904175,0.15033549232852322
5815,URBAN,1.7613878859999168,1.6371311347074713,0.3842549243053847
5816,URBAN,10.122907519102474,0.33746526666556925,0.36992509185806743
5817,URBAN,3.873820510340923,2.431761710300977,0.529112996070357
5818,URBAN,3.111680329657744,0.8871652824415914,0.20602007745077716
5819,URBAN,6.41131599268452,0.9495343611013091,0.08630845271150825
5820,URBAN,6.944962965203367,0.3441137831095613,0.11938603884825943
5821,URBAN,6.5898989262076135,1.7524311278008096,0.5322907667287109
5822,URBAN,2.72978043431453,0.8349819222089819,0.18079161976517433
5823,URBAN,2.028072265446439,0.12349286610681674,0.14875526640410675
5824,URBAN,8.493930596450912,0.6406817208638254,0.083933573978599
5825,URBAN,11.254005499409365,1.4651744891943423,0.43504416490526127
5826,URBAN,2.751075519075402,0.6585421890962124,0.47742567715442147
5827,URBAN,4.7621400119328285,0.5344570250525288,0.332132418448087
5828,URBAN,8.395331013446754,1.0076477788821432,0.15767908444172168
5829,URBAN,5.8950379093218395,0.7887933930814041,0.20832379176736712
5830,URBAN,5.065434943644961,0.9372900624509298,0.3869552677208796
5831,URBAN,6.904961327278232,1.2600456375262048,0.4540121108158686
5832,URBAN,7.157709758964452,0.44745719414946894,0.2884047344082615
5833,URBAN,12.780413764249932,1.7804622558273895,0.650013158032744
5834,URBAN,4.597776296479754,2.146530151718981,0.7455733195086746
5835,URBAN,10.576761889668749,1.2905915250659825,0.22466918793433907
5836,URBAN,8.58800504057024,0.47838112313260267,0.15521851056219904
5837,URBAN,11.368192640484281,1.101926271667479,0.2672907546734362
5838,URBAN,4.263129718089786,2.2657421091474257,0.8407592325939018
5839,URBAN,9.52348222721965,1.255372131921056,0.7465068924637294
5840,URBAN,0.33953217012698617,0.6350232908150605,0.5189916617180784
5841,URBAN,5.912979786527712,0.32726629044468164,0.4554409822614109
5842,URBAN,4.273977808219743,0.11270896965574172,0.3151350950367555
5843,URBAN,6.666240605070556,1.0269274038309009,0.18149606109796446
5844,URBAN,9.602953167205627,0.09105693319206838,0.12240938523017052
5845,URBAN,16.17517784959915,0.8986506207141218,0.1692046160305556
5846,URBAN,6.965257677744884,0.6009963842898121,0.13630380640405526
5847,URBAN,10.935147530514598,0.5044880163794981,0.22759255660590078
5848,URBAN,3.2408789255434356,1.1455339087105492,0.46038617967435186
5849,URBAN,12.119636801390797,1.0059827524288876,0.13614006369477516
5850,URBAN,6.954116946394133,0.9706569459944584,0.33542392137552646
5851,URBAN,6.052813888645726,1.455676966318042,0.4190335201339581
5852,URBAN,9.628459531532986,1.8042202950491906,0.7168485952706876
5853,URBAN,11.304364047772555,0.5183343835284193,0.4865283083156451
5854,URBAN,5.721376367622119,0.5215200567295261,0.2513235425861541
5855,URBAN,5.750096414571303,1.1359009182457014,0.17475084221545212
5856,URBAN,6.316010082737279,1.2510112373053024,0.3713152700945249
5857,URBAN,6.297112967768605,1.3685610366602141,0.21838486496639023
5858,URBAN,3.378036587353408,1.9886568739409194,0.694068435630989
5859,URBAN,12.867739834446812,0.8325703307801184,0.7311808625440595
5860,URBAN,9.415543015734068,1.0737524192351413,0.31612092878422227
5861,URBAN,6.212462419340902,0.5516701393212811,0.29034918346520133
5862,URBAN,9.117465634463137,0.8947568940548822,0.14119749271319945
5863,URBAN,6.964791886309254,0.850449160164966,0.12053218369383191
5864,URBAN,6.909818053264506,0.7952826802374581,0.24087292613008535
5865,URBAN,3.6204885103194444,0.8148450103006629,0.05773090343696163
5866,URBAN,5.343595857370346,1.7007046990033106,0.48474522652182367
5867,URBAN,3.5046404069373245,0.292243645007022,0.3836222627629227
5868,URBAN,6.826578644474079,0.5774105154145862,0.2267659432688269
5869,URBAN,1.4303784009667129,0.0732651404330096,0.14219122071463713
5870,URBAN,2.016965240668841,0.7621659522819949,0.16427822714254908
5871,URBAN,9.300831108993243,0.6448962110133057,0.2529489021074338
5872,URBAN,4.269767379855517,1.4319632424893163,0.5381038031817619
5873,URBAN,8.429733319592202,0.5228116155446348,0.29728589923074983
5874,URBAN,9.07372870796809,1.5068249764154311,0.20725467936102995
5875,URBAN,6.835452721254113,1.4057342135394646,0.41685503638981297
5876,URBAN,5.909492856660699,0.6258133566285206,0.47362497981106355
5877,URBAN,4.339267853247818,1.5907757474724655,0.3760365398169712
5878,URBAN,5.002807626611626,0.8951078745532255,0.36669628693413786
5879,URBAN,7.332647391707364,0.798434110905248,0.380925938109291
5880,URBAN,4.990179841006376,1.463931159331049,0.60019728319493
5881,URBAN,5.648330599502155,0.9689692822853401,0.6903497135461597
5882,URBAN,4.029408201429444,1.6123726114903734,0.946229950492089
5883,URBAN,3.1326239387601245,0.450254318538983,0.6143086714102712
5884,URBAN,2.520996540972492,0.9957132736087144,0.23007104210958762
5885,URBAN,6.407540122859501,0.8071423550635637,0.06064874883269683
5886,URBAN,1.5857856314949648,0.8274744505529156,0.2505163950899429
5887,URBAN,2.58164999580905,1.1110786544089495,0.23820700290059676
5888,URBAN,6.1197932307059055,1.8455818588677175,0.6464939752159008
5889,URBAN,3.2636351791423523,0.7819360963394497,0.6834714761102454
5890,URBAN,6.741597637275674,0.8657311996957159,0.7092756121640353
5891,URBAN,12.684356056196114,0.33062251923502367,0.49167460671211427
5892,URBAN,17.349463103117145,1.8247888851046943,0.6741856660385316
5893,URBAN,8.478695000305288,0.2673070871110126,0.5068819223338099
5894,URBAN,4.378584494070871,1.2137436126045198,0.5619426220535934
5895,URBAN,5.043844967084328,0.5586623884791804,0.4807456437543223
5896,URBAN,7.191474595135265,1.0825456228088621,0.6297453765941564
5897,URBAN,2.064612506460096,1.939440271357058,0.8990166454404063
5898,URBAN,1.5680869096652876,0.8326534712577562,0.5025547767122002
5899,URBAN,3.813781352514492,0.5261511277351948,0.46982110328736865
5900,URBAN,0.7473555952542879,2.8503100300684276,1.0432430322552535
5901,URBAN,4.138743325407586,0.8672828042126544,0.8357279374408837
5902,URBAN,2.4405711092227445,0.6916480219449346,0.6995657457288755
5903,URBAN,3.9583689658687793,0.8443980114638467,0.7184966677228508
5904,URBAN,5.00112553051261,0.6830851383304883,0.4490144027147233
5905,URBAN,6.24295870184812,1.4443266174595695,0.1869391567747956
5906,URBAN,5.227636240315485,0.7280860772258607,0.23926394487271344
5907,URBAN,8.490674872398577,0.8802941115210033,0.3897178001737703
5908,URBAN,2.611198492931649,3.1646155397004994,0.6325782752187469
5909,URBAN,3.864483638658483,1.0226741628837628,0.7432073138042967
5910,URBAN,1.184692007963574,1.8390039818197006,0.8297250526586745
5911,URBAN,4.959853163518405,1.363124869773297,0.24644741520597935
5912,URBAN,7.378553490589366,0.30577034111646334,0.10599658101156069
5913,URBAN,10.331505458525243,1.05649300597088,0.29451005445128525
5914,URBAN,1.4802335943725198,1.2266583176240924,0.5470025737521002
5915,URBAN,4.134513145647618,0.9039940922141436,0.6339460915884085
5916,URBAN,6.682373591882578,0.7329134486535243,0.5505360389671133
5917,URBAN,9.631757368224328,0.49478146067564743,0.3117328417873266
5918,URBAN,3.204921355186529,0.4268468280797131,0.1305175065463228
5919,URBAN,4.039460287450685,1.2902671999221251,0.30473057052069513
5920,URBAN,10.1571275775474,0.9741694527466299,0.48826512113627607
5921,URBAN,7.641531240383325,1.591389702441443,0.07554093373971954
5922,URBAN,16.1888013527957,0.1675960239321186,0.042335576552805024
5923,URBAN,4.6582394339791895,0.605422024011586,0.18232789811481473
5924,URBAN,7.762071369802025,0.4935415748683185,0.16524294998143216
5925,URBAN,8.967188622185171,0.6558267729206315,0.2611746478246706
5926,URBAN,4.2908600536526444,1.552404666010074,0.5729284783025522
5927,URBAN,4.297566571911784,0.3189853919003592,0.4389159347033596
5928,URBAN,4.019627155167597,0.572902617178946,0.4329019657557998
5929,URBAN,11.07429157679203,0.6250976346492264,0.3307812072244351
5930,URBAN,3.4448203270113305,0.38253524413834705,0.19876066598167969
5931,URBAN,12.89085991536589,1.5291386140209984,0.5346960427850677
5932,URBAN,6.336537294485688,1.1629931311097585,0.36255178127993976
5933,URBAN,7.087849167442888,1.4389491402092949,0.6285153834993934
5934,URBAN,2.082736312717275,0.8586080191373057,0.6821244932235506
5935,URBAN,6.512017525067809,0.7555033707817584,0.4439763195215027
5936,URBAN,6.41854311585622,0.746615269771363,0.4544391187281781
5937,URBAN,7.479227940514114,0.6798382443313434,0.5122566675240536
5938,URBAN,2.384273413405615,0.9874681368557697,0.5724729027026303
5939,URBAN,5.890985085743182,0.7072765922780971,0.6089497301762486
5940,URBAN,3.5817299158296776,1.963702231879145,0.4819025032883101
5941,URBAN,8.844576269394425,0.7225413644769857,0.4307442345447532
5942,URBAN,4.784819808455313,1.698205323540659,0.5976752732761348
5943,URBAN,4.9946975598857515,0.7789225577924559,0.3438058306940581
5944,URBAN,4.112390869834425,1.2668484101968118,0.5665825510770209
5945,URBAN,5.55036214210268,1.5418641929327643,0.811355503418297
5946,URBAN,5.658960441731707,1.5604175269832636,0.8430460480260804
5947,URBAN,8.19119989407343,1.2910126829702016,0.9452562828417524
5948,URBAN,10.152917066292625,0.36793369976723145,0.6350687539276366
5949,URBAN,8.57771322081451,1.1732376635300101,0.21432602305509302
5950,URBAN,0.7066475293999154,0.033973414349527824,0.1644389238031577
5951,URBAN,6.504364494196231,1.8728472291936475,0.5161967477594839
5952,URBAN,4.854199143782275,0.521538894526674,0.3224534164111215
5953,URBAN,2.130947979452008,1.100728612152997,0.0986961106641841
5954,URBAN,7.967995299614247,1.222171605461429,0.3428779469858699
5955,URBAN,9.778641227306144,0.9429277889523338,0.17742358459125904
5956,URBAN,5.583660590041856,1.375122612593529,0.4465395967377591
5957,URBAN,4.022735094717454,2.286997804365012,0.8064166523973473
5958,URBAN,6.964569905672456,1.1320332011241763,0.666903621680645
5959,URBAN,7.199328968918699,2.5982633748541355,0.23788934489757776
5960,URBAN,12.75477178444988,0.5690127528848633,0.22983740114714227
5961,URBAN,12.229499334876706,1.3198551094040567,0.33514665493919943
5962,URBAN,4.668939088574672,0.19687231193647803,0.29556997323137
5963,URBAN,4.89334974290977,0.5739401134226391,0.2879513495621354
5964,URBAN,9.580822788364518,0.8968380594608856,0.296125850226312
5965,URBAN,7.981044261758168,0.9975015029423269,0.46234073129115955
5966,URBAN,4.83267403052544,0.36195990646881165,0.3179338205198216
5967,URBAN,7.744997537389793,0.612713428234719,0.23791587930974264
5968,URBAN,14.030626445979767,0.9739464859251027,0.22262008407748715
5969,URBAN,9.092965786460596,0.6999388288568444,0.30698732510216714
5970,URBAN,5.3434666496334104,1.1454209728294933,0.540055717822617
5971,URBAN,11.371282326744007,0.11882393686491048,0.35183871369500436
5972,URBAN,8.475485983339487,0.5834080773302796,0.2809429808329154
5973,URBAN,2.062641163154406,1.662625334965532,0.2667659114778254
5974,URBAN,6.054355210223763,1.0380490579818507,0.3547391230840625
5975,URBAN,9.600768156230515,0.6907377781890799,0.41433483143429145
5976,URBAN,2.192522477619999,0.39584930362752496,0.21963043205077146
5977,URBAN,2.0435954268022627,1.1235434260539643,0.4184808839391615
5978,URBAN,3.3438158087268346,0.25641637823684177,0.2922040503684779
5979,URBAN,4.7150104303883165,0.24502040800513747,0.22294141531884443
5980,URBAN,12.691618260340071,0.38164743894460024,0.2627636256412125
5981,URBAN,8.870549496035222,1.11072199494533,0.4475895686596042
5982,URBAN,4.939240078801755,1.3477465676723273,0.6561594592393176
5983,URBAN,3.0216146089647355,0.8425228252921485,0.27834253890979793
5984,URBAN,7.8086647294963125,0.3184783670469326,0.10730086515631318
5985,URBAN,3.0965455153246184,0.6268017123505247,0.19165646439861472
5986,URBAN,10.829911657637437,0.617459611273296,0.2597865410673796
5987,URBAN,7.620014253133867,2.815840311323941,0.8836949218520602
5988,URBAN,12.366967070986652,1.6796679748931311,0.42042075582850535
5989,URBAN,6.666064646161559,0.6153082736483206,0.3734149357480465
5990,URBAN,1.9369029811749405,0.9324355100153862,0.36205841445951864
5991,URBAN,6.745113178431219,1.1334937288361728,0.08554644767816742
5992,URBAN,2.4505360507149594,1.1169461189346284,0.2349992196235661
5993,URBAN,3.388175864060823,0.16383504139309663,0.1397915304481409
5994,URBAN,8.756572565289526,0.8631850777736275,0.1119468479504806
5995,URBAN,9.077805111948669,0.7309485992727348,0.12604729472099038
5996,URBAN,7.987980050600859,1.1179318678851704,0.1910092731859406
5997,URBAN,5.065560046341154,1.2521884990806065,0.29670752395733896
5998,URBAN,6.7036275959417795,1.031513979175987,0.09375803831238505
5999,URBAN,2.007602351306307,0.3083052606344391,0.06930442090166279
6000,URBAN,2.9321571744437733,1.4684270247302318,0.30976357376800784
6001,URBAN,4.417244860979089,0.7675560097204032,0.39652358363680335
6002,URBAN,3.123216132923707,0.9855910673074599,0.4043461233776377
6003,URBAN,7.4431660031825935,1.0740189799040798,0.018270954903570533
6004,URBAN,6.535886253495663,1.696067639203084,0.42976690765114833
6005,URBAN,11.845390260197137,2.369635306456011,0.7995166408036928
6006,URBAN,8.890647105226165,0.5508540381346628,0.7132011456858962
6007,URBAN,4.745693145699465,0.2219950596019351,0.5816909452909121
6008,URBAN,1.161021875607593,1.3490327123391734,0.29614659122489045
6009,URBAN,2.800727916009392,1.2026013004648208,0.1299252593283311
6010,URBAN,6.274026737838637,1.7959679095998742,0.45129334956507466
6011,URBAN,5.261416660104686,0.7667487167180274,0.40443530136581674
6012,URBAN,1.8215225650332072,0.3118843494024984,0.28215457904805424
6013,URBAN,3.779595250817006,1.0268104862568994,0.3272106580688167
6014,URBAN,7.785223518689806,0.9463959542368767,0.2868941789003573
6015,URBAN,9.186001271545083,1.5151143065785737,0.5721678512853816
6016,URBAN,12.510578943843463,0.7727758165078599,0.5395693013433045
6017,URBAN,3.8082596225187997,0.9208428975872929,0.42621137810291493
6018,URBAN,3.02790291867038,1.0905330291574502,0.5208329271008078
6019,URBAN,14.376689208642984,2.0678538514291995,0.23223497034926208
6020,URBAN,5.253143693572071,0.6224994457283689,0.33027490201586573
6021,URBAN,2.238684575749359,1.3958972119117203,0.5887506747037184
6022,URBAN,4.15790180056807,1.5143147420600178,0.43450247380888485
6023,URBAN,8.9137440107964,0.7384948104561836,0.2079444990308179
6024,URBAN,3.2964638871413934,1.2930242110688963,0.1784751391928429
6025,URBAN,1.4302245724021576,1.3559050309208416,0.24364528422786638
6026,URBAN,3.481668311118004,1.2810701658563906,0.46354090457044494
6027,URBAN,4.512004279015471,0.7247032348480229,0.22535978931233427
6028,URBAN,9.365195729187029,0.35410315831265243,0.20935814683317364
6029,URBAN,10.008191825950222,0.8449635462315036,0.2408636593641492
6030,URBAN,10.08990544548254,0.6912955157584982,0.1852314943065963
6031,URBAN,8.14079070866624,1.8478795104296288,0.46408351005573983
6032,URBAN,11.937115033139843,1.1002376360868136,0.6272852998070646
6033,URBAN,5.540250345073013,1.1986324845740284,0.7400664823517998
6034,URBAN,7.802817490205255,0.6857831946657497,0.4245580777406857
6035,URBAN,8.662340092113524,1.4699788993302059,0.2690736251929315
6036,URBAN,9.962282852286739,0.6247956451258078,0.2816331347499357
6037,URBAN,13.429732634458086,1.2141532793519982,0.40393328148991825
6038,URBAN,2.071916074557904,0.915941595648674,0.04180305467015023
6039,URBAN,4.458686959175258,0.9482372993424659,0.29047789732100426
6040,URBAN,8.971771711737803,1.134172959138422,0.2707034447838638
6041,URBAN,11.861050784868073,0.5851444961853777,0.3350289187434726
6042,URBAN,7.0181604515475495,1.024533099186215,0.49127201991972247
6043,URBAN,9.33112368070746,1.264907735799883,0.6535520858915568
6044,URBAN,7.089866265312138,1.0422346921052188,0.3249917592719376
6045,URBAN,2.3886259709102062,1.1115913752569226,0.1438298528557854
6046,URBAN,5.0200161923563975,0.8056527021140883,0.18224311203988283
6047,URBAN,10.54329484629382,0.5201742246124487,0.12056399439224705
6048,URBAN,16.180747781483642,0.508157087691478,0.2254233721212312
6049,URBAN,5.526363583314223,0.5845657031743173,0.32472871714317436
6050,URBAN,5.114844127265692,0.5237425832136081,0.3749386629672285
6051,URBAN,3.9109247840496506,0.9161343213700979,0.24742351492761866
6052,URBAN,5.656635096433784,0.5937912732589665,0.3218827845870651
6053,URBAN,7.060079173896245,0.5855772110508084,0.38398874825812446
6054,URBAN,2.3209065588282916,0.7599765571677501,0.36321879055475687
6055,URBAN,9.335511423573179,0.4803556146167962,0.39538409099055916
6056,URBAN,6.811388612128511,0.6369419335321773,0.38576286012704386
6057,URBAN,8.725986226900874,0.6772952941770414,0.4215492015651695
6058,URBAN,7.333305271456955,1.0987069385733161,0.03880563885067877
6059,URBAN,14.971356358175905,1.3136630079263703,0.3032205460022135
6060,URBAN,11.099207560772497,1.2149430512931223,0.44653069588778993
6061,URBAN,5.862516380409518,1.1208364210642323,0.6310776661907562
6062,URBAN,1.3430454680725705,1.8695450969124185,0.7272788218467464
6063,URBAN,8.03201491329328,1.7865648612604583,0.43748321620261155
6064,URBAN,13.341683603800751,0.7820412612868791,0.5267828106989925
6065,URBAN,10.391409771917651,1.4844565375854877,0.24403384000313633
6066,URBAN,5.824746496149265,1.0837388163391928,0.23221239932115442
6067,URBAN,5.914213947437851,0.8354611525140622,0.35342418930671826
6068,URBAN,9.997596399389412,0.9122201925980156,0.4776831615029005
6069,URBAN,1.632959926991592,0.42885855291576924,0.44433958228308257
6070,URBAN,4.301844974097355,0.9148636851542412,0.5616363217695415
6071,URBAN,11.81572177838738,0.8739084900703258,0.505475318331789
6072,URBAN,10.406119554279835,0.4199341273598245,0.2862079090956543
6073,URBAN,1.126354229963372,1.0009191138342044,0.384065060558393
6074,URBAN,2.728580717215075,1.6725139778966993,0.7048243195880715
6075,URBAN,4.59431860964198,1.1007629762650712,0.7694055263383425
6076,URBAN,7.414180454629332,0.3119209506361476,0.5814029129682481
6077,URBAN,7.18151311781756,0.7980245561884857,0.434909236581809
6078,URBAN,8.659975241867189,0.9000582756367135,0.43724489134433003
6079,URBAN,14.81631999820807,1.3083482663023176,0.654066341968163
6080,URBAN,5.717702093665974,0.26335430997192955,0.42659773938504064
6081,URBAN,5.013629079314303,1.15017027609831,0.11045023039552138
6082,URBAN,9.205470484467558,1.3864320167002029,0.4626709376958336
6083,URBAN,7.270085994568596,0.4861230146758105,0.2563892790542645
6084,URBAN,6.354171100506652,2.5522945561307164,0.7230269293956125
6085,URBAN,6.215483868519659,0.5794723993484795,0.5081816300447601
6086,URBAN,1.843156095387377,0.8645826201183668,0.5632757569054554
6087,URBAN,2.8864671087442924,0.740871609986128,0.28180355513788624
6088,URBAN,4.111151797836137,1.8411076727968543,0.41770638367198976
6089,URBAN,10.601831330736482,1.2834591360823775,0.6292894245584094
6090,URBAN,5.3951131521328035,0.7518763618481168,0.6640760237410731
6091,URBAN,8.501632989635537,1.5979319527228715,0.12251606571081063
6092,URBAN,8.595088024118057,3.1992833182492895,0.8678674363936691
6093,URBAN,7.069988847065549,1.5528491082281666,0.6570292368732745
6094,URBAN,6.644100964664234,1.4536030626254606,0.7608325743316643
6095,URBAN,5.181202802368015,1.0576499963633033,0.25120488592736745
6096,URBAN,8.388130375624574,2.78491984993879,0.8664251948750373
6097,URBAN,8.8505515108426,1.6414316337589314,0.8297793010135064
6098,URBAN,3.995351743102893,1.5753947754603397,0.962366193097452
6099,URBAN,6.896428752089864,0.7707584128245408,0.5416827516998072
6100,URBAN,6.58026382199111,0.14705145316539428,0.4332560273639912
6101,URBAN,17.502698768007967,1.1572944616553538,0.5737647789716843
6102,URBAN,9.53135661527439,0.41955477811173064,0.5347769929641727
6103,URBAN,4.740166145004702,1.141576135234398,0.6597282039222108
6104,URBAN,5.56464446017473,0.3269789035577821,0.5698892313528048
6105,URBAN,8.865522942236895,0.5111370044383082,0.5274202342964802
6106,URBAN,5.6121518306981955,0.6416678786944313,0.5418572044817302
6107,URBAN,1.8679001858875912,0.809709221996679,0.5099036861423643
6108,URBAN,7.351590054852891,2.2676346911945244,0.4924957251018662
6109,URBAN,7.0966824446636405,0.38573578826292704,0.3181881096970726
6110,URBAN,7.8690387811434706,2.405666883383508,0.49360937808643535
6111,URBAN,5.7777627527066135,1.4517589093354748,0.6358373769918546
6112,URBAN,5.892400206816257,0.3682705956398493,0.3984148420865456
6113,URBAN,5.779405484716932,1.4072509515235296,0.3647662141697722
6114,URBAN,5.200712303479066,0.7657069582084731,0.34397796256833413
6115,URBAN,7.829919374442581,1.5172866778345628,0.24660847969976143
6116,URBAN,11.73852218180782,1.1378476835138294,0.38416726433092807
6117,URBAN,11.592390173087411,1.0137747653082532,0.4688759157408576
6118,URBAN,17.664778788380612,2.0470124234134626,0.41842223964724384
6119,URBAN,8.361628140853455,0.5409352896475653,0.4156093572762543
6120,URBAN,8.309807928279797,1.8259732055734301,0.47989909180093543
6121,URBAN,7.255216809477572,0.8659784636027021,0.2823404307256935
6122,URBAN,5.798101611056332,0.4104125868705164,0.2708353020550611
6123,URBAN,10.161146224103755,0.5962504307516991,0.30041679003430677
6124,URBAN,6.054661927371682,0.34831515132770907,0.3056257463224144
6125,URBAN,2.7216468713082693,0.2835926565562286,0.23973347984935353
6126,URBAN,14.726701068431545,0.9495353570000429,0.05955312940921652
6127,URBAN,1.0934291581537965,1.7950824482838479,0.4709002160694487
6128,URBAN,13.599248216485705,1.3380682980390333,0.7067353451902707
6129,URBAN,6.9659938355648645,1.0619416357476859,0.796945812485016
6130,URBAN,8.752903534355609,2.250727638134447,0.94399278455559
6131,URBAN,6.365628622421159,1.2496958657671835,1.0107736623028638
6132,URBAN,4.260675994183856,1.2069217802289347,0.9893561789584465
6133,URBAN,6.374262340070137,0.6530833629949664,0.8342429885987074
6134,URBAN,6.1806224337653735,1.571101365715992,1.011935947344188
6135,URBAN,8.14127757970237,0.4295201593851991,0.7648529349401222
6136,URBAN,7.463622413652359,0.7470224709437089,0.7170419102087301
6137,URBAN,7.673280256083938,1.776841184484034,0.588957295743826
6138,URBAN,4.316936675852566,0.3636022691460971,0.5005116538548253
6139,URBAN,3.3354877214582217,0.9862191842595821,0.21967029597059073
6140,URBAN,6.197716499774266,0.8912492416103044,0.3373815050835582
6141,URBAN,5.517770753596092,0.9690791768071039,0.3082630905310998
6142,URBAN,8.461062390021716,1.1327396087271124,0.533853138468147
6143,URBAN,4.73674969461634,1.1272601238931572,0.11866838713555014
6144,URBAN,3.431493652106484,2.181040609454321,0.5509377041192856
6145,URBAN,1.2049604955929507,1.3480817308642028,0.19073453998979856
6146,URBAN,3.062537715013355,1.1596564410212602,0.2577695130292155
6147,URBAN,5.204201891614591,2.1366634732977055,0.6278925188436925
6148,URBAN,10.716037970148726,1.2408281746935,0.6673019892339813
6149,URBAN,2.0930912365901717,0.22746932078668894,0.5113265025673869
6150,URBAN,6.5911933210118105,2.131574473453182,0.8256403220199576
6151,URBAN,3.010315068781688,1.5856964433218337,0.9063627529978101
6152,URBAN,6.936113123801521,0.9086218423180646,0.7076781495026526
6153,URBAN,6.67815877475416,1.044898154294861,0.7859067799143931
6154,URBAN,5.844612305237124,0.790494077845819,0.49370944196389194
6155,URBAN,8.58952425346675,0.4811200301193833,0.22127793167158477
6156,URBAN,6.63971800215229,1.8969532964081692,0.34169838727020013
6157,URBAN,8.604786773604225,1.570300938192179,0.654532030702876
6158,URBAN,2.8772762164189376,0.6678772365666997,0.6429133975349943
6159,URBAN,1.9934267594869917,1.2628122946555138,0.4172460043017629
6160,URBAN,5.017933896681657,0.2564897100546164,0.3204603862802151
6161,URBAN,9.468124874243395,0.7177279425086759,0.4065897191371404
6162,URBAN,4.860202098519269,1.0686805292208919,0.13195757926844895
6163,URBAN,2.982780427163987,0.6465524573344521,0.23014587880934428
6164,URBAN,1.5977839702918744,0.9969765900912252,0.2275447423507481
6165,URBAN,6.711475705303441,0.15371042676890892,0.20417552999515087
6166,URBAN,14.393572872597723,0.7836717436474162,0.13788164998540983
6167,URBAN,1.5032418105283167,0.6561239720118456,0.26642165938307116
6168,URBAN,5.31156380915613,0.36718234381075504,0.23840849050927682
6169,URBAN,5.6922672881099,0.7116862647453948,0.35031174226026385
6170,URBAN,2.3098097307773475,1.4663502155987378,0.4081857873923193
6171,URBAN,6.442857265102093,0.8508245066826976,0.47529219417880525
6172,URBAN,10.026979839830009,1.3386723883830125,0.7245883992170917
6173,URBAN,12.225070732154373,0.6056234900934272,0.4969285336633654
6174,URBAN,2.319674888220611,0.7896972033845568,0.18523960407577758
6175,URBAN,0.695080059497263,1.816175576015591,0.6194135501549665
6176,URBAN,3.1304725184175757,0.7528157215876916,0.473917651654027
6177,URBAN,10.890361445450267,0.2195897775126219,0.3171685214299014
6178,URBAN,3.4806089554933384,0.9505206352945674,0.4352057800000442
6179,URBAN,5.270107600719851,0.3703253306522156,0.36821843606803223
6180,URBAN,3.1615995883382895,1.5537639982785059,0.4198745353009901
6181,URBAN,8.058282398670023,0.2015828919683782,0.3352200578784711
6182,URBAN,7.3277160754386905,2.242073735361644,0.47245331003318497
6183,URBAN,6.826421928904241,2.2791731503489276,0.4823998839855836
6184,URBAN,4.159621604280982,1.5174623174397799,0.6098281934064301
6185,URBAN,5.786290338914471,0.9621516992200875,0.40166936448867724
6186,URBAN,7.248667539297754,1.8970212283030257,0.7533135994777755
6187,URBAN,6.655875501085352,0.9736382266354733,0.7946722418738108
6188,URBAN,3.6212548368065067,0.14324162672057275,0.5622951287685934
6189,URBAN,6.5250713267329665,0.29094868023289794,0.42628931373377893
6190,URBAN,1.0039689685236528,0.48142741003513506,0.2979190295106894
6191,URBAN,0.9573025654186795,1.1343191856153254,0.3146034006506622
6192,URBAN,3.1257500156426876,1.0605991446398348,0.3179246989229275
6193,URBAN,6.768153480085128,1.1106933579193,0.12722953758513417
6194,URBAN,2.6816243678395324,1.843218165981942,0.5623164714320987
6195,URBAN,8.495259238576704,0.4649773128971239,0.3880081126231876
6196,URBAN,12.193533189864825,0.5277356044153436,0.23879459762090155
6197,URBAN,11.86751269058306,0.22389863908788185,0.10862280593392216
6198,URBAN,5.504071958252565,1.6949779212424347,0.370340275103628
6199,URBAN,3.6665472242276604,1.1525781738579974,0.5708553530499202
6200,URBAN,5.779494883142019,0.6505302948191377,0.30659540160010085
6201,URBAN,4.694500823811567,0.600010377029932,0.2453071338394432
6202,URBAN,4.310965440954529,0.4252326031779387,0.0999449917647386
6203,URBAN,4.287094301898621,0.5853468582374164,0.23238697502979952
6204,URBAN,5.31804883423035,0.7246661390545089,0.09557620097473445
6205,URBAN,5.9613693239346235,0.46722652461482217,0.056310366850941394
6206,URBAN,9.058133472215278,0.947680211965517,0.20846462531878643
6207,URBAN,3.70268280764896,0.38609769801520843,0.13572210149013414
6208,URBAN,6.980722971400118,0.37053487726562134,0.20049312111855078
6209,URBAN,8.449642620361052,0.45676751367230933,0.16081225539421498
6210,URBAN,8.867994575236503,0.9649608243605123,0.18779505251325954
6211,URBAN,8.585486191051013,1.3623493295217746,0.5223727862993341
6212,URBAN,6.888174882892877,0.8270951104301002,0.4733111796061814
6213,URBAN,11.44012010075093,0.37444817939794955,0.24469203332525094
6214,URBAN,6.490788047182194,0.50770965733849,0.08161711908605758
6215,URBAN,12.412132529626493,0.2465924330429218,0.04840604890640051
6216,URBAN,6.497800633907132,1.119164914177168,0.28541270633118754
6217,URBAN,8.792973012615459,0.3641352700733981,0.292240745117706
6218,URBAN,4.782262294512978,0.932763368814919,0.2868760126537875
6219,URBAN,6.763454311522242,0.8376183228858631,0.1117880702182644
6220,URBAN,4.943984913488649,1.435210067654354,0.47877395614015406
6221,URBAN,2.2748863599196048,0.29798469685671525,0.42667179369345215
6222,URBAN,4.061412265086504,0.6314668761212071,0.1495007041733676
6223,URBAN,5.838314612949866,0.9779590429696363,0.16651052718773204
6224,URBAN,7.332604636432209,1.6419132101958747,0.2878138958051942
6225,URBAN,5.382331851205138,0.5048128192472364,0.09323364763513409
6226,URBAN,6.44263822062665,1.3831847322972968,0.30801233041008624
6227,URBAN,16.532923673420857,1.604090015238582,0.43987285281555794
6228,URBAN,6.997854999591805,1.2950152959495311,0.3088792257756196
6229,URBAN,4.61110676833296,1.3430484669085754,0.17590669598614816
6230,URBAN,4.383358526826575,1.0104040283695934,0.1990477245292126
6231,URBAN,1.4814219554670987,0.3153897968079816,0.22640035126470012
6232,URBAN,5.394215016824177,0.5669670459135869,0.2513894708724602
6233,URBAN,9.14732511393056,0.6491433636135966,0.2744262080917254
6234,URBAN,4.37437558105295,2.1186746716626375,0.4617937388999815
6235,URBAN,7.4456867547741945,0.5852736918887914,0.3118003442884782
6236,URBAN,7.836762734172214,0.5921789601555854,0.0953369258070417
6237,URBAN,10.473126550984484,1.1846363629378556,0.3126487711889138
6238,URBAN,9.829312768685883,0.9530323471242902,0.3503683236778278
6239,URBAN,4.235763160457721,1.588369304041253,0.6138450947114829
6240,URBAN,5.943932324765934,0.8719288209556534,0.6359533175011611
6241,URBAN,3.71147832331574,0.4039983386015445,0.46039026252769777
6242,URBAN,7.893542502267005,0.5491269478676076,0.2617276470002184
6243,URBAN,2.9516825600408625,1.2898679547335443,0.5171996029491771
6244,URBAN,6.881657452171437,0.8384516549833797,0.5934534633579582
6245,URBAN,2.7833759411702914,0.6134409053556026,0.33392852995892447
6246,URBAN,5.9398269675360575,0.8325639213679273,0.19611168964299575
6247,URBAN,8.167878605112156,1.5767934659924077,0.37523417749798527
6248,URBAN,6.021067115801735,0.7162367225281928,0.24270755299413835
6249,URBAN,5.202570754063513,0.4391296645689496,0.13861133040009999
6250,URBAN,7.078403815224502,0.46961593200016954,0.0361076410675723
6251,URBAN,2.9246267971984685,0.971184969138003,0.23447884341468778
6252,URBAN,7.033610540141806,0.6030736038806177,0.17255736048373316
6253,URBAN,2.338022688798586,0.4408261240044795,0.24837147906164486
6254,URBAN,6.525271926792882,0.31522205081114474,0.0888706545759447
6255,URBAN,1.2821225072295497,1.0063639790667196,0.23050817777932892
6256,URBAN,5.139014102297901,0.6950044374749057,0.2803147310534448
6257,URBAN,3.2924063422517085,0.7157761740471656,0.08055277940469728
6258,URBAN,9.005379682651824,0.854258844336002,0.17248026735649744
6259,URBAN,2.9551036455935846,0.7281280605896597,0.31443772883303006
6260,URBAN,6.005804991931639,1.4946812935073917,0.5185325416635044
6261,URBAN,7.433182301773172,1.407790737234777,0.6775110963925366
6262,URBAN,9.666864476605516,0.46521934899983264,0.513209640816822
6263,URBAN,5.856513753689028,0.33026742104873946,0.2857812206928475
6264,URBAN,8.768504113872119,3.1628225016924723,0.7951457677163943
6265,URBAN,6.7133144134748495,1.4741447594170691,0.7065657323210184
6266,URBAN,14.044282710063847,0.7800522921633795,0.5034733140701708
6267,URBAN,2.554131424064714,1.4432964305273277,0.024658911788042137
6268,URBAN,6.309558570889367,0.628635001587837,0.16781254960666922
6269,URBAN,3.114836124726988,0.6877546828629585,0.2536102578462835
6270,URBAN,4.174665080820905,0.7276683773863888,0.22333582166883373
6271,URBAN,10.682027877739854,0.3575513303263779,0.12296686714775264
6272,URBAN,5.250260822187074,0.7477449037132693,0.28184975542675783
6273,URBAN,2.077500522305561,1.8768086793672336,0.7001645397587715
6274,URBAN,2.4846239473678735,0.5827858742648501,0.6217322430574993
6275,URBAN,5.951234454273831,1.355865306236246,0.3475798275443758
6276,URBAN,10.431465822732196,0.26981118046339797,0.22081045295612195
6277,URBAN,8.006023292149331,1.707664461792752,0.5694568731077585
6278,URBAN,0.9689562801827881,2.0602542637703825,0.20696842821393338
6279,URBAN,7.533134580256952,1.6173266639648398,0.5525775027893496
6280,URBAN,7.30562024640155,1.7063276679410715,0.17520604135136333
6281,URBAN,5.244278445463605,0.8089786489693013,0.3398775609910407
6282,URBAN,10.298357470253219,0.2279638118516602,0.1835880305605446
6283,URBAN,4.291197373338695,1.1523139649200056,0.2959624348622083
6284,URBAN,11.37354897418121,1.7224954020562733,0.3596958984932426
6285,URBAN,4.9563013394864806,1.752930986574823,0.2555872741154487
6286,URBAN,9.244752829548549,1.2596588674255456,0.3996111186941978
6287,URBAN,2.401801519958025,0.7709115890387976,0.4007408673620026
6288,URBAN,6.660110192272301,0.9377570137849441,0.5366389569336466
6289,URBAN,5.053332831402305,0.5109338281184345,0.5112284316110277
6290,URBAN,3.8925936285394993,1.1726993257267369,0.7006183125066275
6291,URBAN,4.467644699427386,0.636939581936057,0.6205080405982246
6292,URBAN,10.99142630242432,0.7090308020597628,0.6112226269077977
6293,URBAN,4.635209557606391,1.495466517156817,0.03971668218246987
6294,URBAN,9.253560520888364,0.03782683648891064,0.02277063467028411
6295,URBAN,3.608508145542622,1.3762516215756315,0.392799714469633
6296,URBAN,6.241472253218003,0.7019680279727751,0.4723836831990914
6297,URBAN,8.010843314076993,0.6634048367477694,0.15456011955033364
6298,URBAN,1.2390200103741456,0.30398566964338414,0.050791555395067176
6299,URBAN,2.9103659662606782,0.6540183819004499,0.1528615543616402
6300,URBAN,5.095657439321416,1.0602497735952532,0.24678554384186266
6301,URBAN,5.464097213673954,0.5061117451152302,0.14396416326372294
6302,URBAN,4.0750664463460335,0.8664882526955412,0.23406237182934728
6303,URBAN,11.16920490332572,0.5564907915492775,0.1741333691256234
6304,URBAN,1.2654151196869372,1.5122847705285187,0.5404559728395915
6305,URBAN,7.376822285727006,1.007922088769374,0.6712204855068575
6306,URBAN,1.5164431517699029,0.14116554637829928,0.45997687693633144
6307,URBAN,3.518986904178498,0.9941471525436267,0.11457468110123493
6308,URBAN,14.60087366814065,0.8387229470517072,0.12496488279326906
6309,URBAN,2.123592578596655,0.8365414477783103,0.2734652952951179
6310,URBAN,9.368772152082817,0.5609117687331274,0.2693687682504242
6311,URBAN,2.82778573500734,0.8996598177921428,0.06281248488838492
6312,URBAN,5.500017897336496,1.4502748509308117,0.41850801181626035
6313,URBAN,1.917938676222988,1.2905670431034981,0.6406139394581153
6314,URBAN,10.000008369687187,0.5424226920473602,0.5487872514433282
6315,URBAN,7.60352230703172,0.2862964105349559,0.41437755136146665
6316,URBAN,6.800463441779631,0.4871520753552214,0.18072271846471646
6317,URBAN,4.260090551536077,0.8946050022986048,0.11787396680513912
6318,URBAN,12.055393008174605,0.7986428376998369,0.15083756580097293
6319,URBAN,4.4947900541048735,1.8272072187282191,0.42641145744477976
6320,URBAN,6.464493838332842,0.6339179254370313,0.48139758996097176
6321,URBAN,8.013252453303577,0.9433382572258152,0.5421476773478924
6322,URBAN,6.41262024793627,0.6849250050618138,0.5587433823412937
6323,URBAN,1.6555553456858159,1.0684421010980654,0.6612382593196152
6324,URBAN,6.579738608449609,0.6166655077815945,0.3480596933513193
6325,URBAN,3.6644158022031443,1.1084043681416604,0.5585099123510987
6326,URBAN,4.048618998356775,1.1729992042790158,0.7344725269914457
6327,URBAN,11.39564800079742,1.5673664797098699,0.940295713540099
6328,URBAN,3.263626516819182,1.6817100684964703,1.0324907235667853
6329,URBAN,7.186603086937375,0.41845019374118125,0.8478963835214027
6330,URBAN,1.1931210352994968,0.5638986407025303,0.5496170916905659
6331,URBAN,1.1895603199535623,0.8497991609358478,0.6262867710675747
6332,URBAN,10.906323097080648,0.40300942871901496,0.5647440052708521
6333,URBAN,7.000575770148148,0.5653095041835913,0.5416889829304293
6334,URBAN,7.236287244055196,0.16066427243452566,0.39998331197501
6335,URBAN,7.167245707217972,0.43333414423232286,0.21611800557805283
6336,URBAN,3.699041044660445,1.0370011775287455,0.4024993011599281
6337,URBAN,5.5881847920062855,0.6508997968362428,0.3142476822521858
6338,URBAN,1.2087859778840728,1.911878644658626,0.4097607715405552
6339,URBAN,4.162331746729799,0.569665161296396,0.37275390572879913
6340,URBAN,9.406651072713222,0.3110749128517231,0.23708334634444517
6341,URBAN,12.081196431665793,0.28285685597339294,0.15621657810603
6342,URBAN,11.506098793399973,1.9750702371585336,0.8661021896671269
6343,URBAN,7.483812892568095,1.7353727519472668,1.2890021084250398
6344,URBAN,6.504202273594948,0.6423315717138411,1.1654472588850107
6345,URBAN,7.246442111762651,0.7162700852673031,0.6340071478675742
6346,URBAN,3.4683745742218592,0.8806846288420513,0.6026432954206996
6347,URBAN,2.0647275555080933,0.909915308994952,0.21412716011061592
6348,URBAN,5.252347314647164,0.5929194273762483,0.05411338881553425
6349,URBAN,3.9220582567850077,1.1251196677743978,0.32449793496493107
6350,URBAN,0.9054188061101412,1.1262602033995721,0.5679584620703184
6351,URBAN,1.9811788422603909,2.2999277963412017,0.3960060938135081
6352,URBAN,6.36780307777909,1.3498275523581498,0.602174764202734
6353,URBAN,3.145497230787714,0.47623658563567867,0.5447982284867234
6354,URBAN,2.9254455985579493,0.2017533595408376,0.4226531522415978
6355,URBAN,9.22669288138615,0.34697580962674845,0.40537069290208877
6356,URBAN,0.42011298191187646,1.2005052172328445,0.23172002999263047
6357,URBAN,0.9571605794730805,1.2901714275447467,0.48617400754513646
6358,URBAN,6.457734797217183,0.2845690656496869,0.3943550082686981
6359,URBAN,11.349353013191495,0.27140216403204975,0.34836761165988017
6360,URBAN,7.436524568932219,0.3780552812318388,0.2892135778889692
6361,URBAN,5.512189664459795,1.3233283164953522,0.4885854884589361
6362,URBAN,3.15771467698096,1.3563962738230841,0.7515334145117311
6363,URBAN,6.567408721141155,2.2107811680621436,0.9102443317894238
6364,URBAN,10.308365597544661,1.2463230946534307,0.8681989062409461
6365,URBAN,8.973732883075005,1.0938214797575438,0.6424914431965041
6366,URBAN,9.634807723546773,0.9265712298580567,0.22538335498951398
6367,URBAN,7.752842120996611,1.4742716033712715,0.6096178279534494
6368,URBAN,8.263172711535596,0.6930659377363669,0.5579574909715134
6369,URBAN,2.8260213188335968,0.6214070289813478,0.524586494501675
6370,URBAN,3.757043542369121,1.0548423769037485,0.19388050757907385
6371,URBAN,0.8292462110430372,1.3300622060806353,0.3534834464346834
6372,URBAN,5.422098969391793,0.35553101908715284,0.35055144229788476
6373,URBAN,3.840502013297525,0.553605086829164,0.3171162059960299
6374,URBAN,7.728224730727008,0.47714506218325076,0.3670537999453082
6375,URBAN,4.8049443170104995,0.8615734525985872,0.3104796395016006
6376,URBAN,1.4076836096309198,2.1121637991752977,0.39102936398744914
6377,URBAN,6.174103115225587,0.9219361272279042,0.5185376809577467
6378,URBAN,5.873894790406072,1.0258583610413514,0.6728450873926262
6379,URBAN,6.175221260469852,0.6999467696492938,0.6166340938981549
6380,URBAN,2.7102401916699335,0.39034310090913565,0.5083569290102534
6381,URBAN,1.9612634332121237,1.9797044061867024,0.9126063278543904
6382,URBAN,11.566949731635706,1.1662062746188286,0.3421658940814499
6383,URBAN,9.923097450898045,0.7738515400397581,0.2943492119304662
6384,URBAN,13.493079875467412,1.6828355027352795,0.6943210452862406
6385,URBAN,10.879843462864756,1.605582989828013,0.8373891232914088
6386,URBAN,11.939517383328466,1.5146502348381081,0.3080983058312445
6387,URBAN,3.0173471550587156,0.8708977947670448,0.05803392112370523
6388,URBAN,7.208077476460416,0.33739963402219153,0.061621570674619
6389,URBAN,3.1627782248023206,0.8506631987996568,0.21599823092111328
6390,URBAN,18.602700821781582,1.736334906645797,0.65242122135036
6391,URBAN,8.124731701410324,0.5930034094093435,0.4148182863520503
6392,URBAN,2.964354955612601,0.6205313860566677,0.2842198671210469
6393,URBAN,3.1580709333784593,1.6482624096791592,0.6217386606738561
6394,URBAN,2.093737058873053,0.5980210477791101,0.36989753502233713
6395,URBAN,7.4356603061358415,1.2020691677694375,0.5832584663476074
6396,URBAN,5.902207170758558,1.2008587443510788,0.6564276558249267
6397,URBAN,9.722425872793702,0.2279566249410351,0.4504548519705006
6398,URBAN,7.097372326502095,1.6572783368263253,0.1519575165996808
6399,URBAN,5.76607680747162,1.0770988887485842,0.23902885177293032
6400,URBAN,2.325538233324469,0.8843114758100804,0.1014957475587011
6401,URBAN,8.61997757129355,0.35151218649758936,0.17933341636798905
6402,URBAN,12.24347842326877,0.6004921507652002,0.2886093100310974
6403,URBAN,4.764254535542811,0.5130340036551383,0.1482918019889787
6404,URBAN,3.728970477936127,0.3121637237167204,0.2072912316987205
6405,URBAN,2.889951045228623,2.0299272799013695,0.5589031913598166
6406,URBAN,11.906961131584788,1.3292079677679993,0.7731389957301585
6407,URBAN,3.7743946577998564,1.419665616123182,0.296599716252783
6408,URBAN,6.934200692174904,0.5613681739349431,0.3225612727534174
6409,URBAN,2.2783908277681544,1.6338535833243433,0.485586031870138
6410,URBAN,4.7328863032408375,0.8780637589909521,0.2392610064160123
6411,URBAN,14.460743712862971,0.3279796810214312,0.21028415079471302
6412,URBAN,13.068659212477083,1.046101636430866,0.3301091912267037
6413,URBAN,2.3539766790581513,0.601087238610344,0.42291336956145614
6414,URBAN,5.638146865993608,0.7918068036365452,0.21258304464425323
6415,URBAN,2.692705375267361,0.39590880602343154,0.10980547386303195
6416,URBAN,15.943861753141826,0.33821532031058926,0.057811888941813286
6417,URBAN,3.4815000119550064,0.4774398275626402,0.11484525392523748
6418,URBAN,1.2608681415089669,1.375535596146888,0.5308991806965954
6419,URBAN,4.0139544597566905,2.6985909483072854,0.6307756608277749
6420,URBAN,7.744533008989798,0.5167926315924168,0.319814712222503
6421,URBAN,2.113371767884433,1.3448082367719443,0.6172702717952472
6422,URBAN,4.054645262939096,0.3924730728804536,0.5187651335909771
6423,URBAN,9.199329633130402,1.0703641509176365,0.1340795480902915
6424,URBAN,7.759859774979365,0.7637286922207122,0.31201984409711486
6425,URBAN,1.738320574859421,0.344675318449335,0.2024915444967599
6426,URBAN,3.6464699000798593,2.182763715074087,0.780433715763654
6427,URBAN,4.2387967958376755,1.2911655052779967,0.9028489704253614
6428,URBAN,11.756817386764935,0.862120080608146,0.6583492506341392
6429,URBAN,8.820663652478896,0.604036047783739,0.34742204814134026
6430,URBAN,11.304030600015892,0.4705358998571669,0.13577653265730655
6431,URBAN,8.017632955811314,1.1145880484079949,0.4212513344878813
6432,URBAN,5.593226346542544,1.2803290453506557,0.6257240346013203
6433,URBAN,7.834572973911404,0.4374417030717994,0.5723023533917214
6434,URBAN,1.516371363410139,0.7646371855769624,0.5872795912062253
6435,URBAN,14.88582733517751,0.9399616039608243,0.35156558666706833
6436,URBAN,10.750806253145024,0.8293729244599207,0.24768149426850306
6437,URBAN,6.989568233477355,1.3153920355045143,0.22121840249898014
6438,URBAN,5.360666145753705,0.23968985664684422,0.2149271602123806
6439,URBAN,12.860686243672067,1.4092310130095704,0.34437939980073007
6440,URBAN,1.7907416723265777,2.0219487906847013,0.6749018449145169
6441,URBAN,9.367740579706597,0.9103497705517055,0.7553682061006773
6442,URBAN,6.568910225007392,1.0675069602201146,0.2913845359146324
6443,URBAN,4.399893583377695,1.268608564440497,0.5538901789393229
6444,URBAN,9.575286000796625,0.7791797609865122,0.16879562048583568
6445,URBAN,3.054209706468887,1.8932329480098504,0.6573292957619156
6446,URBAN,6.363009890438162,0.31813459998948035,0.4074476189527388
6447,URBAN,5.010026975732612,0.8000556741016033,0.46310327821434083
6448,URBAN,6.159791760448822,1.7038015228761867,0.514103915363992
6449,URBAN,1.361346249297772,0.7970498448304738,0.15097214125587136
6450,URBAN,9.397248513493448,0.48369964671099486,0.20504418764324855
6451,URBAN,4.716283410370531,1.3088970975045249,0.4860389331348365
6452,URBAN,1.8985086991959046,0.5313116715848242,0.1868304548719924
6453,URBAN,8.103079722761034,1.0083365822620005,0.29244578441967173
6454,URBAN,9.992214811936805,1.2958109053979274,0.6290934204459675
6455,URBAN,12.490540223225402,1.4855443282732659,0.5148709381551605
6456,URBAN,3.781055907517518,1.6930642614097362,0.14549298678812989
6457,URBAN,9.26801110141003,0.7812885289117785,0.27270040758496883
6458,URBAN,9.791205879461687,0.5349850377835307,0.3136705676337005
6459,URBAN,9.408735090711138,0.20782800016233619,0.17350240548791543
6460,URBAN,4.528715338680513,0.2694257459201036,0.18821873312541393
6461,URBAN,7.7501296407665485,0.8431507348401854,0.12147132748655524
6462,URBAN,12.328789289592716,1.0554010273901362,0.23636228791163805
6463,URBAN,4.763915242772706,2.3549945212947914,0.5869918022812436
6464,URBAN,5.390094420594322,1.342425268655019,0.6387363702127874
6465,URBAN,10.13428622144726,1.6787839122962602,0.09554997968425383
6466,URBAN,12.722385275036132,0.7181087246212869,0.2149175256225419
6467,URBAN,2.710812534999082,0.20893483432487903,0.13593459472907216
6468,URBAN,9.087153589791475,1.2186501779855632,0.46443400746189306
6469,URBAN,6.77713264737102,0.28882746890227334,0.35643707727920476
6470,URBAN,9.194636349035326,0.2770970204409347,0.169795849609396
6471,URBAN,3.0887170828437185,1.2358096669035614,0.44004166142375184
6472,URBAN,4.8231466135072525,0.7649459949036813,0.3051666911672505
6473,URBAN,8.3462816428362,0.738231647378044,0.42100561324514735
6474,URBAN,4.818705842272789,1.1819562201511409,0.5169365487710608
6475,URBAN,1.6783304254722078,0.6684473644452414,0.4859129134890044
6476,URBAN,6.887138022851605,0.7022699453745841,0.2661143338054134
6477,URBAN,8.461186077602502,0.43031421217523647,0.1318624991384817
6478,URBAN,5.975525322635589,1.7643515673890406,0.44111381040048847
6479,URBAN,3.6356405698431793,0.461113668109867,0.2297485199286244
6480,URBAN,10.49485002078868,0.7230801414046789,0.05551292053447257
6481,URBAN,8.675944900436365,0.7624340170557019,0.24998532268216797
6482,URBAN,9.664675820581483,1.01370629762625,0.41423803706590684
6483,URBAN,9.79947992768816,0.5236223708752558,0.2980545903015646
6484,URBAN,7.455701630721815,0.7523779402809656,0.3619159663211282
6485,URBAN,6.422774384347971,0.6861357546961004,0.20511058991489153
6486,URBAN,6.286094387245883,1.1210456425609336,0.40362675759626565
6487,URBAN,3.0211873469930586,0.5422165150782896,0.13878663015722484
6488,URBAN,8.664223522750838,0.6948851480634952,0.16979200247241408
6489,URBAN,2.4139064951818017,0.7022864672013601,0.19692944637073503
6490,URBAN,12.984098569684448,1.1548554131300584,0.4836365030280932
6491,URBAN,12.051501432818608,0.5417789054689862,0.49183818829390025
6492,URBAN,2.110139880040877,1.4126875602164488,0.5381247406191715
6493,URBAN,8.35117143963609,0.5439552708324313,0.5722781271984683
6494,URBAN,8.48842755818342,0.5086990207278304,0.5873201249661165
6495,URBAN,0.6187102284446704,1.1362721157295632,0.07177841509882177
6496,URBAN,4.239685503025217,0.5117320644598865,0.12429467431144268
6497,URBAN,4.939455070680127,0.8428135672405154,0.18530696761509138
6498,URBAN,7.774068624392699,0.13117131878529464,0.1258226720859777
6499,URBAN,9.937031334885512,1.1161528633221076,0.23611851691266036
6500,URBAN,1.5503655572907125,1.3921738845973584,0.5764838028043172
6501,URBAN,7.7348863110845105,0.5730743081310538,0.3349109136769296
6502,URBAN,6.60761020031584,0.7226691758428928,0.4436432326206834
6503,URBAN,4.8650197122088015,0.9807718773496589,0.3107867670022299
6504,URBAN,1.2520124854681136,0.8454840853794595,0.43470430756581857
6505,URBAN,3.9450306484894058,0.8810927575305143,0.43091663465280006
6506,URBAN,4.962859662438812,1.220248077499958,0.2794007320793973
6507,URBAN,3.3824859928495785,1.9904251448789299,0.48915268182286403
6508,URBAN,7.356549551282994,0.7185871031058513,0.34185005965141924
6509,URBAN,8.647301713279166,1.3134516921171442,0.16082200604458674
6510,URBAN,3.383342332975533,1.6407260792639768,0.6262490555220168
6511,URBAN,1.7641648930100158,1.396134491695231,0.5154825205226673
6512,URBAN,6.193238042404309,1.1229404952526454,0.6638956801014506
6513,URBAN,8.774011795959135,1.7121209297729514,0.5087660285150535
6514,URBAN,1.7148914238242157,0.9255082448621021,0.44971671163976223
6515,URBAN,5.985996299278918,0.7914227891211667,0.09745833225679236
6516,URBAN,3.6449207388836715,0.24415966433023847,0.004043645699119974
6517,URBAN,5.57399000982423,0.9532147945042885,0.29324434517854103
6518,URBAN,7.549850186645946,0.7988683383751883,0.3250406600537531
6519,URBAN,3.017764078090478,1.4900179785294383,0.4023476695266422
6520,URBAN,5.322883958460217,1.0744101077962562,0.5728215319568045
6521,URBAN,5.566710779460926,1.052591126843209,0.3269866736904846
6522,URBAN,5.555282444097223,1.215261369878057,0.4354620183050781
6523,URBAN,8.412318270944223,0.6461293988107921,0.33611607717559416
6524,URBAN,6.990117076281985,0.6203054327748295,0.31717579864405493
6525,URBAN,6.107666195103411,1.3659115572609277,0.2515910225909996
6526,URBAN,5.09628629597936,0.35860654447988055,0.11602220502806135
6527,URBAN,4.065557390796666,0.4669274000093516,0.22102247715389786
6528,URBAN,7.017486031026435,1.559563612858178,0.35268522337096037
6529,URBAN,6.236562721378944,0.20242876706889268,0.2909142012462462
6530,URBAN,1.3529995374176411,0.9229418878955208,0.4986265911330917
6531,URBAN,0.06744106781872428,1.3465941546428843,0.7024475061987787
6532,URBAN,10.328802669131667,1.4714693296911878,0.9621388738002887
6533,URBAN,9.018422060392302,0.5372756487523611,0.6222963742627972
6534,URBAN,4.714839774466096,0.3340778893137879,0.33973392284881493
6535,URBAN,7.00639861332157,0.4642698986608706,0.170561597971557
6536,URBAN,5.5528394801569325,0.5323894772415891,0.1873309363836467
6537,URBAN,7.562845594321502,0.6581419279276043,0.08971092262172632
6538,URBAN,7.669141625826188,1.6111960460429344,0.5260401879006074
6539,URBAN,3.9529300298730328,1.0252351485436608,0.4323457477081399
6540,URBAN,12.601997550694517,0.7693431925221994,0.4866122530887372
6541,URBAN,7.047916105093725,0.08801636648971277,0.3848322544958559
6542,URBAN,11.318865229296426,1.0793816796760325,0.45060235356254136
6543,URBAN,5.772073781042671,1.4578513805972209,0.49516996794381213
6544,URBAN,7.5564808892179,0.8506738684300772,0.22827448553402951
6545,URBAN,10.146589772009843,1.880867186147286,0.4439172473267101
6546,URBAN,12.748701992972517,1.434936389265053,0.6790773009089386
6547,URBAN,11.793966713004153,2.7411434167888973,0.6318142984917299
6548,URBAN,10.41691672976139,1.406042374078644,0.8604733155018528
6549,URBAN,3.654964453030894,1.3191115237073159,0.8854884533412544
6550,URBAN,4.017637682963635,0.308498766969429,0.6483206440263681
6551,URBAN,2.439050593738362,0.6721810012192224,0.643705640464938
6552,URBAN,3.994809212909234,0.8661726044490231,0.5285619285912571
6553,URBAN,3.2632982810194378,1.5805341590332056,0.4569622560130132
6554,URBAN,4.355575317853916,1.3701719172033513,0.7747306073028778
6555,URBAN,5.428184265514808,0.757537663251608,0.7742670275533267
6556,URBAN,1.9764573194419823,0.6645453657986735,0.4760441124123279
6557,URBAN,9.61855187381077,0.4445722719780271,0.23548883791446554
6558,URBAN,12.418294316271425,0.9451021504816072,0.17789678547228885
6559,URBAN,4.231131508585448,1.8479032716602897,0.5758431665226591
6560,URBAN,11.706139176933382,1.4073399563393003,0.38342669063874
6561,URBAN,5.067527484634823,0.07491592856963922,0.255546715178005
6562,URBAN,7.590907491345651,0.6870033601619463,0.19662275511085453
6563,URBAN,8.722085368451946,1.3541839592245426,0.29635735481104175
6564,URBAN,7.614209727716519,1.2621132209199515,0.43874728274500474
6565,URBAN,3.08086377545948,1.480678190103414,0.6548170202572016
6566,URBAN,5.034788096587599,1.2682709467063218,0.6111695977239114
6567,URBAN,3.506151904709261,0.8155894391331303,0.21689565084126478
6568,URBAN,2.0796877973227494,0.27263580522107117,0.13738134000889957
6569,URBAN,10.652303534632276,0.9422947596879422,0.3256700049943279
6570,URBAN,4.919082667353631,1.0165282614401743,0.12653624989160916
6571,URBAN,4.606905743561552,0.4311847005920106,0.21939035659579958
6572,URBAN,2.7681552861271093,0.7413869201157897,0.2999625885193883
6573,URBAN,7.044299919947686,0.14298769403750042,0.18715170230371653
6574,URBAN,9.534998976372892,0.1915250317901369,0.09057045711188477
6575,URBAN,5.996908139702413,0.3698697980273438,0.17639277145293503
6576,URBAN,2.784703587573777,0.9235503039746157,0.30830557983714724
6577,URBAN,1.558117683620444,1.7361583285573607,0.6225770042644383
6578,URBAN,1.6042179405871397,0.8098034412106789,0.4696965066264484
6579,URBAN,11.653432365514176,0.44049993672659515,0.4083237136387149
6580,URBAN,1.9215422117140328,1.9605767161318781,0.7067246945916459
6581,URBAN,4.98211200415162,1.419971898751474,0.38407069694097573
6582,URBAN,4.595310958940324,0.9393687934411418,0.5147909029002798
6583,URBAN,3.531604846390372,1.4672641500307928,0.764612130132256
6584,URBAN,5.72860637841414,0.44086696944829057,0.42312278667697595
6585,URBAN,2.8888075590978346,0.18250876724698223,0.2584578958391333
6586,URBAN,11.64950602117449,1.4450533709385527,0.35695851115794675
6587,URBAN,2.769485140353371,0.6346261772607752,0.3126389255487506
6588,URBAN,3.3429819866471937,0.5470727754060738,0.3455687878039575
6589,URBAN,8.21802584146979,0.7669510857651145,0.4554225754674703
6590,URBAN,14.439318837332449,0.9751719893745825,0.2944553346365607
6591,URBAN,3.9133564188214236,0.5424328579118377,0.35197440544937625
6592,URBAN,5.892021985383227,1.659362523091356,0.5347825785939274
6593,URBAN,4.388170838027238,1.4874509777185883,0.5394854222880597
6594,URBAN,4.997671735045221,1.0537785825029595,0.3596591335139892
6595,URBAN,0.9753338446612216,0.9024499506120804,0.5087046970461059
6596,URBAN,4.295226193202482,0.7765495071706274,0.5599290029917465
6597,URBAN,5.136251897175349,0.882952041118746,0.1662244377448379
6598,URBAN,7.622161098383031,1.3626068801073754,0.3672051271118871
6599,URBAN,9.42193002084244,0.8982833438993181,0.2348871904204217
6600,URBAN,7.319191431037164,2.1653957166928195,0.4661179270363624
6601,URBAN,12.539542625190233,0.5625173740855964,0.48275082979533757
6602,URBAN,11.945834759468616,0.8851264361766571,0.3887071144874608
6603,URBAN,8.2006201258761,1.1054936831309503,0.4917444129536441
6604,URBAN,3.823615621463206,0.35785108228238,0.4453259580137006
6605,URBAN,6.352628951272264,0.1728726221869047,0.3755449085637601
6606,URBAN,1.5091258470384779,0.4663773322546672,0.26609610404209694
6607,URBAN,6.8464863485423875,1.1922042658976442,0.5049553566880638
6608,URBAN,7.025552489716385,0.5428740490132261,0.3622273115833836
6609,URBAN,8.97368982388631,0.8426169013593,0.3058439449460393
6610,URBAN,3.071209564407713,0.5328289453799597,0.37022729743286703
6611,URBAN,9.156432538370307,0.6221963454470982,0.4364136603787308
6612,URBAN,4.076945239882288,1.2114502382468397,0.29369535725403345
6613,URBAN,3.675620132932765,0.36546358273744217,0.3108871123347118
6614,URBAN,7.280700802634678,0.3211102346628999,0.28010851440300866
6615,URBAN,2.052213535558498,0.3617695137420612,0.22955080168970332
6616,URBAN,7.334412867249035,0.6311234086505577,0.28053779002960716
6617,URBAN,1.7909639303256708,0.6182239649735605,0.3310203798360836
6618,URBAN,7.8625904383171,0.9258525334891695,0.01486601223390767
6619,URBAN,3.677003092855565,0.7768341855958318,0.2050200566450953
6620,URBAN,12.58943190086655,0.9336162097994943,0.39616511600197096
6621,URBAN,6.935384092435783,1.0847033977303768,0.4933333219262463
6622,URBAN,9.758058856477957,1.4095943962189517,0.4747302824696983
6623,URBAN,8.459198073483146,0.38187022348286526,0.4442399213699394
6624,URBAN,3.695327113242278,0.6021229691160651,0.16067069558516206
6625,URBAN,5.332492373617351,0.9581316308829809,0.1391036585767414
6626,URBAN,8.093960385840699,0.9643762761020526,0.1728544351502853
6627,URBAN,6.308338946968511,1.8423575837387425,0.42519403254759075
6628,URBAN,7.98193746154745,1.2913159826118235,0.26350458390254733
6629,URBAN,8.694804165258144,0.8117550825771855,0.052567902256922344
6630,URBAN,2.6773789326909307,0.4573604616854877,0.12916486623723883
6631,URBAN,4.31544634949722,1.0191460582863587,0.18413625063017416
6632,URBAN,5.9086974950232545,1.6428102519498795,0.6025346774420501
6633,URBAN,3.158344384280791,0.5084892949922248,0.3435651734565502
6634,URBAN,6.705877518415066,0.6655112707989556,0.3864212120850794
6635,URBAN,4.40023877522139,0.3396540221602522,0.20736986944009433
6636,URBAN,3.251263658618325,0.8416424343883299,0.40327064210185243
6637,URBAN,6.284633158282927,1.1454385165961125,0.646484281054092
6638,URBAN,10.64340936594768,1.0007246638864626,0.7894524946220535
6639,URBAN,6.890499408495452,1.1727105194888026,0.7672197393529496
6640,URBAN,5.254388406108358,1.4178214753067,0.6441169698615733
6641,URBAN,6.735592022640118,0.4620052210693233,0.5937830849742716
6642,URBAN,8.12345562617663,1.1565620725603625,0.5457385745334155
6643,URBAN,7.565756942069852,2.0357989648836705,0.7890899288009633
6644,URBAN,5.663038994361465,0.597405026040309,0.38133723224880284
6645,URBAN,8.586559173778102,1.3796690545242942,0.5306077954410148
6646,URBAN,0.9873251850418778,0.5718811049511533,0.5429917362892924
6647,URBAN,5.180434440197284,0.8396023276375469,0.2722485354312266
6648,URBAN,2.2670827571017913,1.252326689973733,0.5506048070501594
6649,URBAN,4.17579036325191,0.9244516447744222,0.6387080230715703
6650,URBAN,8.350017301248291,1.353719256090609,0.8436993633761847
6651,URBAN,3.114077041167379,0.8150567051576334,0.7496185410648551
6652,URBAN,6.061525092053601,0.6788959383770196,0.48277139699105687
6653,URBAN,5.1435914338767015,1.3412982211172053,0.7337619684007886
6654,URBAN,12.312077003645957,1.2080781497654467,0.7286686219478199
6655,URBAN,8.20201352800832,0.32417431283266596,0.6027154064352906
6656,URBAN,3.999299677813482,0.8118753302322703,0.3294048942758568
6657,URBAN,11.74833995216493,1.5246536191662647,0.6990314497837035
6658,URBAN,3.7187237582123562,1.446145257466019,0.15372108629015957
6659,URBAN,7.363137057674299,1.4825848584300345,0.5434147973253737
6660,URBAN,8.238180043395754,1.0491712577900667,0.5270597431853915
6661,URBAN,4.481810270482211,1.4385696426152388,0.6986514555588784
6662,URBAN,5.877041636785592,1.051150783028636,0.7882935059545138
6663,URBAN,6.447647382425434,1.0547646276468106,0.34558275577731196
6664,URBAN,10.221486886952945,1.5964109164927789,0.7056035418252302
6665,URBAN,7.3476699410300474,1.5939996448099745,0.3671346267370868
6666,URBAN,3.844977907715435,0.6959861226937988,0.32540844387149254
6667,URBAN,10.23017763780407,1.1118898629151914,0.5548886770578121
6668,URBAN,4.14702216236872,0.9127513817370846,0.6222866928312943
6669,URBAN,6.406293678940962,0.8112399793454507,0.24571278615338202
6670,URBAN,9.962151699509219,2.0553366888157325,0.5918269661920165
6671,URBAN,6.6759053897445115,1.1020892263879374,0.16241307031098967
6672,URBAN,7.4797898250893775,0.4876791692646176,0.02288167053429721
6673,URBAN,5.91099869673172,1.9312944423545297,0.5654256004157229
6674,URBAN,2.9808833781958577,0.9299082216258032,0.4473176453695598
6675,URBAN,8.169540406344934,0.07442789961996146,0.30327119444855616
6676,URBAN,0.4941828757665652,0.08119153286327795,0.24450140696524295
6677,URBAN,7.343226585974377,0.40675692293787913,0.3008514653739792
6678,URBAN,2.647771715594443,0.8678541176289895,0.07379143369697354
6679,URBAN,9.682437393916194,0.2073985863094694,0.0514750838465388
6680,URBAN,3.7975756308037725,2.419663168650764,0.7367840805124376
6681,URBAN,7.5507607451360705,0.6850764002628734,0.7203702327914266
6682,URBAN,4.628791302395945,0.4973811585768872,0.4715835036499162
6683,URBAN,1.7186208592986094,1.1929171608651095,0.09176393025734161
6684,URBAN,5.867292578923825,0.32405291452151436,0.15979488038842615
6685,URBAN,3.5892197365971343,1.0983583284967906,0.342913429745258
6686,URBAN,5.097500376355857,1.884114469141188,0.7631864166868036
6687,URBAN,3.098362522342261,0.7334543766498642,0.6364737779975262
6688,URBAN,10.547748806202044,0.9696166062406738,0.729398989134514
6689,URBAN,5.29160566206921,1.097442979125189,0.19941616244422827
6690,URBAN,8.91267886198593,1.6526434341469285,0.35659802582671557
6691,URBAN,6.35408149175078,1.3984845268342199,0.6603640291078661
6692,URBAN,0.34774079199563424,1.9712592589203173,1.0598002670941926
6693,URBAN,3.384139487262132,0.48556740919131697,0.9001636053534872
6694,URBAN,9.188265894886833,0.5862477522589126,0.514522329417858
6695,URBAN,5.3472158534646335,0.8530047568802918,0.10378172600708993
6696,URBAN,3.9106768263616747,1.4436631993362887,0.3808225507089411
6697,URBAN,0.9693128433234709,2.3075552127493477,0.9562316405456531
6698,URBAN,4.426171385647866,1.0940119487816085,1.0185044678495616
6699,URBAN,5.2709702571561605,0.7737214232806006,0.7601810533940065
6700,URBAN,8.172314476887518,1.7476848463757653,0.6655403896516299
6701,URBAN,9.31027329561417,0.6688731156947374,0.44699490589808794
6702,URBAN,0.7268558377248964,0.3347213731425895,0.3475779298552314
6703,URBAN,5.385142938049507,1.164330335620135,0.45692129056489594
6704,URBAN,4.864967435203477,0.6073812117553309,0.35347158667649486
6705,URBAN,12.930995744670245,0.7824326600435277,0.4615628792321002
6706,URBAN,10.174624982873949,1.035350694752198,0.128917480788268
6707,URBAN,8.877613657335027,1.067565161993927,0.24110387414884532
6708,URBAN,8.82377260801052,1.5627727696934601,0.3206160098927826
6709,URBAN,10.453174057032538,1.3446268193829019,0.245596245865922
6710,URBAN,4.791460163097016,1.0618650638690386,0.32445668156744095
6711,URBAN,6.523321023645153,0.637332664510111,0.39470737056492333
6712,URBAN,6.242908686939376,1.7219651197288472,0.7942848589199587
6713,URBAN,9.60444191069347,1.767603966421049,1.1051523308042608
6714,URBAN,9.514841103981928,0.40215208141636755,0.7535056795404157
6715,URBAN,5.928067850842401,0.8600862045563297,0.343746435525181
6716,URBAN,10.330610044971012,0.40430632710907755,0.11156305638855804
6717,URBAN,6.190749078307334,3.781964471745432,1.2749898696598896
6718,URBAN,8.653838035356731,0.8162963502921738,0.7708097286259374
6719,URBAN,0.8673232503360954,0.6111616856757008,0.6386614491521723
6720,URBAN,4.785469061455719,0.632505637120309,0.25660936397657297
6721,URBAN,5.687679155229993,0.5537171386552956,0.0597761592972933
6722,URBAN,10.902129121918431,0.7861786594960853,0.19797877920004445
6723,URBAN,14.839379041696342,0.19908628417830412,0.16310864048485263
6724,URBAN,5.233945255935445,0.644909613668233,0.3373477692793617
6725,URBAN,7.389788481221198,1.244413976443092,0.6319482223293518
6726,URBAN,3.3719744448683473,1.5008314464414412,0.93652058112049
6727,URBAN,4.487195783715183,0.6145728568251645,0.5456583425127963
6728,URBAN,4.7169634911151155,0.8063600295085233,0.664880038857757
6729,URBAN,5.206457583719131,1.0607115064277268,0.4143068438383365
6730,URBAN,11.68654071350585,1.4401572817744286,0.7285430285604326
6731,URBAN,15.24164959663099,0.7931913560214808,0.28321336440602146
6732,URBAN,2.004653891023905,0.945651323086157,0.10806333949423452
6733,URBAN,11.264330944634743,0.8259138355035792,0.17598743404293726
6734,URBAN,8.390287533590026,0.3835366685964323,0.22453897535952694
6735,URBAN,11.667172647270265,0.8053143590465257,0.24775791727097893
6736,URBAN,9.334078549980841,0.5819195814853311,0.3298135933183021
6737,URBAN,6.859705869182838,0.6509350918001203,0.27447442415400114
6738,URBAN,8.010157970516243,1.4073212030668822,0.625661364181128
6739,URBAN,4.782828045757505,0.6085044481442241,0.27532610209899705
6740,URBAN,6.172871880340836,1.3245984640156474,0.525427835231114
6741,URBAN,2.8754995724798555,1.0915164946493787,0.06427567833879975
6742,URBAN,4.175507972105984,1.1574522188192962,0.29229498657167186
6743,URBAN,8.22267256478893,1.1802074325741185,0.5381918127156528
6744,URBAN,9.211041906677337,2.239082219788557,1.0347460484008746
6745,URBAN,11.66306251325399,0.8252168814169886,0.5968166786500329
6746,URBAN,4.3307611660789025,0.9150911951697384,0.682556268055479
6747,URBAN,7.530965975143414,0.4284415297162849,0.37690621267022145
6748,URBAN,3.472501096528472,1.196421276127794,0.5809588551817719
6749,URBAN,4.820285072102384,1.063205136807935,0.67865101221649
6750,URBAN,9.4851465860982,0.5258687795967558,0.40411747196688047
6751,URBAN,4.323426229655809,0.7342024023100423,0.2083761131190402
6752,URBAN,15.50316412219856,0.38483172057956355,0.04843495988261606
6753,URBAN,7.094484881602658,0.12864877793925444,0.07463399375516568
6754,URBAN,4.932749649400729,1.0917461678989018,0.3763712036904526
6755,URBAN,5.7847567063526375,1.497646316927357,0.2946468570787949
6756,URBAN,7.198390385540492,0.8033938909856867,0.09257726601764682
6757,URBAN,8.469335757098797,1.7961225192707875,0.598453491504337
6758,URBAN,5.926273902848128,1.3173102115922808,0.09056764669154782
6759,URBAN,10.508870341360698,2.531429221185237,0.7221777095834416
6760,URBAN,3.169020944745015,0.5777656995026756,0.4151944100350147
6761,URBAN,1.4703396403968911,0.7899007907632374,0.5270915739270253
6762,URBAN,6.445057567474282,0.6998389647311696,0.5196566455061433
6763,URBAN,4.467872604947167,1.7925963231097095,0.8760541075365924
6764,URBAN,1.7051355157043044,0.5852086946001804,0.45997474115493314
6765,URBAN,6.289004406489686,0.20655188366121802,0.3473202154290072
6766,URBAN,14.46595482279646,0.4114829718907766,0.36286236156232315
6767,URBAN,6.5535126491756595,0.20745617469118374,0.21244165460198292
6768,URBAN,1.8032468575893863,0.3957620356548375,0.09351694072229749
6769,URBAN,2.6215910031139527,0.7358296650144267,0.2829228393451218
6770,URBAN,9.48931247627179,1.3399950558311615,0.3902552396020251
6771,URBAN,12.45812698271626,0.863346231591328,0.013816427946128286
6772,URBAN,4.734549452196273,0.9762845505883715,0.29220056476033396
6773,URBAN,5.343545359858399,0.9356069441569903,0.46976590392168344
6774,URBAN,6.924523832283741,0.5106280187314871,0.47111222286586135
6775,URBAN,7.945650729826736,0.6972109801619647,0.22571877760593126
6776,URBAN,1.136667338157996,1.384869014420341,0.38927032984279614
6777,URBAN,6.16043802996268,0.5471776794675547,0.44509410366771524
6778,URBAN,2.595430277771939,0.7390332057740052,0.46233836421210267
6779,URBAN,21.25341446465318,1.3382153343174412,0.08529563103751377
6780,URBAN,14.178447617057175,1.2261385941854883,0.4543905803137072
6781,URBAN,7.589692762051959,1.4524371533221214,0.7982734684751847
6782,URBAN,2.2456459417624286,0.9166676993879634,0.55155147636721
6783,URBAN,3.877366952719941,1.8142271737103528,0.17459990597791292
6784,URBAN,1.8982735609994124,0.9905659026423227,0.23021596820046303
6785,URBAN,2.5466703013628735,0.301649001052873,0.23756267895790556
6786,URBAN,3.9809757005462836,0.9262552739883614,0.30385668745477057
6787,URBAN,2.058660187785325,0.7850949758651506,0.04452295801367948
6788,URBAN,11.647249702354076,1.4273548763261794,0.4013509206634357
6789,URBAN,10.148441591564648,0.8066493849660398,0.4472497868957214
6790,URBAN,5.799779945613535,0.23896738754520466,0.3558854161577089
6791,URBAN,4.101390241210893,0.8192887515768006,0.19244459681629775
6792,URBAN,13.985124065247804,0.6057350190285247,0.32258765127803496
6793,URBAN,4.846799369508254,0.8606127219596299,0.5174953392497916
6794,URBAN,2.6689636227612965,0.8356095336322712,0.5713964272275996
6795,URBAN,7.372596853916103,2.208565942496816,0.34138871102031126
6796,URBAN,3.7983537705412695,1.1270322354213596,0.5803782346437675
6797,URBAN,5.573227398308186,0.6753584394539566,0.5401841425837289
6798,URBAN,8.743022895250258,1.8576520507852958,0.5699602917762163
6799,URBAN,5.969845989270217,0.2326250805160022,0.33785943453941986
6800,URBAN,3.274385980164794,1.1883670695021396,0.5820260931442294
6801,URBAN,6.773763820119883,1.1378373532271775,0.5196202834133032
6802,URBAN,5.43694194347295,2.1459871642401245,1.0242704017474098
6803,URBAN,9.185540991462338,0.5958193930604981,0.6252551704749504
6804,URBAN,3.5379954742528934,1.6676253801190692,0.30753637025394515
6805,URBAN,6.734710492886294,0.6290120655582241,0.03452071432554249
6806,URBAN,4.492899595368512,0.7000472516226289,0.2255265221876635
6807,URBAN,4.887656777820301,0.3205466427848316,0.20303861786375804
6808,URBAN,0.6366535055146109,0.9206675440049326,0.3637196591356178
6809,URBAN,3.155564174081605,2.1177242789756656,0.9482077816647033
6810,URBAN,11.294315954256835,2.6792996840010996,1.526452767032336
6811,URBAN,7.505152619617569,0.4245647139555558,1.2591260253633836
6812,URBAN,8.85359920454523,1.2462937968477397,0.6581765846918426
6813,URBAN,2.937643076927864,0.8105314171541965,0.6347381458660734
6814,URBAN,7.152767507748569,1.3586333609818826,0.14455083628079532
6815,URBAN,6.370613527497023,1.6021346033338424,0.3696028078738987
6816,URBAN,3.9413644956141574,0.6239139183610912,0.12050170548135201
6817,URBAN,6.241830455259585,0.7768463412027063,0.2783701739195072
6818,URBAN,12.88565514875171,0.7567723185746023,0.05917820329871464
6819,URBAN,1.9510431097556558,1.8522505857177123,0.5145282515301057
6820,URBAN,0.73414229578319,0.29830929718128135,0.2828145652118698
6821,URBAN,5.827992182182523,0.7105823225833003,0.37025825230932224
6822,URBAN,3.1819574617658337,1.2482390259867489,0.4152816796564401
6823,URBAN,2.6818955332481655,0.06547214333761356,0.31153259560257585
6824,URBAN,4.859248374918885,1.5948443008899398,0.28639525856969805
6825,URBAN,6.50894080807348,1.3459975003779738,0.2261098391203688
6826,URBAN,11.466096406986205,0.44834362688938195,0.033363512697143966
6827,URBAN,9.044477545241465,1.2589076797302,0.35833023743552617
6828,URBAN,1.7626319550555065,1.309620475369304,0.5287500822040928
6829,URBAN,3.7760101297145336,0.7825128943142967,0.6277090147016272
6830,URBAN,3.966137385181743,1.2993910448459496,0.6412688357694133
6831,URBAN,8.659382676054255,1.7806274903885249,0.9709746414324409
6832,URBAN,3.0518143806448292,2.0084826545276737,0.585237287508677
6833,URBAN,2.5902667633971093,1.249584801098229,0.05194628038357077
6834,URBAN,7.377016328369425,0.7249397315763961,0.22322070407310174
6835,URBAN,7.381148554871892,0.768442110094534,0.2918830620246718
6836,URBAN,12.135992461318919,0.5966452937451682,0.13971314871268523
6837,URBAN,6.67526006616936,2.1926746690943273,0.7562604645603279
6838,URBAN,3.070235376997575,0.3673820459054179,0.5975885370179194
6839,URBAN,7.5847023268762195,0.8252725757075888,0.3847444564690574
6840,URBAN,11.983307328917018,1.064827298209675,0.41498099774772507
6841,URBAN,8.543061230423737,1.5381624045194524,0.7312247637865645
6842,URBAN,6.409507630451685,0.6176191671648825,0.4947977124149343
6843,URBAN,4.544965189079304,1.3000554841607168,0.507822718532181
6844,URBAN,14.899282337978565,1.3662646768584448,0.42106997785147826
6845,URBAN,1.535959170527187,1.3568257845193725,0.1184159068103645
6846,URBAN,7.035545053211164,1.0289428158396656,0.37049012868215386
6847,URBAN,0.7952186779001487,1.062493844586874,0.22849567414760966
6848,URBAN,6.72961260687727,1.0232417258715198,0.43906598995624724
6849,URBAN,7.642155149933833,0.8620499500684081,0.46417854728813973
6850,URBAN,11.097538271199419,1.7969978729809155,0.6770915079006649
6851,URBAN,7.623985200715967,0.9149155400459176,0.7329007005105416
6852,URBAN,4.397604013653844,0.4843613716964311,0.6744190631051492
6853,URBAN,4.846244623859837,0.4935360128999386,0.6128443707136111
6854,URBAN,1.7075472916893635,0.8634843038096455,0.5869774795461257
6855,URBAN,10.9556997814872,0.4115119158894189,0.29230622217479046
6856,URBAN,5.3362447867786535,1.1398543383842716,0.27110702132786163
6857,URBAN,11.192557950376196,2.1088829390936383,0.45198687218366135
6858,URBAN,6.178557086257014,0.22106221650809213,0.3192525234983488
6859,URBAN,8.762037327938627,0.7950671278148681,0.44661239650283396
6860,URBAN,7.522301041881628,0.7739168947288457,0.14257389584653055
6861,URBAN,6.100437486096589,1.7501159476510406,0.6149702211222192
6862,URBAN,10.51870917636556,1.1202761706800823,0.7054257743390985
6863,URBAN,6.034449251435727,1.020112963807434,0.38052458385914045
6864,URBAN,6.3313966206717,1.0134060610286684,0.5332841485896217
6865,URBAN,4.435453033576627,1.0819570959566427,0.1687826794510309
6866,URBAN,2.176275585806527,0.0666076025921957,0.09254055068285842
6867,URBAN,1.8916742811390217,0.6824172647743244,0.22014011483621226
6868,URBAN,8.349406413118407,0.3480404195434686,0.049521081495367616
6869,URBAN,7.055073731074768,0.7648769483645245,0.2558882508716149
6870,URBAN,7.619993374760475,0.943354946602636,0.2252227887431945
6871,URBAN,6.949361015967215,1.5265081711996253,0.31223867625786816
6872,URBAN,3.447198198177212,0.35790425118152736,0.3069646030257468
6873,URBAN,10.228165082929372,0.9035648369171942,0.3392451736539306
6874,URBAN,3.9042910666373953,1.5587745863201128,0.6841013653256217
6875,URBAN,7.743992520141724,1.6801767853736573,1.0239592096818688
6876,URBAN,4.738700309795109,0.7449906043076503,0.7867586586169064
6877,URBAN,2.86281674442336,0.87038801598673,0.7517844032384675
6878,URBAN,2.848441759199537,0.5965320543807655,0.7050358212316168
6879,URBAN,7.014011855870737,0.4100924485322937,0.6303464194423057
6880,URBAN,8.424455583974858,0.1597105277511339,0.4739369600635638
6881,URBAN,1.899465450786186,1.6083460065652813,0.5608030933303126
6882,URBAN,5.288489514385081,0.3345828281007717,0.41254814008638097
6883,URBAN,3.0440528850129924,1.5712971975946994,0.534754333948381
6884,URBAN,8.575961823038556,1.1493226085812525,0.5354991851532128
6885,URBAN,9.029139549926633,0.5198998288644594,0.5097355682479748
6886,URBAN,5.349942976152933,1.7806561725885433,0.8582584981225563
6887,URBAN,7.688871258457919,0.8614396586238162,0.41626322920985204
6888,URBAN,19.01244872269066,1.5167559741398484,0.2749365411298766
6889,URBAN,5.448146042768054,1.2946785607007616,0.36088713831895625
6890,URBAN,5.112724732011689,0.9150053598930007,0.2082706499280573
6891,URBAN,2.347001908331901,1.112510075610751,0.18585945329825326
6892,URBAN,7.720960395881515,1.9447275702732898,0.43776053192685427
6893,URBAN,9.082023946776369,2.4642470763235145,0.5064653316731899
6894,URBAN,5.456135756204276,1.5165556698890446,0.5340673866455709
6895,URBAN,4.826024888340919,1.8074761281982445,0.5760637452258696
6896,URBAN,1.8649744110451176,0.9550383727109792,0.1785244682988232
6897,URBAN,8.749783753489028,1.5056429197281873,0.5843850120736691
6898,URBAN,12.232466929579783,1.388308731764171,0.8439727592679285
6899,URBAN,4.986194415715443,1.619231122642697,0.1961243196393052
6900,URBAN,7.624179058006139,0.3026267561537555,0.09442075974974831
6901,URBAN,3.5274529112166904,0.39467753323318805,0.14992776629799084
6902,URBAN,6.255418436359233,1.1638961809220592,0.38185270869264915
6903,URBAN,3.323604318105932,0.7538011403433897,0.27608150125182873
6904,URBAN,10.590651685996809,1.0105586600731125,0.18351846082949844
6905,URBAN,3.4734462488896645,0.7487287780594054,0.18793616066457564
6906,URBAN,13.058458470030946,1.0068877890546213,0.43603920970313703
6907,URBAN,7.238614209678455,1.7642565683226294,0.6761799796505747
6908,URBAN,6.522776021951508,0.9522015816650304,0.765547870706498
6909,URBAN,3.865077772503915,1.3617078479227371,0.28322111057090565
6910,URBAN,8.061534581066832,1.2772828694893226,0.21956079306108858
6911,URBAN,1.4203739518809255,1.0354851802740375,0.3590857829272922
6912,URBAN,6.103911834985997,1.6072881202388831,0.2238118718015672
6913,URBAN,4.279762313223389,0.8663211210810348,0.38973502412956507
6914,URBAN,6.684777091907896,0.12303401960952126,0.2712400306609217
6915,URBAN,5.646881526877059,0.537992009304029,0.23444319845061332
6916,URBAN,5.3847891974003,1.0399038754239711,0.13814795176306424
6917,URBAN,8.830100556226268,0.9382188209554201,0.2927007493453525
6918,URBAN,3.3393437847290115,1.1798579842052086,0.46888447337226025
6919,URBAN,5.739095353209542,0.68959969173645,0.5077246943067915
6920,URBAN,6.855705102415423,0.8318451165925967,0.6060265111979659
6921,URBAN,2.7871788506774156,0.49775384778275233,0.5441774260037655
6922,URBAN,3.1256343385132572,1.5241161743923342,0.8090435841548755
6923,URBAN,9.73003080313276,1.1040456870359363,0.7431344590561604
6924,URBAN,10.152489940099972,0.44846381114504547,0.6258286652339283
6925,URBAN,1.4412877089077658,1.4748500749240994,0.5863525674557561
6926,URBAN,3.2766817563621355,0.8636995532150276,0.6646667174593235
6927,URBAN,1.3914238383652913,0.364542953692441,0.3945416542385744
6928,URBAN,10.717626146390712,0.5978340107722786,0.31138458757189375
6929,URBAN,4.819271231410468,0.04394163851801324,0.22503558628675172
6930,URBAN,10.972082935526354,0.698613137089517,0.3578605126417138
6931,URBAN,5.230722002954523,1.8104170074761257,0.7574136989454202
6932,URBAN,13.886553437887802,1.6194249274516088,0.9867887326824816
6933,URBAN,4.920104873090077,1.5340438874749058,0.28263485872122174
6934,URBAN,2.3677110332594915,0.26470195816909786,0.2583748747493977
6935,URBAN,13.2164064554684,0.10091610480653994,0.20836110761090323
6936,URBAN,9.213596838191986,1.3271224949292715,0.40259216173413576
6937,URBAN,7.366764338123014,1.3557534106782982,0.6532483419922172
6938,URBAN,5.835961580540896,1.3129017909001766,0.8585747012318015
6939,URBAN,5.69719479556699,2.167848470447409,0.41275335083060755
6940,URBAN,7.480588375765915,2.5138430354659396,0.9185782313931375
6941,URBAN,3.298928611404388,2.0209452005042143,0.17109198904541578
6942,URBAN,12.090185188054257,0.49859044014355014,0.15812938606798924
6943,URBAN,4.997579259099396,2.365212195766604,0.7762726762230784
6944,URBAN,12.7893792305339,1.5464508895163298,0.5171456201278164
6945,URBAN,9.363402576439347,0.6989020362144953,0.3690495802266904
6946,URBAN,5.501555429710937,0.6868183718391261,0.09276636364054805
6947,URBAN,12.042094198398592,0.6227880062633839,0.12794044539368116
6948,URBAN,2.793131366463528,0.7871260305654249,0.16486126624554198
6949,URBAN,6.119707460563088,0.5271813678505108,0.06854533349113362
6950,URBAN,7.936855227273844,0.9219051776012287,0.31609035094820664
6951,URBAN,3.351222985632609,0.9965806630552126,0.28809683870643377
6952,URBAN,5.922006558802092,0.8133942082236224,0.2515424657574076
6953,URBAN,7.240802457984752,0.12490392300558849,0.20329192428736165
6954,URBAN,1.2587526045559836,1.509602849807991,0.29586773768855995
6955,URBAN,8.38780411848494,3.4675376292214644,1.236845099957219
6956,URBAN,6.175244399114016,0.4144175776527209,0.9760839747556143
6957,URBAN,4.87480489627806,1.1903077197557852,1.0545906175335693
6958,URBAN,6.225680446596212,1.658299310003248,1.2070860247241575
6959,URBAN,8.504840218168912,1.6534993427136992,0.8820088118613979
6960,URBAN,6.484577423693432,0.607525600101079,0.5623530606953725
6961,URBAN,9.113721637553047,0.6693889530617654,0.591313221485919
6962,URBAN,9.33238293026234,0.6986410696803345,0.4503507684534852
6963,URBAN,3.037081110861896,0.4675471697749024,0.38093607665933454
6964,URBAN,10.620890521228493,1.9688951984811505,0.33544280433077645
6965,URBAN,7.817326142451678,1.4688891684909744,0.20561725721461177
6966,URBAN,4.520506577288251,0.135481052444271,0.17400050555911617
6967,URBAN,3.8539176702700986,0.8271598218491367,0.1483539226820644
6968,URBAN,11.772081011419893,1.345402675321624,0.30099320679914576
6969,URBAN,6.121209330053976,0.8253840173167802,0.37613156618292526
6970,URBAN,7.784428235253846,0.08960077613904224,0.27520463452103966
6971,URBAN,4.8310552087123435,1.8004312550717263,0.6229484898773276
6972,URBAN,9.571897047863565,0.6600891923419587,0.5812497954277659
6973,URBAN,5.638059037337341,0.21055182130274322,0.37945312237867274
6974,URBAN,10.366111094893082,1.098647979324052,0.06432713387900835
6975,URBAN,4.8604749561953655,0.8397189772184204,0.2892105712442977
6976,URBAN,1.4589463243264476,1.0098483926908377,0.5165575560790019
6977,URBAN,2.780531881522439,1.1611394129448849,0.425151974180011
6978,URBAN,3.970272313678442,0.1088850942035776,0.33219996925416456
6979,URBAN,9.700107255149119,0.8438320314654744,0.497799862799379
6980,URBAN,7.162132112576229,2.1546087751883456,1.030396040027613
6981,URBAN,7.236619907845556,1.128001708393643,0.43198561478555386
6982,URBAN,7.714252381650281,1.5563537384786361,0.1948112050136637
6983,URBAN,8.648096197143817,0.4617287812456217,0.26254971531703014
6984,URBAN,1.3282384991248612,1.550242463797076,0.4146398330877021
6985,URBAN,8.575625065564488,0.8206005473262605,0.3122322469889094
6986,URBAN,4.160712024694177,0.9840355817645208,0.24997374352468377
6987,URBAN,7.128684022012019,0.4150832113196671,0.17364889759381383
6988,URBAN,4.538930901706672,0.5536873773632892,0.2894583545684882
6989,URBAN,4.390183708767845,0.822565748855664,0.05410237279589549
6990,URBAN,2.5418885312381283,1.7571650698797063,0.529812914451275
6991,URBAN,14.297348742109738,1.0088887793999881,0.6836493808705547
6992,URBAN,11.86767779113468,0.512450042639853,0.6045952980004137
6993,URBAN,2.3772349822671,1.943218221257737,0.22818367718208735
6994,URBAN,7.844871262865918,1.0035382627011458,0.2338109197831321
6995,URBAN,9.294111304245051,0.9676651973461126,0.20942027405868596
6996,URBAN,5.419199828748068,2.1438293479323054,0.5307569199341653
6997,URBAN,0.5528626242572864,0.1838533852958166,0.39457839215385343
6998,URBAN,7.470839075441261,1.498821144572101,0.19616782479340156
6999,URBAN,4.317914466058109,1.4871981653386175,0.5947995001960817
7000,URBAN,4.098554423336603,0.9156805578618836,0.7154377155222469
7001,URBAN,7.57048436447806,0.6597441668357656,0.7400889182808362
7002,URBAN,10.654171416634309,0.7703615438567536,0.7903661984449505
7003,URBAN,2.8988828798404946,2.1542012622918096,1.2448954746561156
7004,URBAN,3.6708873721457715,0.8616519977533539,1.1212431009908101
7005,URBAN,0.8373901323014133,0.8064360301589214,0.9361710695078923
7006,URBAN,7.230626819212073,0.9544619840623423,0.7549845725364955
7007,URBAN,3.0087158653507573,0.1660470826841662,0.5842765473347397
7008,URBAN,0.5740467310147894,0.8231864409082248,0.6225830564402425
7009,URBAN,7.797439492180291,1.8218584909517161,0.5507964994578868
7010,URBAN,6.747013892849887,1.6776230841312374,0.7650187775419771
7011,URBAN,2.2296576204334104,1.2726616511268092,0.888507459401995
7012,URBAN,12.229993123320254,0.3807140899494202,0.5135295850219816
7013,URBAN,7.564596343958429,0.14889012489919318,0.3853448391512515
7014,URBAN,15.952945073058242,1.0397982939644763,0.24781399480152771
7015,URBAN,8.455343022123891,0.5895135303554538,0.13291288104786744
7016,URBAN,6.684018916389342,0.6510698123220235,0.31579302886720817
7017,URBAN,2.5376390064160024,1.1152883991820088,0.5384374574124842
7018,URBAN,8.969823328039617,0.5527380230099469,0.23573396892143586
7019,URBAN,3.565253437357953,1.375695210204376,0.3529332554793682
7020,URBAN,4.096119909699505,1.1826517413563922,0.4698814709668684
7021,URBAN,5.04282254355847,0.4949084196892662,0.25951830002707255
7022,URBAN,12.53989281141767,1.2664204151412906,0.4243573349998842
7023,URBAN,1.9499244930981394,2.1593581947641005,0.5803173778084753
7024,URBAN,7.602049342293538,1.4462045619317856,0.9044494456403657
7025,URBAN,2.978480966550192,0.19668241508393217,0.7065409402355485
7026,URBAN,5.756699728682237,1.8404476012014548,0.5228210189865534
7027,URBAN,6.138280681135425,0.9431566961692306,0.09644887998548847
7028,URBAN,7.548451970063078,0.5729140223252338,0.2243649839334198
7029,URBAN,2.0569331695051383,1.2324678519631067,0.49844352069210035
7030,URBAN,4.844203764696277,1.3427993677732482,0.5919435785503099
7031,URBAN,10.994441539035773,1.9625041876492697,0.9636047267963701
7032,URBAN,6.01187773569612,0.0854533940311034,0.6688571485391238
7033,URBAN,3.53416556629081,0.3341601823054966,0.43738926303846937
7034,URBAN,3.9253784591726513,1.0216763129390396,0.6041251556718921
7035,URBAN,2.6467750864266493,1.4424037160760852,0.834164610261674
7036,URBAN,15.42559248461758,0.6874596793064585,0.5961955718805368
7037,URBAN,6.001721062502165,0.4836132977137004,0.3907155654960398
7038,URBAN,5.232142364155724,1.022561805128154,0.23728401772701455
7039,URBAN,9.218454222362643,1.3600138485823559,0.4354487088023669
7040,URBAN,4.860166938576808,2.52413396673233,0.6445396587849865
7041,URBAN,5.7694094064144785,0.7598196253400936,0.32465819720039
7042,URBAN,12.380410852603767,1.268464383035282,0.27223088638640663
7043,URBAN,6.753227493407008,1.1465993861269366,0.1689270667449997
7044,URBAN,8.923186291034636,1.075063868594726,0.21175181412070262
7045,URBAN,3.848542556457475,1.2353808048703523,0.4229027465149965
7046,URBAN,5.161045592154946,1.1760517638245216,0.5062393416780087
7047,URBAN,11.502734098378305,0.8806687761540783,0.23032559121886698
7048,URBAN,1.0621564291561054,1.8963829509306462,0.44575648431150455
7049,URBAN,7.39663530773989,0.25971998392100915,0.38939298974855086
7050,URBAN,2.234807755428352,1.56921555884068,0.7486333892383998
7051,URBAN,12.336335309093299,1.262835423647364,0.9123896232690425
7052,URBAN,5.550086292153039,1.1096222149300028,0.8035989951211894
7053,URBAN,10.508208879856547,0.6947653967253302,0.6557451357366316
7054,URBAN,5.663059240847962,0.8425443815201635,0.5601978509351567
7055,URBAN,15.072959171238711,0.516989641947008,0.5667722434514422
7056,URBAN,9.967500948505092,1.2873942386369874,0.6909134638390307
7057,URBAN,6.192558062838475,0.7502709112405885,0.6710260577644993
7058,URBAN,6.100936378039516,0.7243839728735486,0.2660958211790188
7059,URBAN,2.7934196789570263,1.1717412198749169,0.2369850164974272
7060,URBAN,6.1025352956483845,0.529246723782113,0.2834867875260654
7061,URBAN,9.683308127601668,0.2599251074451659,0.1413755976490574
7062,URBAN,13.555577880531562,1.460487836303239,0.4759595082569798
7063,URBAN,1.551354328836374,0.8273573796192553,0.532678890278132
7064,URBAN,6.753223969066716,0.9109458379473775,0.6679245265512109
7065,URBAN,3.992926684666812,0.609885775330571,0.6627250377933311
7066,URBAN,7.083209375311556,1.0842928491644732,0.8045018152779403
7067,URBAN,5.64219810866517,1.4706805160428287,0.6298030341597727
7068,URBAN,2.9755204653257965,2.190108276907284,0.6611735008930435
7069,URBAN,15.047689958688563,0.42064153712204616,0.3603928735706079
7070,URBAN,4.285355414744175,0.7539236470817227,0.22778046500830187
7071,URBAN,7.762711096583871,1.4478744352046733,0.5585727188155248
7072,URBAN,8.846491147310951,1.58515053235671,0.7030101928953367
7073,URBAN,5.041779052608576,0.4901290611818063,0.5164690301248147
7074,URBAN,3.4110164944474533,1.3267725323619441,0.6038638054184824
7075,URBAN,13.05823995116984,0.40893478709469827,0.5380893273869157
7076,URBAN,3.608176020753893,0.30985091092007183,0.32325116442380286
7077,URBAN,4.835928845959802,1.2765652425090295,0.2550076264896718
7078,URBAN,4.521878032171622,1.1431528062944902,0.46890188018661905
7079,URBAN,6.055092360625469,0.8657879163614203,0.5072963192829305
7080,URBAN,6.534487728953372,0.23137314505397075,0.29878835793775704
7081,URBAN,1.9514459938074866,1.0240942916791276,0.11844273087583708
7082,URBAN,14.93158402371302,0.5129510713531015,0.25515232441665797
7083,URBAN,1.8079794353183216,1.1621579767452153,0.5062278225189824
7084,URBAN,5.717239692713637,0.6191468090382041,0.5217767528841045
7085,URBAN,4.668668608587651,0.8079597608524758,0.3020212285342159
7086,URBAN,14.32472777118336,0.5109023289548412,0.36448011452920076
7087,URBAN,3.5941583782535993,1.6783083481465648,0.4253697666707611
7088,URBAN,4.2034019038269115,0.19029051953404652,0.36027829737417666
7089,URBAN,3.4991228924302047,1.0495553881936543,0.06683600805534486
7090,URBAN,4.436254812014844,1.54723542572133,0.5369819119650424
7091,URBAN,8.799831879188027,1.9925040457035343,1.0140941765249187
7092,URBAN,3.6408057962161218,0.9554487697857671,1.0426201260429326
7093,URBAN,7.750606126264989,0.672727119767699,0.9579378934780162
7094,URBAN,8.955507930740263,0.3589724625904318,0.578779876899094
7095,URBAN,10.585901327493135,1.486381720623868,0.7202754787782304
7096,URBAN,10.515523183988885,0.5020213664139132,0.37294592773362667
7097,URBAN,5.675222859132892,0.8449331618324817,0.36462347889892327
7098,URBAN,10.124858996765726,0.6626932725655313,0.3576537330150922
7099,URBAN,3.5367883266106532,2.08812663689336,0.4156177656736008
7100,URBAN,10.828675991899827,0.8237560006343855,0.21825342797257913
7101,URBAN,0.5832779993829155,1.2964754691755909,0.23474987642366085
7102,URBAN,8.214093371424497,0.19816375763210234,0.16659458971191507
7103,URBAN,6.450823988540228,1.362213646615978,0.3081934349622819
7104,URBAN,11.212126842427327,1.3674459453393826,0.22829927188137883
7105,URBAN,6.827900636460193,0.7277279166212657,0.1536521800940645
7106,URBAN,4.046664840123982,2.2508679746140747,0.6042718939656746
7107,URBAN,13.21880409797774,1.1672657509243665,0.08608884971227292
7108,URBAN,5.633983366770359,1.06894112875425,0.26991669808929425
7109,URBAN,6.032282664470551,0.8240159461494865,0.3064250310582052
7110,URBAN,3.69025488183845,0.25629827363797786,0.2867915989011932
7111,URBAN,4.942594229736697,1.408943188511732,0.4045968783254267
7112,URBAN,9.418506799589231,1.795382068030995,0.6950183346564721
7113,URBAN,6.0267686917446746,0.7997999629101461,0.26437517888453815
7114,URBAN,6.128380879623657,0.6108785266258804,0.2651413108038475
7115,URBAN,1.73505558570508,0.693182020430677,0.3830323523873235
7116,URBAN,10.448026495679759,1.2040007527021985,0.47483702778343806
7117,URBAN,10.953063987413614,0.9024553516789684,0.5967106304365204
7118,URBAN,1.4039069840289693,1.5803208837565401,0.4573031016653966
7119,URBAN,5.407011102935409,0.7939856256099722,0.13230049598378607
7120,URBAN,9.097089522320454,0.5002794912689705,0.24100670144463485
7121,URBAN,3.856095124852991,1.0232639412332611,0.4336329368342915
7122,URBAN,4.809799516272859,0.42242125313640405,0.4138319527945696
7123,URBAN,1.5295801573215424,0.5554013179926501,0.42976713069012096
7124,URBAN,12.164547346326202,1.523162258079904,0.4874418788197178
7125,URBAN,3.131154327836062,1.2411134882502322,0.7141416740333792
7126,URBAN,7.026116355451485,0.003596480484900158,0.5106458362766381
7127,URBAN,3.312583768369672,1.1762337177013267,0.24390083467442844
7128,URBAN,2.3059195709442384,1.1877845841448293,0.37313600404889086
7129,URBAN,9.346156260029943,1.3088572813536088,0.6060270292904181
7130,URBAN,9.552051227484478,0.6224645200733452,0.26552800422666945
7131,URBAN,6.823201259483863,0.3953163259683399,0.10885206901561777
7132,URBAN,1.0733838122818935,0.7844373412826562,0.2592405749275068
7133,URBAN,2.941210168168336,0.08808659205437086,0.22303022106174544
7134,URBAN,6.624793245995778,1.7999802432240781,0.7366787252444723
7135,URBAN,8.713437542008135,0.7080863880740511,0.7644374172610019
7136,URBAN,3.104822164361666,0.5739578764896034,0.682158781944004
7137,URBAN,3.9829250195963803,0.6494048602609117,0.503068678374304
7138,URBAN,3.3148448677377296,0.6423738074919364,0.5635089619548169
7139,URBAN,2.4789739343329265,1.3484733522013819,0.04677681487221978
7140,URBAN,14.126587772144868,2.038347373581361,0.6133773016599485
7141,URBAN,3.2592098399591074,0.47605733443715903,0.30481720769319987
7142,URBAN,2.9474537866478543,1.8067760684442469,0.7325370997101432
7143,URBAN,7.354175004246627,0.18449259519200728,0.4999309541112333
7144,URBAN,6.050231544846197,2.256830326418748,1.0234131184455473
7145,URBAN,4.076480963940958,0.5878874418134385,0.7265548907552755
7146,URBAN,3.100242459203317,0.9995033603112644,0.7729578366406706
7147,URBAN,3.5557778224402723,1.4509167151216702,0.2791228803404786
7148,URBAN,6.75548343431405,1.0196038980950664,0.39376571730494453
7149,URBAN,7.7549025886800855,0.4274573773461905,0.38664552978503736
7150,URBAN,7.980300820917315,0.5846175793863323,0.2196567273178267
7151,URBAN,2.9145045650923747,0.5975083036080064,0.2746762910651533
7152,URBAN,8.445778819187984,0.6869156383597361,0.08573607792489717
7153,URBAN,2.5793855172368727,0.9004362483040106,0.2452224381171109
7154,URBAN,11.215788394527847,0.5127206620012348,0.3290238064147589
7155,URBAN,7.22623694703685,0.9583609720402159,0.18939379584640498
7156,URBAN,2.744204534261089,1.1382822970782298,0.3798184339954792
7157,URBAN,2.3270906957823327,2.3793858868306033,0.4376197803463151
7158,URBAN,10.131792221719738,0.7801627893268626,0.09269129748638466
7159,URBAN,1.4064129012681963,1.1214441184674886,0.3892658178328232
7160,URBAN,3.2475032492355367,1.1515033424620873,0.25751481033092594
7161,URBAN,3.118109935491064,1.689363672485904,0.6235998807728583
7162,URBAN,6.4088778455079565,1.9175841044029835,0.6234360243444637
7163,URBAN,10.779786270706177,0.5625239324923317,0.5701776372417727
7164,URBAN,8.548132066707426,0.543165382862091,0.25424584962467334
7165,URBAN,1.1063591943476383,1.2543575781792233,0.4626841301291064
7166,URBAN,2.7119870281282386,1.6477230152035565,0.7670619453862118
7167,URBAN,6.498378943950272,1.2419378281075049,0.5332540995407985
7168,URBAN,9.871941171456657,1.0542004856738054,0.6732016292573596
7169,URBAN,2.123611218660982,0.5829090221373686,0.3285538730560765
7170,URBAN,3.471321369888926,1.5747713725770152,0.2569165424570821
7171,URBAN,4.394528861590398,1.8394322038186315,0.5203762205846172
7172,URBAN,3.331971529393938,1.9271781742021332,0.9508757656903447
7173,URBAN,2.206025790448934,0.7661524999607799,0.49250479861655133
7174,URBAN,1.4327738292526035,0.20855039341244141,0.3032320446070061
7175,URBAN,8.780809585112781,1.0780274770037628,0.2697638917055149
7176,URBAN,5.283822433093741,0.2929306409965336,0.2950300014482243
7177,URBAN,15.363125180517484,1.3521909751228702,0.6445572943360119
7178,URBAN,5.150511944848426,2.4218761057886904,1.2251991811064546
7179,URBAN,9.411970636017976,0.5905687273644934,1.075652975677036
7180,URBAN,3.7025148960758374,1.5316253186359858,1.1699543396094332
7181,URBAN,1.1999547548158453,1.9214243552217296,1.3864064885065115
7182,URBAN,5.928801539012955,1.9858491533147078,1.6105976387908116
7183,URBAN,1.472945369127112,0.30985154464527587,1.2640044869023819
7184,URBAN,6.5771069871095795,0.5119745296579922,1.0044714442213172
7185,URBAN,4.928200099795152,2.337535581759067,0.18288878397755817
7186,URBAN,2.854211051650815,0.13845176178586727,0.13946989495007625
7187,URBAN,4.694450838685328,0.5429031955344662,0.23995978116906977
7188,URBAN,3.26827905619891,1.1873091679080916,0.22711878394051252
7189,URBAN,3.7111996856402643,1.216395881086637,0.3544234049266021
7190,URBAN,8.095401411835432,0.9356296897555589,0.06575601396580917
7191,URBAN,8.207151340161666,1.5180432807953215,0.443180512030972
7192,URBAN,7.761062278146807,0.7084816020428032,0.13830637322929118
7193,URBAN,5.744675663422944,2.265311232561766,0.6010804659887398
7194,URBAN,5.227384084735999,1.7654389817437344,0.24975979337393409
7195,URBAN,20.533090963983494,1.923271302488856,0.6238971727336274
7196,URBAN,3.6398867429697015,0.6822251608054647,0.5604361261195656
7197,URBAN,7.087803627129478,1.6453549775915242,0.4231411514362363
7198,URBAN,9.097795853772627,0.6797457207586278,0.5405023181208067
7199,URBAN,10.417879195226924,1.0863412740708296,0.504826710814406
7200,URBAN,9.48330699705878,0.9140406744550847,0.5756567508720702
7201,URBAN,7.768281006588489,0.6646919420390619,0.26900027426290535
7202,URBAN,1.860678366299302,1.7068578955357427,0.36833766210071767
7203,URBAN,8.605658631393975,0.9232673951722902,0.3169371152490616
7204,URBAN,6.951144588071966,0.19676804314019872,0.17868622761569825
7205,URBAN,6.316474380900887,0.28103503080869235,0.0451398473778199
7206,URBAN,2.145895683078166,2.0121279282952864,0.6580041903147704
7207,URBAN,4.280051446174692,0.7499710019516023,0.7126825509440301
7208,URBAN,6.115495459548015,0.2724321028932214,0.4438446756272927
7209,URBAN,6.610410825738471,0.787948316213253,0.5650248308228201
7210,URBAN,6.3833191254163815,1.1116292279961144,0.6894931501363807
7211,URBAN,14.074625785476176,0.5796901213602978,0.6762586972195346
7212,URBAN,6.71634133272351,1.1344595009864533,0.8134931204637863
7213,URBAN,4.428759836552902,0.1778542464596627,0.6302054443737797
7214,URBAN,5.880378420527812,1.2030836440578174,0.5743071786299382
7215,URBAN,0.7524644194048775,0.6610913218642337,0.4983248478369781
7216,URBAN,5.900011372831841,0.24344138677847665,0.33281137208350575
7217,URBAN,5.3990408916563695,2.8335603996895578,0.6823980233252862
7218,URBAN,4.245489658777747,0.9649282337287011,0.6994406803353914
7219,URBAN,3.6347364869936,0.6467091859848543,0.5643092359384176
7220,URBAN,15.647203116810676,1.2637721491559102,0.2597902920912261
7221,URBAN,11.622589106417182,1.6475132310048266,0.3038344217172363
7222,URBAN,9.295339732852845,1.1824763955757973,0.4168284532713987
7223,URBAN,4.591762081134636,1.33726051556815,0.21177545193708552
7224,URBAN,6.101873347472909,0.5570203617970444,0.24900446522914457
7225,URBAN,6.3797406049910785,1.219901042516678,0.2838078012713605
7226,URBAN,2.3448657953551875,0.6380447045461578,0.354827751141758
7227,URBAN,4.486850124511426,1.6474197790462972,0.7322503716137423
7228,URBAN,3.5461626553991334,1.0433511860453437,0.31678714627581617
7229,URBAN,8.341237625892415,2.123444510581598,0.45001429972176143
7230,URBAN,9.575549074821254,0.22265547558954363,0.26352430159079604
7231,URBAN,2.4438093368109306,1.6548412239871637,0.48527545660608234
7232,URBAN,12.895935452349999,0.527136860882114,0.3644879328172891
7233,URBAN,2.1284529877230427,0.9979479602554654,0.18264278540629067
7234,URBAN,1.0916523738524309,0.47627400866374553,0.05494003358667366
7235,URBAN,8.637887045824328,0.5395158802742082,0.11926790121523342
7236,URBAN,4.025875813394506,0.4100062175027476,0.18513403882103108
7237,URBAN,7.314733160083399,0.29743871353678936,0.22622342243929744
7238,URBAN,10.631770505858846,0.8096839179296181,0.09305023932760914
7239,URBAN,4.615783041337208,0.754434745402457,0.1978707851748813
7240,URBAN,2.3617659362276138,1.8554692635447316,0.4799305357888304
7241,URBAN,7.286013406350991,2.0406374128518943,0.8307242342719181
7242,URBAN,15.060211099524523,1.3450651800615152,0.5091888166896391
7243,URBAN,8.478030735189257,0.3725697441960949,0.4418408207285424
7244,URBAN,10.550633631732566,1.700258728479052,0.8221620245002471
7245,URBAN,4.921609661798168,0.5732547341547061,0.6584364792197827
7246,URBAN,10.21787415701178,0.977376039574054,0.5478586657475114
7247,URBAN,6.335849802738364,0.17704134634865076,0.40619060984596955
7248,URBAN,2.2594053736179527,2.2325351694395503,0.7224498167681529
7249,URBAN,1.3617728441697665,1.1805336044038264,0.25311765067291925
7250,URBAN,11.789499957042151,0.6673465465784894,0.33613844681940497
7251,URBAN,1.261538013518023,1.421828305743583,0.2831947198138362
7252,URBAN,7.527752521675466,0.16372835184162055,0.16661929048395005
7253,URBAN,7.973119779924332,0.8508640330316815,0.3221993435955147
7254,URBAN,10.380940703868388,4.223352521575146,0.8389494955661068
7255,URBAN,5.510563064988441,0.2141427053741953,0.6855366964968801
7256,URBAN,9.428667070136807,0.7944316449847916,0.3255958523234877
7257,URBAN,4.256249029939559,0.41857192364778567,0.342858946671948
7258,URBAN,8.386610552651169,0.3090588611291845,0.33459100054238805
7259,URBAN,6.3993748522254625,0.4346015331954695,0.15469654472028024
7260,URBAN,7.523756204492912,0.6735911314747103,0.19584934336940857
7261,URBAN,10.711214153826296,0.6077233807408758,0.02022486896939486
7262,URBAN,3.9896988837569523,1.040957343640246,0.2915460572109484
7263,URBAN,0.6410325494178781,0.4011582148262489,0.18212811577863527
7264,URBAN,10.419372836289254,1.313902567758044,0.5083909722746286
7265,URBAN,0.8715935795108503,0.6423429636574606,0.26130091743362766
7266,URBAN,1.9342005244038574,1.056364571781534,0.3254710286263188
7267,URBAN,1.3203061592548055,1.0751587467652999,0.36940315517604105
7268,URBAN,4.268150936586586,0.47046345311276083,0.3972242451484075
7269,URBAN,1.7001416502254094,0.6993159302492549,0.4423166147540218
7270,URBAN,4.940050518370685,1.0479094146399197,0.295414482110952
7271,URBAN,3.255620001436299,1.5599901684999966,0.1788433834304026
7272,URBAN,6.788357077191398,1.3545551900758133,0.21648216551594832
7273,URBAN,4.1372389358422526,0.9425014061211905,0.2390990431983187
7274,URBAN,7.828697631321242,0.6824395211056121,0.0197482290496979
7275,URBAN,3.3682008971566906,1.9790301886503796,0.4769557133217892
7276,URBAN,9.392377354858064,1.1350218738719524,0.31058338603324054
7277,URBAN,3.269898545963744,1.3478727118155385,0.2699520016227536
7278,URBAN,9.950481284494119,1.9293308440333865,0.48749357250517905
7279,URBAN,5.772626557913802,0.9394984032247029,0.5591883541463515
7280,URBAN,8.92400403525019,0.7708672684707227,0.3083505067827405
7281,URBAN,8.294318447535048,1.2956818553594749,0.12032535490382437
7282,URBAN,1.081307462217951,0.6085798253889367,0.22737739650352132
7283,URBAN,6.697955533485869,1.2147809430904586,0.4190035810608274
7284,URBAN,6.781985539606846,0.6723042388548978,0.19806730195520342
7285,URBAN,5.2507808506921485,0.9877171433818599,0.1766726465051537
7286,URBAN,9.334731025076616,1.2115516780871698,0.30186844152600517
7287,URBAN,7.146577741625109,0.6251026433317828,0.0843870314779816
7288,URBAN,4.46340902054633,1.3932425216391406,0.34343238033037454
7289,URBAN,3.5848632122193007,1.293788390856964,0.6173700835816577
7290,URBAN,8.033550499842539,1.1455453539572726,0.35352168203885564
7291,URBAN,8.099438800718783,0.6092587530728523,0.40235992685388566
7292,URBAN,5.808150032845599,0.3406488355562899,0.21305363628901747
7293,URBAN,3.8882551291910272,0.8601881073198916,0.3098563904155138
7294,URBAN,11.89804368584579,0.6275165048177017,0.28804193647860543
7295,URBAN,6.442130456385911,1.057306827093851,0.13446034586710595
7296,URBAN,9.976697868973716,1.227363301742171,0.3318259967746154
7297,URBAN,5.909848083955548,0.38997978220957324,0.1274051204501371
7298,URBAN,7.551647448018066,1.2984419033567283,0.3845331815200629
7299,URBAN,9.050006519203553,0.9704098858291526,0.546596551388103
7300,URBAN,2.6497201260807124,0.5125589042277692,0.5430870603092186
7301,URBAN,7.062386092100931,1.6749438101243785,0.3825513288045714
7302,URBAN,8.492211516580333,1.7109912794984448,0.5758131236725026
7303,URBAN,7.055300086720816,1.2538868334530282,0.7337167793518978
7304,URBAN,7.314083971141663,0.3303662377413522,0.5721111921730481
7305,URBAN,2.4858008441728137,0.65443704925126,0.5863913445320207
7306,URBAN,12.458482712320656,1.8960997158012085,0.32387862864163103
7307,URBAN,5.348009162646463,2.7111593234908735,0.6303731144926653
7308,URBAN,4.687644169199523,0.3863442006696519,0.35553905127172813
7309,URBAN,2.3426520714190775,1.0769800212383012,0.6064690186901714
7310,URBAN,11.599076006143697,0.8206860584909368,0.4542660935023251
7311,URBAN,10.547479048565819,0.025909655273075143,0.3278994062977661
7312,URBAN,3.1352011602977763,0.988878313065795,0.498114880383765
7313,URBAN,4.5434790430241785,1.3470871072024764,0.44646626127040007
7314,URBAN,3.2179443649254096,0.7563145877711792,0.1758023807877897
7315,URBAN,5.80285305217087,0.6905529623510954,0.08182497705495288
7316,URBAN,6.747345792384494,1.1551602678394841,0.3640688257816302
7317,URBAN,8.65500011648364,0.6219946829552758,0.08888880967804011
7318,URBAN,1.8832988999205527,0.4929058780899015,0.13201004446412182
7319,URBAN,2.8231918884806686,1.205720806852308,0.41198044747059864
7320,URBAN,13.623869289628676,0.8956743226578946,0.05073716570689383
7321,URBAN,1.8688304848072192,1.6800954718152445,0.5703954644248189
7322,URBAN,4.12425132740652,0.7814765196517387,0.6769183169769306
7323,URBAN,6.5331145742065,1.1333877424842713,0.8624255730437945
7324,URBAN,5.227162002165588,0.6141911303047318,0.5414544196188387
7325,URBAN,2.523279543982986,0.951400212388836,0.693547959648294
7326,URBAN,6.986606019486078,0.5450506958939698,0.6511998116067564
7327,URBAN,5.024456210101372,1.774925920482364,0.12402843042037623
7328,URBAN,0.4368230354851219,0.607508559437023,0.09161714566742957
7329,URBAN,11.641415797507515,0.6133611648352465,0.2277041219231744
7330,URBAN,9.854923397841057,1.4271566793187591,0.4304921504767624
7331,URBAN,1.2886236954602512,0.5945443119036452,0.17528660734198312
7332,URBAN,3.4235049943510667,0.8739519414263431,0.24178526737891554
7333,URBAN,1.427419997316998,0.782334839029535,0.4106513487566876
7334,URBAN,11.562043423867987,1.3226763362673872,0.6226590506309027
7335,URBAN,7.349584729435663,1.8335483732332014,0.9805042713868685
7336,URBAN,1.5370783206928156,0.8566119061263995,0.5848830737743232
7337,URBAN,4.52312368025021,1.1325313004983746,0.7388462733223005
7338,URBAN,11.190867665831764,1.1932952901499474,0.7624416687206005
7339,URBAN,7.078163568529291,0.9313723163126343,0.26526198749267965
7340,URBAN,13.445397275393491,1.3406061703552854,0.578737001452683
7341,URBAN,10.78705421324458,0.5984943414125321,0.23340506407407055
7342,URBAN,6.674009758627221,2.1447927100372364,0.5211210925611455
7343,URBAN,7.603792892941811,1.7771835531121356,0.5178283762969126
7344,URBAN,7.636681285124478,1.5056650442361676,0.08684095274583968
7345,URBAN,6.42217425081835,1.7559804936433239,0.5698091249298343
7346,URBAN,3.9085184461667684,0.6322013358461487,0.5722626509213806
7347,URBAN,7.7706894156197075,0.4549425384341887,0.28382878424596336
7348,URBAN,8.335499008202673,0.45688040043598105,0.2984142939373427
7349,URBAN,12.546883757070423,0.37578494977755056,0.2878413417834378
7350,URBAN,5.611652212168451,1.4395438249532502,0.43211979370183745
7351,URBAN,10.53969003696312,0.9725154712606014,0.09728557941783056
7352,URBAN,2.9711540816810347,1.2455460423644797,0.41911316417854
7353,URBAN,5.341764992948446,0.6374768812565008,0.11490899524057804
7354,URBAN,12.84652630432124,1.8487432528401495,0.634643421274108
7355,URBAN,8.478427030947305,0.9576880174387008,0.5698809893793888
7356,URBAN,11.921283238460768,0.8999789677926224,0.6181022000975583
7357,URBAN,7.656192027190731,0.5753235811309514,0.3127559163121583
7358,URBAN,6.371814533491942,1.1010779975933562,0.46797864510576664
7359,URBAN,5.825933769135652,1.2272526574133589,0.5346273252723499
7360,URBAN,3.0928609646361833,0.263779987993428,0.43561039204833557
7361,URBAN,5.357875911724973,1.3447769489048087,0.6027690701304755
7362,URBAN,8.690150845299296,1.8864149227706193,0.9095018431268529
7363,URBAN,7.033983382134309,0.8421766126014348,0.5062235593247902
7364,URBAN,12.724077111462876,1.4070798845766113,0.48399493550780737
7365,URBAN,4.0930991071277525,1.6878611987024243,0.8739721034941709
7366,URBAN,7.173718734581058,1.279973419004389,1.0354447150862522
7367,URBAN,9.985952517789926,1.5869059611675291,1.1986422449961194
7368,URBAN,8.26318270799734,0.5912182830144826,0.857512309771211
7369,URBAN,9.448757047166596,0.7987658780995065,0.8540677994909087
7370,URBAN,2.0202318707680127,1.4026156987294134,1.007271258325489
7371,URBAN,15.210002570862692,1.5405007429448527,1.0528998572619817
7372,URBAN,12.933739269882082,1.3880405432899356,1.118147262680101
7373,URBAN,5.382949808160814,0.7889236413991016,0.9913219994465731
7374,URBAN,5.969849196412284,1.4104756055175622,1.0950020496277968
7375,URBAN,4.160313669218021,0.21348009324508224,0.8018942821083999
7376,URBAN,3.2566748020265734,0.7047700214336993,0.7729672892909486
7377,URBAN,2.458811044456633,1.5387770894526536,0.8965276863091474
7378,URBAN,6.564160341366826,1.2448795149675218,0.23928767676083054
7379,URBAN,11.331442736744942,0.9592126190317333,0.3152409021814215
7380,URBAN,3.2994574174953595,1.0142443427335714,0.494514730865346
7381,URBAN,6.02430530264719,0.9789023426705765,0.3188066575160897
7382,URBAN,3.6205521058445136,1.954017139881272,0.7711734000584974
7383,URBAN,4.338568885110516,0.29280624432040064,0.6620557646826407
7384,URBAN,9.303954193872082,0.8878387336859574,0.6972277767191428
7385,URBAN,4.873694746047731,1.745814387342265,1.0732120632239184
7386,URBAN,10.688931494832925,1.2235097337125702,0.7016625077627759
7387,URBAN,3.5263124698233446,0.4607818890376171,0.5741527759508553
7388,URBAN,11.062229201285536,1.268582349233319,0.23303317205029644
7389,URBAN,8.282833303847282,0.5375657890919858,0.3201436587500225
7390,URBAN,6.652365425939077,2.0071601153644485,0.4532462725447243
7391,URBAN,2.855819016792934,1.3625830859077082,0.19815597951548805
7392,URBAN,7.236635049756724,0.1158133518535615,0.16981301585524056
7393,URBAN,9.703042974381153,1.0337698002702715,0.401129779061824
7394,URBAN,8.057539544619575,0.8423909508997998,0.5075335875766273
7395,URBAN,5.7623201172213045,1.2665746959993396,0.654651505063198
7396,URBAN,4.340616896862843,1.1188443664875376,0.41612587943478363
7397,URBAN,2.504476759941217,0.668366855943298,0.30184797242440575
7398,URBAN,8.142842421812071,1.215831495463507,0.5248869332068288
7399,URBAN,9.483396354588717,1.5821718712348507,0.26373798009806343
7400,URBAN,6.041900773228381,0.6868637526253609,0.4133674919570429
7401,URBAN,2.255413172243837,0.383953157533912,0.4209032945457339
7402,URBAN,7.757770804759564,0.5707877564838937,0.21582711656126802
7403,URBAN,13.656095423272609,0.4990371370971039,0.2595248844787394
7404,URBAN,5.872621808052498,1.1860510728999945,0.1786770880057116
7405,URBAN,5.833128425253995,1.0410653513012298,0.4254959273165191
7406,URBAN,2.94951225755992,0.5802468257053619,0.24127529636156722
7407,URBAN,10.35172726485846,1.513910105626559,0.6249259427389058
7408,URBAN,7.3268738729751375,1.5330746494008136,0.8784615151660979
7409,URBAN,1.1937415149938115,1.1613714016757983,1.0097344371338866
7410,URBAN,4.90072423531378,1.1716775702581717,0.8868088989460662
7411,URBAN,0.7136631888610163,1.531153406580991,0.23334497223797512
7412,URBAN,7.332230510296143,1.7741945665544174,0.4584352884954262
7413,URBAN,11.829342854792186,0.5523810032857003,0.2144110356624112
7414,URBAN,8.853255784021192,1.2205433171936881,0.2077875405465078
7415,URBAN,2.6209054964320706,0.778240695285942,0.3605439969796035
7416,URBAN,0.8975708353454547,2.09173745751132,0.5405895723370263
7417,URBAN,6.621571815444261,1.035093781113421,0.740109700177429
7418,URBAN,2.363006284531,0.6674233884817155,0.6242643188369235
7419,URBAN,8.282403116081003,1.1360284923149304,0.8045088756177012
7420,URBAN,5.206210541446017,1.149819901512006,0.36781350527948425
7421,URBAN,6.311623641468184,0.569025864174258,0.3308040867235091
7422,URBAN,3.032706246918414,1.2333266242875984,0.5277372788111173
7423,URBAN,8.72375041141769,0.6251013833104897,0.4936616521935967
7424,URBAN,4.1130747194126345,1.71275627167044,0.19349631601762943
7425,URBAN,2.381192504958663,0.8160984463096269,0.2671995401471101
7426,URBAN,7.288926487290133,0.6750608791112067,0.29394573177110916
7427,URBAN,7.980364669363455,1.7894377996077484,0.6229762014642038
7428,URBAN,4.320629314764821,1.0369961063022897,0.4501678162427194
7429,URBAN,6.68243423837435,0.6371089208557372,0.1526152336912962
7430,URBAN,6.409652432137972,1.0598557907045905,0.21009435913174318
7431,URBAN,4.648585137792815,1.1886138914864222,0.43673770607163936
7432,URBAN,4.9260466731539045,0.9645167884078182,0.5876078185296594
7433,URBAN,7.275607261141071,0.7484319238949253,0.5542435594160317
7434,URBAN,2.227312314882762,1.1742217223546048,0.4118695303431403
7435,URBAN,4.950031641159779,1.2798953355996179,0.5952780086675151
7436,URBAN,6.782866432839745,0.6111305800524554,0.2631978181434788
7437,URBAN,12.594863224006131,1.7630301171298317,0.6671328254869255
7438,URBAN,9.729604502394903,1.1274032978927018,0.7878589522676258
7439,URBAN,5.456549085771372,0.8099445074668816,0.6589054048491635
7440,URBAN,11.694167446916362,0.6386195665345209,0.2958540826975801
7441,URBAN,8.909913786622738,1.0379060274416283,0.5222056273466628
7442,URBAN,5.970452608558853,0.6218569155097998,0.38248653992356435
7443,URBAN,4.958316005646149,0.6967615839392696,0.1670201098965651
7444,URBAN,6.317811416161574,0.8064768267151123,0.12187002958112444
7445,URBAN,9.075380010564476,2.2350804665028887,0.5261532258812356
7446,URBAN,3.5094311217053136,1.2454869567374904,0.664463525400046
7447,URBAN,8.771820914943193,0.5991025031841719,0.6493189853028485
7448,URBAN,15.755905410205093,0.8117117481997879,0.6975644498097037
7449,URBAN,6.286229217499477,0.7702836719681062,0.7150549366237355
7450,URBAN,7.071011794150681,1.729829035959483,0.10985602220986157
7451,URBAN,8.171639329385695,1.3383039494908169,0.27174262489498485
7452,URBAN,9.154760126322541,1.1819273952756297,0.2589891142761885
7453,URBAN,3.77523875403243,2.1463024985400505,0.5431840985919049
7454,URBAN,7.606567999916995,1.5676898193930944,0.5990178126873794
7455,URBAN,8.047830919532728,1.0754487341358485,0.6260720542722222
7456,URBAN,1.3467692763328176,2.0108493002925543,0.09983610257516075
7457,URBAN,6.256148903893252,0.9945705341290202,0.3285853534958457
7458,URBAN,6.717759605502699,0.9217416311099064,0.3873860707806703
7459,URBAN,6.92256964988861,1.264343675662591,0.11161472205431282
7460,URBAN,7.316356365170772,2.23508045958707,0.5787726719552994
7461,URBAN,3.053674196683783,1.1769105975194845,0.6143707414346058
7462,URBAN,17.433064257944444,0.985202653188447,0.7030031644575405
7463,URBAN,5.843987221140451,2.493412698080284,0.4616401900848982
7464,URBAN,11.436452183200762,0.6188306637950266,0.5009238497922854
7465,URBAN,6.525905371594647,2.2094165989700945,0.9896711010429006
7466,URBAN,8.836240037995214,1.6365161214109227,1.0155900548721344
7467,URBAN,3.2250839218088765,1.2296576298083555,1.004809150326844
7468,URBAN,9.66987951611895,1.0641183406727384,0.5012297946974652
7469,URBAN,7.097900508743435,0.9719198332738116,0.635338874971049
7470,URBAN,12.037377459724041,1.4837303362254526,0.5071118795758018
7471,URBAN,10.362457068253338,2.390573301211003,0.9670704242962912
7472,URBAN,9.770872711192798,0.5988124137458253,0.6357293034469989
7473,URBAN,7.450842892783082,0.7395448221719683,0.5149253677171454
7474,URBAN,14.53352629381519,1.3446889595112832,0.2100462447805337
7475,URBAN,2.7006014922748944,1.0142574882325583,0.3414175137364975
7476,URBAN,3.340564070121394,1.0569559414131802,0.5467225400280382
7477,URBAN,12.682680643560792,1.2731958108494021,0.29019445347608325
7478,URBAN,2.4663238038194186,0.21689018120367284,0.19170329799450478
7479,URBAN,1.34070328787886,1.0220953069477048,0.3763891180020708
7480,URBAN,5.4800176960019416,0.6107659139704601,0.4202271977393747
7481,URBAN,9.874990328744849,0.8076081294332915,0.13974300557714042
7482,URBAN,5.817825769779179,2.4138495892411265,0.5853395502491107
7483,URBAN,6.727189966677696,1.075839573647463,0.32272599698296056
7484,URBAN,4.127176564690897,1.0434769087294904,0.4505483082082398
7485,URBAN,1.318011308114765,0.4365111192286711,0.42700796678999303
7486,URBAN,4.951588553651318,0.4930765836174463,0.39851768145660044
7487,URBAN,11.157124343111548,0.2957818010908452,0.32814401078817956
7488,URBAN,7.291631779381025,0.7408182815464323,0.0764875623476321
7489,URBAN,1.1686843052042066,1.1238312642834363,0.34011535743789856
7490,URBAN,9.697165529032313,0.39896527360531747,0.34042334401818364
7491,URBAN,10.673581430193785,1.3079924493002175,0.15118175351063187
7492,URBAN,6.873610570115749,0.955014824355534,0.3273934721514072
7493,URBAN,8.720721595127502,1.2409597126357335,0.514525705171572
7494,URBAN,5.5075721477465205,1.6554131345162508,0.14345476454944592
7495,URBAN,9.248053591996188,0.24286004787583335,0.09407051822501712
7496,URBAN,6.751748130707053,1.1187491563494965,0.24954705299363922
7497,URBAN,4.828001358949276,1.261136197651759,0.22830220938357826
7498,URBAN,2.1372657493645666,1.5208178118432616,0.5713781796298038
7499,URBAN,0.6871145260304196,0.14072916223340548,0.39823332952153834
7500,URBAN,3.193172455626269,0.41090606117355527,0.17107245218486608
7501,URBAN,3.4795722703338505,1.2583325388704956,0.28179925466641026
7502,URBAN,2.0475843197074166,1.149285611217088,0.46828878478461333
7503,URBAN,5.40896143935302,0.39902763618779635,0.3170868321537358
7504,URBAN,15.374014523057468,1.0731442523832642,0.28387745043042145
7505,URBAN,3.615835733887876,1.0041864144937598,0.06869699642299087
7506,URBAN,6.215934526908555,0.7292267187077539,0.17080573766268206
7507,URBAN,5.720449711083088,1.9160885724225165,0.5480807658024237
7508,URBAN,5.610951411976146,0.3667261678781969,0.3647095235043601
7509,URBAN,5.982158574942687,0.6003502467884886,0.4196499384408758
7510,URBAN,4.579817270409819,0.849491985296225,0.11294814070650358
7511,URBAN,5.47401006171354,2.0512338491516635,0.5880804957052712
7512,URBAN,8.520673860109719,1.3157240789622433,0.2229616244746028
7513,URBAN,4.977941308762349,0.315436261043645,0.09506478693434622
7514,URBAN,7.755859315183325,1.230821455836533,0.3881904590287382
7515,URBAN,5.599496694602842,0.34328810448528685,0.2915719460341657
7516,URBAN,8.995648984110987,0.7983822260590816,0.11000369356143842
7517,URBAN,6.980906595175619,0.0893022461102669,0.0779928156501055
7518,URBAN,6.963408888864556,0.5516215185975286,0.16792253389257183
7519,URBAN,6.070123856068486,1.2540727716872044,0.24660452174652503
7520,URBAN,4.820591688064904,1.6510353633759427,0.6202250583347861
7521,URBAN,1.7113989014534468,1.1372202555255935,0.743597762105826
7522,URBAN,4.258830166089112,1.3399334925905166,0.3545668534717511
7523,URBAN,6.370675150145465,1.278072364426085,0.33545544173837355
7524,URBAN,6.0353393455072855,0.19221286397892115,0.23145117727615064
7525,URBAN,0.7008090805692161,1.4089964174594463,0.23220875766016216
7526,URBAN,6.536957041127032,0.6665340907677876,0.28982377254527303
7527,URBAN,7.991975069386847,1.4518976021162961,0.13996079930633618
7528,URBAN,4.976623944121542,0.8393451361985184,0.29580842250939793
7529,URBAN,4.135906609225534,2.0284357278293013,0.4114670054975981
7530,URBAN,2.573711767253997,1.103704619025308,0.22454814054712124
7531,URBAN,3.0700037704650454,0.8808663040574857,0.40828528141721243
7532,URBAN,3.3882292019563294,0.9876579601457801,0.5702619739572533
7533,URBAN,8.350006503325414,1.0982114377446555,0.7190246495707626
7534,URBAN,6.795059353561519,1.2052778290641142,0.45343612949034523
7535,URBAN,5.462910258805709,1.353789839196913,0.1606767781867643
7536,URBAN,6.160683910596672,1.2456158526532572,0.30815019839058316
7537,URBAN,3.1970807808210653,1.2913716715171961,0.283115662889864
7538,URBAN,6.075663773190258,0.3272712100827512,0.161457897278498
7539,URBAN,7.719616328146706,1.0518540043967397,0.2628006261817207
7540,URBAN,9.86316247972103,1.1015137470812175,0.14563682506203393
7541,URBAN,5.1426509220582615,1.2287355817026497,0.2729035248184959
7542,URBAN,7.800201917885477,1.0280815700088013,0.34147222955526174
7543,URBAN,5.740097861818557,0.5279350252267896,0.3893828689452358
7544,URBAN,10.511362944280624,1.3249624742698,0.39191386634922776
7545,URBAN,6.834236421851172,0.8712148299466663,0.5238383553744514
7546,URBAN,9.182959275274282,1.852691499436294,0.6678789118286694
7547,URBAN,10.460385230889784,1.429681311391623,0.3557829986370409
7548,URBAN,1.884144387753492,1.0991047974799069,0.4665049638695143
7549,URBAN,8.898491699683225,0.7339398305948546,0.2256208723978023
7550,URBAN,7.062547725093157,1.561182896616615,0.539262956491441
7551,URBAN,4.791873556085884,1.9368656020493615,0.9594631859080714
7552,URBAN,6.34914980993367,1.1076692804638035,0.5314620461317899
7553,URBAN,1.4073393114761694,0.532886610330249,0.39628529242041816
7554,URBAN,8.803253775916831,1.1891399387531796,0.6477830514740582
7555,URBAN,8.453636442199807,1.8591398635791803,0.7660143687031501
7556,URBAN,4.1644210286845755,0.8075006983606433,0.6057655070261575
7557,URBAN,1.5594152680454503,1.7581205745376192,0.1845526795341823
7558,URBAN,8.548103783697647,1.4567061603898002,0.5146854907816379
7559,URBAN,3.8427173812287796,1.0710920550273915,0.6283455462085482
7560,URBAN,4.431788429172884,0.47451645420225524,0.6014795456642258
7561,URBAN,4.095556786377422,0.06701142715147436,0.4184355633893502
7562,URBAN,8.146938703249534,1.4245989978879527,0.588759270824168
7563,URBAN,4.126663000913511,0.5719739652664773,0.25213492487903433
7564,URBAN,3.4677859154675756,1.4619054797672084,0.31573037412958865
7565,URBAN,5.027186964269533,1.2824352636866687,0.5655227448291332
7566,URBAN,7.801747517283496,2.14633879812358,0.2994619514718177
7567,URBAN,3.3145997405416896,1.2033916801800482,0.5761370805705149
7568,URBAN,2.6540677634182055,0.45171295974293835,0.38401070908296164
7569,URBAN,8.50673564014626,1.4040102580366878,0.6832901175467974
7570,URBAN,1.5751867661002745,2.4368984461170755,0.7264941244130149
7571,URBAN,9.325445588115116,0.9652010092417398,0.4578527897462539
7572,URBAN,4.020634020204424,1.1742640745953574,0.19022348899846594
7573,URBAN,6.782208019032441,0.33030988180783627,0.0773892918462965
7574,URBAN,0.8620670760173655,0.39229572322102413,0.1394100416461201
7575,URBAN,9.032262953979757,0.7724601885988793,0.2989153307429348
7576,URBAN,3.150800331898242,0.2064951366249242,0.2312512384857139
7577,URBAN,12.944004342448364,1.8255164089375286,0.6925924038975495
7578,URBAN,4.754561496054476,0.6397207419112243,0.5936390638310147
7579,URBAN,4.292569508768826,0.7865134817009349,0.49055612285888556
7580,URBAN,11.51458398194827,0.5287383506638962,0.42429035662567866
7581,URBAN,3.659296709784177,1.1673335957740962,0.12278249624677712
7582,URBAN,15.470789675845527,1.6750910972384812,0.5466900187556644
7583,URBAN,10.854488306529921,0.6152994482937436,0.3034948031214918
7584,URBAN,6.538518944678867,0.4719717437692512,0.2663485809403881
7585,URBAN,9.656276461097011,0.4990749141749728,0.3116659094247152
7586,URBAN,9.406037757764658,0.4336175911392132,0.26255113814814796
7587,URBAN,2.6443820475672313,1.6669219563357054,0.5825137129347501
7588,URBAN,4.331750592869774,0.7762321014904233,0.2571029203807229
7589,URBAN,1.3818206343308599,1.254224917405406,0.4583654231749727
7590,URBAN,5.189416562331836,0.8601417077608642,0.38377673255544553
7591,URBAN,4.562259952637826,0.8357555498365359,0.4602030540894467
7592,URBAN,8.107883964844369,0.7197201294329204,0.5271160665652114
7593,URBAN,4.193800308890458,1.2865852122468555,0.6956900121360488
7594,URBAN,2.3268282075717814,0.49622320081881927,0.6391945764605614
7595,URBAN,3.000019546211158,1.0714122761212812,0.7558440386496209
7596,URBAN,7.908034399316681,1.0324274000731426,0.8303868424529521
7597,URBAN,6.8018790440676575,0.5052652094777041,0.633347158839967
7598,URBAN,6.976757382792349,0.6544522599385114,0.4316320263533103
7599,URBAN,3.760828460596565,0.4938783775342952,0.18254920427239613
7600,URBAN,6.2922271724167675,0.5263458141406172,0.26807439348487405
7601,URBAN,2.365990782082741,0.2896822246110126,0.22878318077546006
7602,URBAN,7.709261917193588,1.5992096232657196,0.5081984299766148
7603,URBAN,5.385165989334291,0.8627728328225717,0.33817148880595366
7604,URBAN,12.560459900422108,0.10689140832592628,0.2635482591645487
7605,URBAN,5.529717777833614,0.6404196173678129,0.28769532473139314
7606,URBAN,10.753531719895564,1.104478747283908,0.1817432070591307
7607,URBAN,7.8789103629505,1.0231187119508716,0.33899685793330664
7608,URBAN,6.524508766996738,1.3286613738833355,0.308894511523041
7609,URBAN,4.708856735808042,2.099793151088383,0.8118417400384776
7610,URBAN,2.2881540988211175,1.5814141490035365,1.0419548665027891
7611,URBAN,6.305212083760067,0.3189430824519555,0.7903097811192092
7612,URBAN,6.4174632553362265,1.208410428325932,0.26542377535042255
7613,URBAN,1.9553046565212768,0.09453337212191713,0.16263442667464412
7614,URBAN,3.889853136563488,1.1830220581416802,0.3189597573082104
7615,URBAN,2.9102041141837613,0.9322058910716604,0.08481917705170325
7616,URBAN,5.621267208142421,1.539956758271805,0.41805525457507114
7617,URBAN,9.343499193661257,0.9531478564742495,0.02270491415794483
7618,URBAN,0.7549792337213798,1.1035091381841653,0.329185465148215
7619,URBAN,9.769263728083539,1.309748354601825,0.30912154168760375
7620,URBAN,7.500757436594355,0.8477144987792019,0.3924111082706595
7621,URBAN,4.286514453593378,0.6686984425334853,0.4000429455921155
7622,URBAN,14.940955309577394,0.9510862184644788,0.5469701094817939
7623,URBAN,10.47238975125198,0.942534649545915,0.5746093300859044
7624,URBAN,2.8226857286713374,2.448399147495822,0.5578680010583567
7625,URBAN,8.014208347524413,0.5814374296137041,0.21973473308626912
7626,URBAN,4.598094820096016,0.7512396167520003,0.3422310845189132
7627,URBAN,2.935236237681396,1.0546285497439571,0.5735825595363415
7628,URBAN,6.959686832932313,0.5623211816801332,0.2963126229848828
7629,URBAN,4.262869718999604,0.4362905523614636,0.11062680946884411
7630,URBAN,11.947467823263121,0.9230237223910012,0.27874539647799296
7631,URBAN,6.065849239291866,0.9241959348007179,0.35844474723920744
7632,URBAN,3.429332394200664,0.2510366800183178,0.34624647937117164
7633,URBAN,6.817791755959845,0.9209845755881773,0.3513151034412691
7634,URBAN,6.028988837459273,0.6928057367411506,0.1347460352383585
7635,URBAN,8.5046430541829,0.6821912933556595,0.1493816799711143
7636,URBAN,5.278815494109536,1.2949915815161992,0.3147191985151418
7637,URBAN,4.004937838320202,1.58116043734351,0.2535242189251043
7638,URBAN,8.95936282007945,0.9793434416328409,0.29974363427501155
7639,URBAN,2.217431242851321,1.2199744912435733,0.5560970429404285
7640,URBAN,10.613478930720314,1.451637176254829,0.7052459150257766
7641,URBAN,6.410501214282541,1.1876757460434992,0.8426412512080372
7642,URBAN,2.910637662127649,0.7640137588631091,0.7633809623263272
7643,URBAN,0.30167902474665154,0.6737581284214599,0.4726497408406596
7644,URBAN,6.974802088275433,0.9296311483656045,0.5400239201796843
7645,URBAN,3.498098979986806,0.8791835923617265,0.6248947924197997
7646,URBAN,7.19622172334037,1.0193195772010355,0.7581893778350006
7647,URBAN,2.96442651132989,1.1835712241515595,0.2008314546196797
7648,URBAN,2.642418948361884,0.6293720613500391,0.31481724165069064
7649,URBAN,4.6986370009429965,2.635805322988596,1.0465050459365004
7650,URBAN,2.1342732117095737,0.8728197819082607,1.0024801515477755
7651,URBAN,13.563069374515761,1.030516664381855,0.9513013974378268
7652,URBAN,2.3993295585035446,0.42073712480526565,0.8160038564339774
7653,URBAN,2.807131668785802,1.5222258544645466,0.5931362701170484
7654,URBAN,6.253708787639141,1.0389038103413426,0.4987396950390497
7655,URBAN,10.07667449338487,1.3692051700569374,0.5314912534148708
7656,URBAN,7.988538327505461,0.27528288861989214,0.45185091919437714
7657,URBAN,5.680226126370008,1.5477378371741084,0.48765565702335306
7658,URBAN,7.288834397904586,0.9344988382423216,0.4237352545408765
7659,URBAN,7.026789658952435,0.533940750780294,0.2991010721456105
7660,URBAN,8.238939756955094,0.752777331063592,0.4491806756206421
7661,URBAN,4.756760158266852,1.2844840017920618,0.3730196484966426
7662,URBAN,6.753354177829538,0.829328425809461,0.48071799609232146
7663,URBAN,6.985950852544807,0.5158539948802648,0.44914839527131256
7664,URBAN,12.389470893717963,0.48964668046348375,0.19986267794318763
7665,URBAN,5.124056781182044,0.8385499398382104,0.2592077826860905
7666,URBAN,7.1186895951825715,1.2456181820924979,0.16139664562603773
7667,URBAN,13.726354469953764,0.8003563330606429,0.16011563154475822
7668,URBAN,5.723927410779191,1.733621465725461,0.48283580566701645
7669,URBAN,1.8295361595003576,1.4752180372061412,0.6584764133753563
7670,URBAN,12.903840143224992,0.35322979833605866,0.5706474354735015
7671,URBAN,3.8703025710607104,0.7898603563018156,0.5197830918177145
7672,URBAN,2.116704194068525,0.35372168009889404,0.47120564777501184
7673,URBAN,3.9215919914836017,1.6391842030910468,0.13945505761780444
7674,URBAN,6.007991275306212,1.774164404393827,0.4894667094722154
7675,URBAN,6.049940169392128,1.7579147786174787,0.8039850919540059
7676,URBAN,8.611310146086973,1.2524473034311288,0.3152180741942491
7677,URBAN,4.939794386477754,1.5599344483376472,0.6022202135295884
7678,URBAN,5.413482239873984,3.0963191998790527,0.6191508321079746
7679,URBAN,9.046466434238532,0.7502170783645705,0.3707016789621961
7680,URBAN,9.035009025336025,1.6180356295443012,0.691358470073749
7681,URBAN,3.946381882896083,1.422131205454475,0.8287369188946284
7682,URBAN,2.960397439271056,0.7300723827662008,0.42136173991834813
7683,URBAN,12.845694437063834,0.6708678454104294,0.2072127171004317
7684,URBAN,0.8510285846176557,0.9469219976410853,0.2954084108340128
7685,URBAN,4.789003783880252,0.805643044917463,0.23549827424895817
7686,URBAN,4.108775083107218,0.8642663229342731,0.34194280130968363
7687,URBAN,2.9338919919388777,1.1472606357066057,0.547593915527603
7688,URBAN,8.450885906440917,1.5403101641476948,0.12675582746118444
7689,URBAN,4.236675659221907,0.9022953007429652,0.2612086672284107
7690,URBAN,10.431185982110758,1.6332944638620477,0.566061951867594
7691,URBAN,4.138194135838015,0.9772344287270204,0.19626305049499065
7692,URBAN,5.356800626894154,0.7638192570363717,0.33440952629571713
7693,URBAN,5.786465387617452,1.4467905874976743,0.1457099196855576
7694,URBAN,8.615376647865494,1.3491133466951795,0.47901531904043976
7695,URBAN,10.687524931887229,0.6594919805486759,0.17674768983026864
7696,URBAN,3.250319205334513,2.0918500630625667,0.5410672198170018
7697,URBAN,11.245863336167245,1.7073970937455667,0.7411533733736675
7698,URBAN,7.233437612136955,0.7017510338472255,0.7055405538284434
7699,URBAN,7.094647507373,0.959687727521741,0.7722250924323253
7700,URBAN,8.75276272378443,1.213275768110731,0.21552157683204445
7701,URBAN,11.211217229999294,0.8782218499116616,0.3727707897305025
7702,URBAN,7.143989619652773,0.7642897155155356,0.4600505279753517
7703,URBAN,5.640932106961427,0.5013942070106872,0.24022953830796623
7704,URBAN,4.613556096557731,0.3168001655314841,0.12682346712855144
7705,URBAN,5.833423878015178,0.4188502189967708,0.12461764161231237
7706,URBAN,7.968092698677158,0.45174754015615937,0.20581372900913658
7707,URBAN,4.5296505641944655,0.8869505210105082,0.33278823596431123
7708,URBAN,8.103155411261532,0.4699420818584783,0.3385561231743745
7709,URBAN,5.514932352369892,0.9248460249350919,0.45452432447456514
7710,URBAN,3.1934245756968513,2.0816739776366266,0.2728109369182683
7711,URBAN,3.953499326578226,0.9150706148465161,0.3575922145362165
7712,URBAN,6.286344556075889,0.5303960153243024,0.14599444813455634
7713,URBAN,1.5605446649483838,0.9933799375921075,0.2607073384707116
7714,URBAN,1.5141863385874417,1.0933215941891472,0.22910692621082535
7715,URBAN,2.2245294212346827,0.9815150488801574,0.29537299584862026
7716,URBAN,12.756243360431633,0.39542081479621094,0.22467625446524256
7717,URBAN,4.509012259693837,0.8335117785553768,0.0783972975076895
7718,URBAN,3.5812091269607182,1.2255074591780433,0.32822322920099045
7719,URBAN,17.869712579443487,0.8714753864244499,0.07453560433560194
7720,URBAN,6.1184247274058805,0.6001229776480275,0.15908942356807781
7721,URBAN,4.112733179284245,1.2402014461576547,0.4769061406194892
7722,URBAN,5.7639931297292755,0.40989242390413,0.2576777674751342
7723,URBAN,4.476538402345409,0.5269022568516657,0.2512461962217015
7724,URBAN,8.84989809579178,1.6351691318166663,0.6428458858290351
7725,URBAN,3.9075358878670783,0.8712874961840177,0.6923696205576697
7726,URBAN,10.46317106730599,0.7250362184818471,0.35025568027613146
7727,URBAN,7.409475295184706,0.9965847832689291,0.06286416132787005
7728,URBAN,6.150349076030198,1.1460524419529894,0.3425196753917047
7729,URBAN,3.633264741737206,0.5066178829475462,0.17030250574414377
7730,URBAN,11.914865040869772,2.1415855916478654,0.6363873273358241
7731,URBAN,5.267952742451931,0.9974623930899544,0.3369632001762238
7732,URBAN,3.984662584238533,0.5239071936140679,0.3889078440497604
7733,URBAN,8.03889120331228,0.655676645994525,0.40935099637933775
7734,URBAN,6.137340969131103,1.2575944156918555,0.6452565774493457
7735,URBAN,7.403696986200282,1.1408853534159415,0.3884460612144615
7736,URBAN,15.222147472507357,0.9540394942699157,0.53863685058381
7737,URBAN,3.2399652250114737,1.6130196605916167,0.562332991969439
7738,URBAN,8.332684165953848,1.679822195326551,0.5363846754258851
7739,URBAN,5.458258643480157,1.8042477625207893,0.5379096194698185
7740,URBAN,4.374707018158326,1.4147340696723547,0.5476012342421462
7741,URBAN,2.2460837044022517,1.5446953971644017,0.811425424954915
7742,URBAN,3.457869442449908,1.0818103446398935,0.30399813186465613
7743,URBAN,5.361175099312726,1.5366158081158379,0.5177539225401371
7744,URBAN,2.2109944933542294,1.5086794639108345,0.8043095329477
7745,URBAN,3.881592817441624,0.1448016290982392,0.5555013877644595
7746,URBAN,3.2972209655612748,0.21477662952093884,0.4435857938800747
7747,URBAN,2.5719578592779557,1.061234886803017,0.42036875125173534
7748,URBAN,9.032678384345765,1.0125551251234384,0.34565479971743746
7749,URBAN,5.810623669703267,1.3805644637464185,0.5792178676264164
7750,URBAN,10.174424410290905,1.6082977217279095,0.8777410830851246
7751,URBAN,2.0370418768377268,0.5078781583292662,0.740339252215991
7752,URBAN,2.363111839850878,0.49757952828969904,0.3848452087288899
7753,URBAN,5.963298208515479,0.6960237427453855,0.4622234832142782
7754,URBAN,8.61912028363747,0.46490801541694066,0.46251560450318746
7755,URBAN,2.9171041416819925,1.1643535610262943,0.55331695001422
7756,URBAN,5.999406500026675,1.377809425509367,0.38222591651820303
7757,URBAN,4.502703035562811,0.4178797797615706,0.20607442724928596
7758,URBAN,2.381230337930308,0.7333344708167203,0.07742623776681819
7759,URBAN,2.051363721836517,0.6719481575617974,0.18401263422780684
7760,URBAN,2.1580647416695182,0.5440456193645158,0.07652787382564553
7761,URBAN,0.7899303892484734,1.0948780909552531,0.22546136468541117
7762,URBAN,5.43720084294541,0.7743327033919001,0.042753206852710675
7763,URBAN,2.1535154973293564,1.2371170631320345,0.30699489816218967
7764,URBAN,9.453543349910634,0.694875775286997,0.31996139563616716
7765,URBAN,7.417780945569922,2.5568447815580915,0.8529024488013159
7766,URBAN,5.175289466938954,0.5347515248700168,0.5116799347689133
7767,URBAN,3.9645160895981255,0.40023250690940304,0.4839546078565147
7768,URBAN,7.841782324063041,1.213256365768221,0.1035928106393856
7769,URBAN,8.705645864321392,0.9089193691757665,0.1846546344479354
7770,URBAN,5.524162501396431,0.4570838582367591,0.26066863419951125
7771,URBAN,1.8347371366162173,1.017630525468882,0.17251143834319355
7772,URBAN,4.563693187454857,1.1813892068264218,0.16073273052519266
7773,URBAN,4.754343617794615,0.957954489203142,0.11157263760097107
7774,URBAN,2.57661849456645,1.0981832473418216,0.2268820598288634
7775,URBAN,6.354180844305155,0.8742365554589333,0.07480783307743558
7776,URBAN,1.8020988230539186,0.3321182797695643,0.06027053263724352
7777,URBAN,2.212976841431246,2.124960342741619,0.5398090157774956
7778,URBAN,2.4156492243619354,0.836527224149682,0.3753743396287043
7779,URBAN,12.805043570522912,1.2883213538463556,0.3114770177928316
7780,URBAN,8.827936808419587,1.2852518947486518,0.18648642745048719
7781,URBAN,2.538055644062562,1.6574571544496768,0.5859534320522926
7782,URBAN,2.4853828867795733,1.5817899834667803,0.20948279321341648
7783,URBAN,6.233647938004048,0.7436437097048998,0.25226966208741236
7784,URBAN,5.898980016280104,0.8035127384197401,0.39980844678871846
7785,URBAN,7.225581387561131,0.18353503285661668,0.2819190301877454
7786,URBAN,3.016030502608759,0.7287912819260637,0.3110292395155329
7787,URBAN,4.018433355516524,1.17994965835949,0.5100639441932275
7788,URBAN,5.781688030849232,1.4113611441931375,0.5855169150021854
7789,URBAN,1.7718337456636897,0.494670930267387,0.3135955221615032
7790,URBAN,10.59841654802769,1.869778301527035,0.5609354908691633
7791,URBAN,8.322325363224637,0.6167734766503982,0.5729193394415356
7792,URBAN,4.015334463220443,1.2787356798067295,0.15295900077349317
7793,URBAN,5.806721763455761,0.9527449184779052,0.15058149552501368
7794,URBAN,14.075798919563065,1.272567772489015,0.3839706161892816
7795,URBAN,8.74620670045882,0.2241589286129628,0.34349586846930324
7796,URBAN,6.2892239499461935,0.8348934869708683,0.4375493929277849
7797,URBAN,9.303606592669048,0.8262219112991336,0.2814577295718852
7798,URBAN,5.037764789331663,1.008265073513838,0.3001464229068007
7799,URBAN,3.3091366596730536,1.702596387377661,0.45634473504424483
7800,URBAN,3.0656363683054977,1.3117639220026853,0.6702632300663375
7801,URBAN,3.916712541403511,1.9789220879875649,0.5158697951826291
7802,URBAN,6.618108509433593,0.8769204959994826,0.1692687929159621
7803,URBAN,3.4121347430432563,0.8973399951008827,0.35501451896998887
7804,URBAN,1.7474981121545123,0.8617552381368533,0.26707219787067854
7805,URBAN,4.523608416090857,1.1779968722617644,0.4786268329172337
7806,URBAN,6.419636059256498,0.8770322110804384,0.45751113833916945
7807,URBAN,3.7956441929485027,1.1058330030040806,0.5733298452043407
7808,URBAN,8.304196769610865,0.5853527247902047,0.37481144615212686
7809,URBAN,4.504180563701098,1.05786047803388,0.4535265828592363
7810,URBAN,3.4579696145098615,1.5505060766184484,0.6938195188654289
7811,URBAN,7.4822745811987295,0.6233792263658406,0.35356207451690397
7812,URBAN,8.449707836195312,0.14207557472812346,0.21470611249185595
7813,URBAN,7.033071533556245,0.36543343039254406,0.17641623098948106
7814,URBAN,8.95752982404351,0.7335828177059938,0.3129669753092719
7815,URBAN,6.644647008468363,0.5048303108023254,0.3659060558567136
7816,URBAN,10.746189010137721,0.3658321989223327,0.16697284115402466
7817,URBAN,4.25665859481836,0.32645847299906416,0.2104002056329271
7818,URBAN,8.878424244880282,1.242690875242349,0.2087484487927148
7819,URBAN,2.3546448620228753,1.5957670713718684,0.41932684323487146
7820,URBAN,4.8294520830170296,0.9804245851953406,0.0875251290423764
7821,URBAN,10.604405404900442,0.8268794315851774,0.15419236277991202
7822,URBAN,11.835548299397365,2.0663189100074164,0.5056524876299857
7823,URBAN,2.8142915688072976,0.9554558454133159,0.633309388370155
7824,URBAN,9.578945174340848,1.154473587102091,0.4672886991550348
7825,URBAN,9.14135126758024,1.2584241861524783,0.22765243552860373
7826,URBAN,6.566841184237042,1.3896402516827024,0.3106342990117305
7827,URBAN,5.307234434215478,0.8816614918746118,0.18097618301407886
7828,URBAN,6.638316420009813,1.0215193341866022,0.40948610352540815
7829,URBAN,2.252964521093539,0.22852286714622483,0.25933935181997053
7830,URBAN,3.529984382003483,1.8076377059677473,0.3011546769442813
7831,URBAN,7.033468420419312,0.9501915559433128,0.3620517641420086
7832,URBAN,7.497095407961405,0.7021612608681638,0.14727706811447533
7833,URBAN,3.402345463407646,0.29702666578752035,0.16242866374037776
7834,URBAN,4.555119395011811,2.0245877702165647,0.44086390269389614
7835,URBAN,10.266013133042057,0.7596314380089115,0.17806197853095046
7836,URBAN,1.777683665496796,1.65581094735048,0.34119856003572013
7837,URBAN,2.2302216036525815,0.8237155259054657,0.38650686701649056
7838,URBAN,2.4471512552769785,1.271197786759966,0.49787489140892666
7839,URBAN,4.118283588763776,1.3266922787079278,0.441224041881687
7840,URBAN,4.310019006424031,0.5867442667537573,0.3495102611448052
7841,URBAN,16.389059153261034,0.6704965929956089,0.3826946469828228
7842,URBAN,12.666795066825973,0.7059402324645738,0.4639491805535192
7843,URBAN,7.894600783393982,1.9884381823070512,0.7508545373151784
7844,URBAN,4.907663381216197,0.527356564633937,0.48017468164595206
7845,URBAN,5.211233980556483,0.5580947756786736,0.4943800024568738
7846,URBAN,7.984600045861435,0.5709505467661464,0.4935861971231798
7847,URBAN,14.046723322264848,1.590642955185208,0.7549998806842076
7848,URBAN,3.8948911466620633,1.2570510815143365,0.8614058725869322
7849,URBAN,13.180796893455351,0.7752697111919836,0.6845834443910774
7850,URBAN,4.945066991169261,1.5749746203764892,0.7670790893973373
7851,URBAN,5.604821633311974,1.602807315172239,0.9882591666560224
7852,URBAN,7.497096946575077,0.9552049385286938,0.5576798726815048
7853,URBAN,3.9813899713043632,1.4072708711378052,0.5305871521766521
7854,URBAN,7.488014563790155,0.6636468717631094,0.5684158989433615
7855,URBAN,2.5396396206336056,0.39652157832573187,0.41696498675964044
7856,URBAN,4.695256437772789,1.091479200208483,0.26280534458867894
7857,URBAN,0.7054814925852964,0.1948853652860038,0.22044753137976622
7858,URBAN,6.918747684691279,0.7549998930935752,0.18550577208720526
7859,URBAN,9.215558162704614,1.355000074359953,0.2538799074193574
7860,URBAN,1.6528699921274594,1.1254007857651982,0.4648156272287076
7861,URBAN,8.545992801911876,1.4682704395397224,0.2122379599333872
7862,URBAN,12.194420241465902,0.8747947162558274,0.0940606690411826
7863,URBAN,3.40924929922397,1.2076825224189356,0.40723525005356664
7864,URBAN,9.823555453453642,0.666277086624927,0.44748069874617774
7865,URBAN,5.713778679853973,0.8138423226425855,0.3799295394307913
7866,URBAN,8.362349675346383,0.7227834483965349,0.427256655545437
7867,URBAN,2.069538800342285,0.4933172442724106,0.40635476926838554
7868,URBAN,1.5153198106847843,0.6564983532841899,0.4764428894442432
7869,URBAN,5.367977518256551,0.5237856532521482,0.3908486549563012
7870,URBAN,9.274466416707721,0.47089350308406397,0.33806248250782933
7871,URBAN,1.4904988579016836,0.8008232227517816,0.17351790457212535
7872,URBAN,2.6054215110422994,0.7785034836587345,0.31671037516931855
7873,URBAN,8.390219016857017,1.9254041774458683,0.47091144188910844
7874,URBAN,13.997593438285389,1.331521103795175,0.7050015389925767
7875,URBAN,5.63538407553996,0.5015263593309768,0.5828778759990448
7876,URBAN,4.571571664281922,0.32696019865106846,0.41498299170456454
7877,URBAN,8.90429043940678,1.117347667606877,0.37009177966992124
7878,URBAN,15.63973504503793,1.8365275977023257,0.6321809695706148
7879,URBAN,8.879132389506715,0.32067246886855433,0.4325143100931021
7880,URBAN,5.369370284077663,1.3190517663629306,0.20220586566065787
7881,URBAN,2.575442020287628,2.0785291397283636,0.36898441765891143
7882,URBAN,8.202524057813472,1.0058100448572511,0.33185670923991223
7883,URBAN,7.048801275219183,0.5375389665682884,0.1713248007921889
7884,URBAN,5.829846149556245,0.6006355574822231,0.29450056480547543
7885,URBAN,3.8176119757656513,0.5815807678301473,0.2320698864897616
7886,URBAN,3.451008773958869,0.5218780486505048,0.034836892614618295
7887,URBAN,4.8950725446253704,0.3667997159812575,0.09255312363143146
7888,URBAN,4.049038858903051,0.21265464581134902,0.07720468384711605
7889,URBAN,5.998279751331194,1.10011605435968,0.36065028196917903
7890,URBAN,11.816520716668272,1.7272557168444826,0.23186556721357726
7891,URBAN,5.439293531611107,0.9978065298253662,0.44457273060466
7892,URBAN,6.873606510981719,0.5342116708850773,0.2056125477528254
7893,URBAN,8.834615852443802,0.55328892610627,0.016089283325388656
7894,URBAN,10.693299257911086,1.2122057070769678,0.30164530935580325
7895,URBAN,10.386195508684231,0.9591424999597749,0.4700253139831366
7896,URBAN,8.134099864856335,1.0730892896692479,0.3202909586881055
7897,URBAN,14.990834208923859,0.6760707350171741,0.26504008766306536
7898,URBAN,2.238546649098752,1.0730876354794043,0.46112740414213715
7899,URBAN,6.204369169901938,1.212955555915868,0.25188903210533914
7900,URBAN,6.2320084242698215,1.9657819786097244,0.3706173176870145
7901,URBAN,2.1526105811354443,1.624608731226811,0.6628403916346026
7902,URBAN,8.33438443161501,0.9933787423536887,0.2555595854386943
7903,URBAN,2.8099436581666115,1.0563662006397727,0.35672911482129926
7904,URBAN,9.257726859429132,0.6497772676870869,0.10920689257235638
7905,URBAN,4.824844495215373,1.9417741460032643,0.4573558034218717
7906,URBAN,6.413586217368567,0.27428371789231765,0.2646639554639687
7907,URBAN,5.569809685224466,0.42349942275975305,0.09497120678165685
7908,URBAN,4.653756273447634,0.5437335624346515,0.21579407011426116
7909,URBAN,8.162243180580704,0.7805477946686897,0.08473295196303827
7910,URBAN,7.093795691312983,0.8308031613203107,0.23813473426425516
7911,URBAN,5.209366027899858,1.129522801344441,0.20781122983496803
7912,URBAN,11.906035155033814,1.0355754311333663,0.3693406712364145
7913,URBAN,10.32180214583894,0.1406537174870255,0.2836568777660184
7914,URBAN,2.1058850955370008,0.9427877771581603,0.38837623030274177
7915,URBAN,4.766159520719817,1.4157927778368362,0.6760069633966935
7916,URBAN,2.7062882717725483,0.7842616260906887,0.2530921768805121
7917,URBAN,4.77815242122224,0.5210264636309805,0.15934934215113228
7918,URBAN,10.576638342008113,1.5864393659240086,0.4377740198927772
7919,URBAN,11.336005345915604,0.5520547601214049,0.29789164187623324
7920,URBAN,5.339497756214167,0.7521941983570144,0.23411229232075872
7921,URBAN,3.242479773331714,2.185818017164565,0.7442798059689817
7922,URBAN,7.606061614535601,0.1254309663788096,0.5574125368166224
7923,URBAN,3.489584921555695,1.1321338261250482,0.36789145874988277
7924,URBAN,2.4592375931036012,0.42896652314633127,0.21025164406048508
7925,URBAN,15.728087988154524,0.7134043283550858,0.2663090633089335
7926,URBAN,5.127819296592225,0.5742633968104026,0.3247951512124981
7927,URBAN,11.961639920972251,1.2001744385045934,0.5271164123696905
7928,URBAN,7.505119588295964,0.6827756749873213,0.5659349019204093
7929,URBAN,11.043507779443981,0.35461986535836965,0.3486085473352191
7930,URBAN,6.080432936925513,0.9661145664921262,0.1012804504722214
7931,URBAN,7.468847480796569,1.6384375461234122,0.44806572617687873
7932,URBAN,4.773504738930339,1.6190209867487566,0.6994905381785217
7933,URBAN,1.644361087287026,1.0203746153043336,0.6013419927710782
7934,URBAN,8.371436091177706,1.6864074829561722,0.48948569174978807
7935,URBAN,2.9693329467588865,0.8756708956363259,0.1530919573254065
7936,URBAN,8.712305534938821,0.7038972132740055,0.25611268623630445
7937,URBAN,3.8532102716453696,1.3316613395199262,0.3981648991450486
7938,URBAN,9.143995137316447,1.328680646005421,0.04722455494735725
7939,URBAN,6.334823468196735,0.40826868117839443,0.0800388102801301
7940,URBAN,4.109929367534535,0.6870455795551537,0.18287378375886182
7941,URBAN,6.456350669850805,1.3746113415459706,0.4370122238352431
7942,URBAN,3.513730634413483,0.7649139806376828,0.4598546571189632
7943,URBAN,4.68128687605468,1.1370035263392793,0.48226820499160383
7944,URBAN,2.1381427990283712,0.4057563744045797,0.3519457876058371
7945,URBAN,2.9475215936892623,0.4841511410996694,0.17319958963052814
7946,URBAN,2.4124311468396065,1.5294789591604063,0.4440762594960327
7947,URBAN,8.098111592130275,1.898626422496043,0.5405111840524858
7948,URBAN,3.9894570907226172,1.1094764536856614,0.1561815729253657
7949,URBAN,6.915571758474191,0.6514117572710223,0.12379366438627726
7950,URBAN,7.411503643554316,0.6288758122844227,0.239938943368511
7951,URBAN,3.000401894756401,0.8739510832228663,0.2731839656763075
7952,URBAN,6.368056499556937,0.9563501516671931,0.39875660080082137
7953,URBAN,0.7226860022607688,0.6005197499639999,0.44539999332462743
7954,URBAN,5.480166335122488,1.2896197069234447,0.5160207442780318
7955,URBAN,10.396360270307936,1.5105178397882473,0.7043906689608697
7956,URBAN,0.9704313244604793,2.380804784631669,0.9688456995808276
7957,URBAN,5.828127139986115,0.3780433544748191,0.8064877645824574
7958,URBAN,0.5427434489530527,1.1243247855383833,0.7534719687352733
7959,URBAN,9.47535060504125,0.5789160531034242,0.5517927948201559
7960,URBAN,13.995558974872196,1.4610838975736358,0.4813533635315308
7961,URBAN,2.226434924280859,0.8408083774352029,0.2543377729705038
7962,URBAN,2.464686530360239,0.36163786480629107,0.14081259610409616
7963,URBAN,8.609204418239825,1.1891031800666456,0.24163348255951245
7964,URBAN,5.2897476366269744,0.21626360920970444,0.16375714504752717
7965,URBAN,1.9938977476440405,1.0849679991984944,0.3019237859063386
7966,URBAN,10.960700907437381,1.121020956287938,0.09422207115974916
7967,URBAN,6.881552828108707,0.5778258956812196,0.10468918110360065
7968,URBAN,11.344355275653086,1.047819155927859,0.2261478863140874
7969,URBAN,7.117934592534731,0.3006437925870366,0.1454695416501958
7970,URBAN,3.035734390296326,0.18323317840026007,0.06270332405009116
7971,URBAN,7.178781827919978,1.0327454881860876,0.23775037972548335
7972,URBAN,2.7141801940635175,0.745359699145444,0.10297165824378575
7973,URBAN,1.9393240495222508,1.1089542316445982,0.27175751233995404
7974,URBAN,7.569155104439197,1.6377490717911,0.5694213081670748
7975,URBAN,7.313516109022589,0.790806321622711,0.29572442009100636
7976,URBAN,6.549699160843357,0.38349194180615964,0.25651042240190247
7977,URBAN,3.083655686474644,1.5691743264540008,0.4576286861281618
7978,URBAN,10.569890204925127,1.6972358448408504,0.3181190775470031
7979,URBAN,9.034733896684253,0.5973228354669631,0.13341012154266427
7980,URBAN,4.194805791032881,1.3385387016211825,0.3971893968957822
7981,URBAN,9.867103728222887,0.6854062817735975,0.3574579365891036
7982,URBAN,12.835897149852046,1.5236004220456012,0.3595289902841269
7983,URBAN,4.624082739936679,1.377693363107583,0.5004592609813103
7984,URBAN,7.729978502073207,0.5785605512580234,0.3075077687424919
7985,URBAN,8.297469860117449,0.3420202459078793,0.31049359422724465
7986,URBAN,15.624938447259058,1.4243686887618074,0.48287205832478797
7987,URBAN,4.46622585908561,0.2302436776753493,0.2801443499503867
7988,URBAN,3.77619991894224,1.1645478870562294,0.24437030352957476
7989,URBAN,5.753456192465595,1.3628741096112758,0.4457109014348166
7990,URBAN,6.749271789743887,0.7933331437661834,0.2652735455589822
7991,URBAN,4.367517191183856,1.447803819549288,0.35331396811830207
7992,URBAN,12.483016372680806,0.6848748305533131,0.43936949404428505
7993,URBAN,3.9092549542554456,0.6147320192166784,0.32333185682329724
7994,URBAN,0.6699462108850968,0.2522402993291905,0.15872151461694955
7995,URBAN,1.3375606131390227,1.1140423635889083,0.19646412617067632
7996,URBAN,8.164949123404496,1.511810919053186,0.41052642306508896
7997,URBAN,2.082892920896028,0.7603802151903482,0.4443124673336876
7998,URBAN,5.287248254041531,0.7581357433217569,0.49759354313765974
7999,URBAN,3.6710915164868876,1.3173533454705486,0.7152216614094379
8000,URBAN,6.093434435564807,1.3810226495443612,0.481952761769549
8001,URBAN,11.641835183844334,0.8193920738821319,0.579663842369059
8002,URBAN,1.7148039696137842,0.6909345664148104,0.4639292164421751
8003,URBAN,3.0518817531488573,1.121081635685261,0.6088283211382474
8004,URBAN,8.346697229678998,0.7006274876972809,0.48742624217326364
8005,URBAN,6.792318315833716,1.1985856814175062,0.6291344085590433
8006,URBAN,6.92606523982197,0.34494024326130124,0.398793251160753
8007,URBAN,2.0070534589218916,1.175424129434166,0.3313155849383734
8008,URBAN,2.1858779935151027,0.8399296055778398,0.4415588938795245
8009,URBAN,12.982072428455334,0.8055868876933854,0.4042947328658945
8010,URBAN,8.435934532607325,0.5295781854649868,0.23267695303680913
8011,URBAN,8.681175674245507,1.810265157915444,0.49871851831054465
8012,URBAN,1.4590680768245567,0.7782474349632332,0.5217813714681805
8013,URBAN,2.0770551063964233,1.0314310844715275,0.1469152877247473
8014,URBAN,2.428453650182454,0.7301960508249262,0.2888741921396753
8015,URBAN,10.036289427020483,0.41722959626017675,0.1949202742130887
8016,URBAN,14.435807424115126,2.0385374309824265,0.6014290756401112
8017,URBAN,2.328723254219268,0.9412254012951959,0.526523566621161
8018,URBAN,3.9719250423397865,0.5904297251309398,0.5281291176138517
8019,URBAN,11.284048820669947,1.8487366495575046,0.6800745658145317
8020,URBAN,5.45895286577337,1.0016588751423885,0.3923324739047197
8021,URBAN,2.9050123831604933,0.6623132440423675,0.15487249569307615
8022,URBAN,6.0620684172694785,1.4896699879024076,0.4854508838757214
8023,URBAN,6.812243306550746,2.0192145766239733,0.862409267165843
8024,URBAN,8.36587215584745,0.7740750349094676,0.5468426475696126
8025,URBAN,7.139766965821225,1.5736379084854633,0.7663429673621878
8026,URBAN,7.490461820684374,0.6608710489641355,0.41702081568976246
8027,URBAN,9.248861384765283,0.5498658088599638,0.400404104687343
8028,URBAN,0.9682490501258465,2.045789600843313,0.48092638920995995
8029,URBAN,4.177047141501753,0.2523619592029193,0.33959157494358816
8030,URBAN,3.4285315226564945,1.1189441800848787,0.14791010273891278
8031,URBAN,2.903871772031987,2.3019135178759274,0.6390726878138967
8032,URBAN,7.70264483493282,1.114378447028864,0.7481215801029824
8033,URBAN,5.119677214799051,0.452911666129219,0.631905517994388
8034,URBAN,6.208797586197809,1.2966752433105069,0.7467042846666921
8035,URBAN,13.257872449926232,1.639636942826189,0.9527139298726527
8036,URBAN,13.015142336133039,0.9613491564501937,0.6105756204176099
8037,URBAN,3.9245638880637324,0.532654237057327,0.3323930110953564
8038,URBAN,2.6944083718358005,1.7526140148988558,0.2955021422759516
8039,URBAN,9.002461905789062,0.40639788656758274,0.3143301975109444
8040,URBAN,7.071964750757558,1.738846537062695,0.35094981195520003
8041,URBAN,6.035564513030669,1.7029475910966876,0.6871561405822587
8042,URBAN,6.512324887102609,1.6470822155006621,0.6419608460666095
8043,URBAN,10.858046411565393,1.0175555622405603,0.7317211868086422
8044,URBAN,9.69086961833674,1.3889001976609634,0.7333088001642241
8045,URBAN,4.3212712981843495,0.6811406049418419,0.3705860333804378
8046,URBAN,6.739467841984094,0.5229238145006405,0.21650538056247198
8047,URBAN,7.595528094974543,1.2364502229738805,0.39458526688383033
8048,URBAN,8.432714405934826,0.708402508030274,0.48154839386115417
8049,URBAN,9.291622658626402,0.39713450939389744,0.24565017516814341
8050,URBAN,2.6700417438165096,1.2340085373638063,0.2565102237959441
8051,URBAN,10.67455168067833,1.044104144731852,0.46385496204368537
8052,URBAN,8.046788188783259,0.6099812601966814,0.4856144316882285
8053,URBAN,7.565659737326218,1.594676899535193,0.4292369243286083
8054,URBAN,5.459117393943804,0.2575231214602186,0.3811378510348022
8055,URBAN,5.408058128946469,0.5188367065933323,0.35745300592958484
8056,URBAN,2.7319095826264927,0.596355959768665,0.39296359382162915
8057,URBAN,5.52654314169731,0.5352585603870789,0.23426202350072062
8058,URBAN,2.9767469661128234,0.7106964480198761,0.15440765964636222
8059,URBAN,12.992742454433998,0.5300587648677957,0.26098601099163227
8060,URBAN,3.4900114628932863,1.389154159227736,0.5752502759254312
8061,URBAN,5.916982811163612,1.8730207548100264,0.94685959242761
8062,URBAN,4.465321892828072,1.6708834158380879,0.3746684953678303
8063,URBAN,7.001747966091559,1.1092300350757356,0.35873316114871096
8064,URBAN,8.959725177816674,0.7779082707481809,0.36094489323740625
8065,URBAN,5.03360697986026,0.23485755888780432,0.32879892163004093
8066,URBAN,3.8119479879657665,0.5847664116144045,0.21369818984834046
8067,URBAN,6.237278944747981,1.5070430098067755,0.27352743652186284
8068,URBAN,3.9791340538280267,1.0620867331183603,0.37691901636839237
8069,URBAN,9.073471314913613,0.9614708435970389,0.44131449753494617
8070,URBAN,4.116492186253195,1.1405254735444323,0.387216185373058
8071,URBAN,3.7360813953290575,1.0003180147067037,0.28478888311777656
8072,URBAN,8.230981681248966,1.6541524245300936,0.3856348576722145
8073,URBAN,4.643089123268852,0.7717218520424064,0.4303746467095652
8074,URBAN,11.178594379715973,1.5241641040832552,0.6576142389519163
8075,URBAN,5.061226453407204,1.6615033710942928,0.23161795401540736
8076,URBAN,11.196075380855055,0.609081419836518,0.26450259355174194
8077,URBAN,9.710828334239515,0.7510991034381014,0.32493163244628603
8078,URBAN,6.509416285850964,1.2854362925538465,0.6022704534290383
8079,URBAN,4.601976505585686,0.19336356879133654,0.44472101251850665
8080,URBAN,12.024783895892442,1.6643003007749615,0.7917212805579109
8081,URBAN,8.141594714350285,0.8623366039810407,0.5465805836565619
8082,URBAN,12.839967447293407,0.691367936840645,0.29444883692138557
8083,URBAN,6.079784155544748,1.1137179204724093,0.13659674731543106
8084,URBAN,11.944911584379808,0.07361928400339313,0.08519448322588956
8085,URBAN,0.27106312012019834,0.6034598099424198,0.15771496901550092
8086,URBAN,5.33225207811888,1.2833872810584632,0.43025138376049676
8087,URBAN,11.175393780501551,0.5897168218197775,0.34229275044917634
8088,URBAN,3.4815401387462113,1.573578049709579,0.4637627640964159
8089,URBAN,4.510866158175381,1.5479455574625165,0.32299501914976136
8090,URBAN,7.149692695391655,0.35097237427323785,0.20855400803067514
8091,URBAN,4.657880906466173,1.061722935851395,0.41919229489704
8092,URBAN,5.838887576508507,1.9528174990145237,0.8252367456684528
8093,URBAN,12.784915353192313,1.7194463688067507,0.8424035598852332
8094,URBAN,7.929609295517761,1.4802679206646645,0.6888154652178308
8095,URBAN,2.6514427360647335,1.25185046865085,0.6119583666042254
8096,URBAN,3.438420015560409,0.49925439618681583,0.4567942825821659
8097,URBAN,3.5279658222385653,0.860020839455885,0.5338353589059798
8098,URBAN,9.48880737890073,1.7680009289343603,0.579543193608644
8099,URBAN,5.730916116894959,0.7216366855683946,0.5653954368998046
8100,URBAN,12.100198525369356,0.8404262968877805,0.5552522213849028
8101,URBAN,9.264530748851813,0.9089381934120877,0.6024021403348851
8102,URBAN,5.263987657213352,1.2593499525547587,0.23969074524031295
8103,URBAN,13.855879612253272,0.47607266610352433,0.2510594094569914
8104,URBAN,1.1761553242208715,2.1748447874920847,0.3677188088619115
8105,URBAN,4.957206747724213,1.1062485567404032,0.5298203517100777
8106,URBAN,11.764768081786663,0.47371933902992036,0.32507260940348165
8107,URBAN,4.770739931619811,0.1296785214792246,0.27466297441067367
8108,URBAN,7.228608649392937,0.5391601583005876,0.3418429445341806
8109,URBAN,10.89345624155821,1.053244508179172,0.4475712480339435
8110,URBAN,3.1189513797168402,0.4223662128473786,0.19724091548640812
8111,URBAN,8.811149315139364,0.19144008730638865,0.09750305794999246
8112,URBAN,4.4286256980559475,1.086474983782093,0.3504434439084269
8113,URBAN,5.6413950612756,1.0634433580232097,0.5148119458538832
8114,URBAN,1.4326153730122153,1.3707029144762584,0.49082170162136446
8115,URBAN,3.167684033010615,1.1087137107090335,0.47564603193879906
8116,URBAN,2.3214340668325613,2.0326182464895,0.1842387661375689
8117,URBAN,6.203187642954708,1.1749138349227497,0.43427815604118775
8118,URBAN,5.126936887649629,0.3725620532564923,0.3348069071144983
8119,URBAN,5.793286172244761,0.10811136593499841,0.26329131681066115
8120,URBAN,6.779916317334578,1.1362114698945405,0.16004912719678518
8121,URBAN,2.3112545512800895,0.8989828407181619,0.1449374228917123
8122,URBAN,7.940743521306504,1.652638682328561,0.31039581440802255
8123,URBAN,9.403505225393072,0.6508420275661423,0.260389825922652
8124,URBAN,5.727300153727086,0.5400565272881419,0.2328792144033626
8125,URBAN,8.604043923281242,2.5662472181628346,0.8608871348567771
8126,URBAN,5.122769239634741,0.9823053691669669,0.43980220231729344
8127,URBAN,5.195702833030991,0.33616349298885956,0.2790146529521444
8128,URBAN,1.5687689266169582,1.1632991639156722,0.35298756182046837
8129,URBAN,6.57638588624257,0.14737625967095236,0.2609076788807502
8130,URBAN,6.935132254355162,0.7986588491255798,0.15612383088843468
8131,URBAN,4.724197294117744,0.6070208550554965,0.06922612729255684
8132,URBAN,3.9494635862032093,1.0186944059399794,0.3174639003527997
8133,URBAN,2.027166059700525,0.9004411357203057,0.32450483634534316
8134,URBAN,12.849472996731347,1.3109392186973186,0.4885964575148909
8135,URBAN,5.18829859456299,0.6287329710721371,0.2886467263841347
8136,URBAN,3.9547246508644256,0.6497131141982557,0.0704517698212766
8137,URBAN,8.53540971851875,0.9718277738525462,0.28984859945308084
8138,URBAN,8.234227350351576,0.286774097139592,0.288961690048741
8139,URBAN,4.979512667998595,1.8373840936052814,0.4928526065561225
8140,URBAN,12.736278193056053,0.9558204045459721,0.07496960952627577
8141,URBAN,3.085490709571654,1.4299964916268533,0.363875695752324
8142,URBAN,8.188440990293167,1.3470762273328982,0.2544822985363974
8143,URBAN,8.509005914197994,0.9165285945921654,0.0818205543728392
8144,URBAN,9.444448253858576,0.9222939263058006,0.208653044378021
8145,URBAN,11.259275034138748,0.7686561380328069,0.2194788009685029
8146,URBAN,6.828236061051441,0.6729036483969218,0.10347592201859913
8147,URBAN,10.750578933980169,0.6489642723940809,0.2427484076210827
8148,URBAN,2.098356114343459,1.4366514862795465,0.26901892275941297
8149,URBAN,6.98259029077777,1.6330934395146792,0.6337113457461068
8150,URBAN,5.889131563121538,0.9798870014075988,0.622406561085213
8151,URBAN,5.8554963438100405,0.9934872237596322,0.6531781545447198
8152,URBAN,5.041141528670637,0.6421247063995061,0.6391844706970963
8153,URBAN,6.356254547014544,1.4667440570954797,0.08004603454081895
8154,URBAN,4.6692268106839885,1.0137922234843926,0.32966139782206305
8155,URBAN,2.3583924225131705,0.6728238689331274,0.3000204671270129
8156,URBAN,1.500861999916257,0.3448153434730251,0.29068969807747275
8157,URBAN,3.779438749896537,0.31786843217295974,0.1549097849464534
8158,URBAN,3.3850668855954624,0.5243764900257524,0.03956804850522191
8159,URBAN,8.908818512647064,1.5096210815018425,0.3927320803060545
8160,URBAN,3.021869844255924,2.1783696235607346,0.5085089037021051
8161,URBAN,4.67216263805389,1.1267032336384974,0.5716851912408893
8162,URBAN,9.682923510870005,0.9641041327125534,0.5537218206258564
8163,URBAN,0.9943649719512202,1.2479289519176635,0.15119253661598708
8164,URBAN,7.837770198567931,0.16997611594523312,0.12014938713433458
8165,URBAN,5.9853689900634555,2.113423837786144,0.5863197542638477
8166,URBAN,2.9311377059145567,1.8997912516968058,0.060628835262221896
8167,URBAN,6.221650579718903,1.2190177164683897,0.2649947438562134
8168,URBAN,6.455928633340202,1.1927258238877034,0.4859539619707283
8169,URBAN,7.304175403435206,1.797318075269829,0.8068645891934437
8170,URBAN,2.2854323374359997,0.5366734475528666,0.5024729906089587
8171,URBAN,8.220501340954955,0.9988803818066657,0.569821344940324
8172,URBAN,6.720089791354816,2.2498949858273116,0.4257763789336321
8173,URBAN,11.283440568417655,0.7227777349284369,0.398648520985089
8174,URBAN,9.280983114550187,0.34122008816963556,0.3737355240452178
8175,URBAN,13.166648924717794,1.4671475429196306,0.48733493908673015
8176,URBAN,8.489667847971978,0.9500107418484564,0.5783189914677658
8177,URBAN,0.6535841773802954,0.633490945983349,0.3375200899629488
8178,URBAN,9.759227821948318,0.9190883238920017,0.09116094172986379
8179,URBAN,5.666741331384879,1.0764731514288846,0.24880254846898356
8180,URBAN,1.0690559430606525,0.1355588499886089,0.1378845588565243
8181,URBAN,7.634269742508584,2.0797502371923153,0.5022940104234951
8182,URBAN,5.500094685417269,1.2732445064688873,0.44367890799601295
8183,URBAN,7.065090657096804,0.4792048408904885,0.4375372325600435
8184,URBAN,2.4407988111644334,0.5082157576655674,0.3577721780374149
8185,URBAN,5.3001975209008005,1.1272508044638154,0.5477810964869366
8186,URBAN,7.914162110575646,0.6861978656302227,0.32443680386311907
8187,URBAN,4.123725957130123,1.269350199539306,0.5930697790786906
8188,URBAN,4.674949713658013,0.32894124669072533,0.4915335031860597
8189,URBAN,3.8937521323253845,0.5214681980228898,0.4968556244872196
8190,URBAN,11.440226968103797,0.3068563195163834,0.4307726605108822
8191,URBAN,7.7742781181684455,1.9682134468189967,0.789992955404194
8192,URBAN,5.5382996346936775,0.45059395379458506,0.4482351282285956
8193,URBAN,6.564835827736758,0.8320583403508702,0.4935331743567519
8194,URBAN,3.221296908523001,0.7272499968844703,0.4498422293244771
8195,URBAN,9.046279683458895,0.9477521518766544,0.5748712709735792
8196,URBAN,4.751933742825507,0.7738037776521669,0.3384866272091713
8197,URBAN,5.752191943297747,1.945861752308841,0.7300526763958639
8198,URBAN,1.5327702480588106,0.6568823377603392,0.6627236754640036
8199,URBAN,11.13954168773805,0.8371869751665829,0.5144361686601785
8200,URBAN,7.764605128875132,0.4256410858816257,0.4938349889623438
8201,URBAN,6.795884448897701,1.1982822889363434,0.734068293326327
8202,URBAN,4.119581357731904,1.867700594733471,1.078879592854132
8203,URBAN,13.953108451776455,1.2901091870885237,1.0894970383765876
8204,URBAN,2.5937082804500258,0.2506748705134822,0.6967200130390165
8205,URBAN,10.480163300659795,0.32300359004855006,0.5489232431815935
8206,URBAN,2.5751618332003887,0.5846903240304013,0.25966210911325105
8207,URBAN,9.48134273259657,1.806387930106027,0.6494429121582017
8208,URBAN,11.15386414855242,1.6062152997557468,0.4849736966326053
8209,URBAN,7.772724895397844,0.6068015149582029,0.5721618195966436
8210,URBAN,9.155911454925029,1.2897706716097628,0.6944505771583745
8211,URBAN,5.69072560530697,1.2192599842810794,0.11524563775355864
8212,URBAN,7.312445280305581,0.8347162329877859,0.21635296562566028
8213,URBAN,3.9006316631469313,1.0663396891009669,0.36444640687510776
8214,URBAN,6.113256832945221,0.7923100510604355,0.22343143586655675
8215,URBAN,6.109090593743014,1.2519295457115407,0.4248261158140772
8216,URBAN,6.795678801054722,0.7282137301150884,0.3092445079419007
8217,URBAN,4.38064530160365,0.9151199150277691,0.07792364697992608
8218,URBAN,7.418971846396203,1.038856320349531,0.28573582123456204
8219,URBAN,10.470801380306206,0.47416699077908075,0.2579533742378013
8220,URBAN,6.2158576267546835,0.42755368195338245,0.1667099494719829
8221,URBAN,4.432263771034845,0.6338702902345617,0.2614319347484707
8222,URBAN,5.44758551348929,1.4835299442546177,0.6459022472402671
8223,URBAN,3.7202890831401536,0.277975076440068,0.5194543314018343
8224,URBAN,5.199878010787,1.0865912562089066,0.08382974656562202
8225,URBAN,4.69930692892941,0.8539644499453675,0.22686596304508344
8226,URBAN,2.2113040463376197,0.7478520666607892,0.3496653640780939
8227,URBAN,6.863077376243687,1.2834487809705757,0.5118225583515428
8228,URBAN,5.032894141927065,1.2368065332179656,0.3140539766823936
8229,URBAN,6.8873916436105596,1.3101635844759707,0.2100091660275277
8230,URBAN,4.5558276769873345,1.2382202846130699,0.3154618213914265
8231,URBAN,2.687882958915871,0.868284893785492,0.4044649792287328
8232,URBAN,8.807624396854509,0.8727121617768786,0.04594411674372327
8233,URBAN,8.248745319541005,0.4932615374595401,0.11319152570222572
8234,URBAN,16.081468625057084,0.4735719069549123,0.1740887117226172
8235,URBAN,2.559942405874725,0.899378840766971,0.37928766114446477
8236,URBAN,8.25168279353553,0.8413945694727235,0.23799878471828886
8237,URBAN,2.8606529210532656,0.8781701414640374,0.4168461664260128
8238,URBAN,3.8819926460791736,1.836000477976619,0.22732362930438382
8239,URBAN,3.289479989481197,1.5055828170504293,0.5344911895742723
8240,URBAN,2.4212242562528288,0.9754025033596154,0.6277022387430138
8241,URBAN,7.126970595792528,0.9533649940659378,0.5742589873789137
8242,URBAN,3.6952991132477595,1.779479277376822,0.259119524509864
8243,URBAN,2.3805374303004356,0.7098380295659739,0.38601491390797465
8244,URBAN,2.3876852230184054,0.3568897008778469,0.33462843006080356
8245,URBAN,5.591426980874764,1.490036793498818,0.642114321768024
8246,URBAN,3.40141036151504,1.1852152187480924,0.7971790941176355
8247,URBAN,4.949453690980539,1.079868834016514,0.38087979624743984
8248,URBAN,4.461512717266775,1.1718994042892232,0.5960476439467166
8249,URBAN,5.138783774064368,1.3255874945593882,0.47392571542540674
8250,URBAN,3.9624879395940615,0.19907173599125894,0.33497868880478066
8251,URBAN,7.34514131622239,0.7415410496857722,0.09635344082691015
8252,URBAN,7.712122330986604,1.2976602129434134,0.42911373061692826
8253,URBAN,5.019427557637142,0.9361225860575806,0.1503835668760117
8254,URBAN,3.2850559257554974,1.5060925030126553,0.3963492443814379
8255,URBAN,7.088027266557932,1.365634064090715,0.3743456058096369
8256,URBAN,8.484868869831269,0.4808629652058556,0.15001404613386518
8257,URBAN,3.520196571121929,0.92284671788063,0.26055010252035876
8258,URBAN,4.928700439813749,1.178724680902256,0.3194001730854063
8259,URBAN,7.680855730133569,0.9971638091056829,0.5185577470104661
8260,URBAN,7.485275249306964,0.936380154416516,0.5520783375407611
8261,URBAN,1.263388997221719,0.8788995206881826,0.5743300996667916
8262,URBAN,9.084405454295993,0.8243592701005599,0.22267020397481627
8263,URBAN,8.903462203812223,2.1298543568188046,0.4869652810444354
8264,URBAN,9.734868776411483,0.5931410083757521,0.318749433287938
8265,URBAN,7.021795438677253,1.7559769660453692,0.38934004569223263
8266,URBAN,4.145098162695185,1.1766699334443205,0.3435523268283011
8267,URBAN,8.094660691036843,0.9706262762090717,0.20433588150318177
8268,URBAN,7.943045662643029,0.4660881623771512,0.27970498211909756
8269,URBAN,1.8054167043851082,1.4191723031921417,0.5105734269750637
8270,URBAN,6.7310297331421705,1.148525946149694,0.7033199157000478
8271,URBAN,7.457883213915332,1.3740246016931639,0.5661660271815164
8272,URBAN,8.770209322277214,1.121872674515955,0.6615252063159003
8273,URBAN,8.173427821014474,2.324539603105756,1.1697458675911885
8274,URBAN,8.802846070758097,1.2989737619933477,0.9675061646430582
8275,URBAN,5.343650322599124,0.42443467149811237,0.6694178904984976
8276,URBAN,4.513150089064441,0.8614694950755374,0.7055905283588583
8277,URBAN,8.033621963777517,0.06994881294301357,0.5102022662654169
8278,URBAN,1.762953283086139,0.6251216169194859,0.40435920530672387
8279,URBAN,9.23550211341494,1.285492943210644,0.3285862239501391
8280,URBAN,3.931247856492694,0.7315707349753936,0.33106697403630675
8281,URBAN,2.8171961531131178,1.1900113360398579,0.11386580218770151
8282,URBAN,16.01269720304176,0.5000189553735005,0.1448757853360447
8283,URBAN,10.636986947354687,1.8544645236682353,0.5933051048560508
8284,URBAN,4.45605227561967,1.2907126662125386,0.6503311854748399
8285,URBAN,7.818046552182398,0.2769799762339909,0.5568850476976354
8286,URBAN,3.1470012445479028,1.167961441618015,0.6656286845327444
8287,URBAN,2.249842275412751,1.8804008484146983,1.0169161243895002
8288,URBAN,11.145128246473117,2.126388502380785,1.0397672766879136
8289,URBAN,10.909031005357743,1.0362962225202028,0.47106323356052465
8290,URBAN,9.425946038582302,0.21843836034873976,0.3985459339890618
8291,URBAN,6.10606340799567,1.0515736650911478,0.2116784290039059
8292,URBAN,3.866928664683208,0.7470963998050797,0.20051005298059052
8293,URBAN,5.099535295508921,0.7256853122848762,0.26205292103890304
8294,URBAN,1.5051546760102696,0.41162558352039785,0.1547265515269127
8295,URBAN,0.516086174846622,0.7041229709921777,0.21211839462291096
8296,URBAN,3.634343275644515,1.559432265051811,0.35639683799072047
8297,URBAN,3.7138940596096357,0.27969619704369625,0.19556786323966532
8298,URBAN,0.7487479289909499,0.5235633668911919,0.24994722680671275
8299,URBAN,3.9550872926976486,0.32925832826970514,0.28465536533905444
8300,URBAN,15.62113908394327,2.3597163511727173,0.8641803045930968
8301,URBAN,10.858232053091921,0.8476356794918614,0.4887041865144447
8302,URBAN,3.306587748310705,0.6591897752215549,0.1660139399846587
8303,URBAN,7.5181839569166655,1.458028484640138,0.4148280350129415
8304,URBAN,5.076482551314516,1.0480517267756464,0.6088201076249532
8305,URBAN,3.7416903556777172,0.36030106317430927,0.3907915803710364
8306,URBAN,5.970502603887815,0.7220533428245157,0.09511898932117492
8307,URBAN,6.996772394418445,1.5001083805207014,0.5056196553733778
8308,URBAN,3.7905035214113423,0.9792298585421852,0.5743598537093408
8309,URBAN,7.31332479526042,0.8822700590849095,0.35427094448799845
8310,URBAN,2.5990296000147457,0.8794297476883001,0.47087124391964214
8311,URBAN,7.0271070600216765,0.4593256502623115,0.20722723809149904
8312,URBAN,10.94832174789643,2.2887479410658544,0.8395521107431416
8313,URBAN,17.1589575144084,2.3631781152122815,1.3305755141921332
8314,URBAN,3.084796984633356,0.8922600084584055,1.0464632836523984
8315,URBAN,3.425322554663903,0.9767235707323323,0.994699096192318
8316,URBAN,6.124179154670622,0.6131464389016477,0.7572673994978019
8317,URBAN,4.441169736838482,1.7308959077641302,1.0556381474686918
8318,URBAN,10.466710599221598,1.5200306946841637,0.9496772510014323
8319,URBAN,6.079811468100101,0.25706640813382325,0.5970008131244565
8320,URBAN,11.682855838717582,0.8711761038240396,0.6630660766548573
8321,URBAN,3.636574978502079,2.4509461901646543,1.0988411497022934
8322,URBAN,3.5694921745170416,1.1412474643822395,0.4989716928269004
8323,URBAN,3.378846235474322,1.9277276439526887,0.8113783949750484
8324,URBAN,2.8580282608129712,0.8788052704141283,0.352584530286548
8325,URBAN,8.096854688057736,1.1196083856704053,0.22159780282277025
8326,URBAN,9.203400679637037,1.244584876687039,0.3873062861655717
8327,URBAN,8.282476417900016,0.44556770583998384,0.3728377970927984
8328,URBAN,3.7494273862321608,0.991472577266471,0.10642668626038067
8329,URBAN,6.040069199689368,1.245970702101986,0.29621402975003674
8330,URBAN,2.6553724446355247,1.3076277621226562,0.22313913509157215
8331,URBAN,6.309341637655774,0.7729066474997399,0.10730850886550419
8332,URBAN,1.3125397188785353,2.7174947034466914,0.8632499184379046
8333,URBAN,3.7196026869244725,1.245739757885248,0.27899592041355903
8334,URBAN,6.4466040994377884,0.2436434546739008,0.27280926470049854
8335,URBAN,4.580475108802938,0.545896624708325,0.33804696445426585
8336,URBAN,9.255509511405949,0.7293692841564676,0.43660290062884244
8337,URBAN,12.13543972760711,1.5797805585433857,0.291175136523926
8338,URBAN,5.702973570055756,2.384653115606279,0.630586208488658
8339,URBAN,2.3705433442959682,0.7476033188002454,0.7036624771587331
8340,URBAN,10.580277980838856,0.6226030097203527,0.33737339450299564
8341,URBAN,3.856526115734849,0.7591424647601601,0.3598176029589339
8342,URBAN,2.444880322718694,0.5106542401168734,0.3263573728732241
8343,URBAN,2.9091761848167046,0.2498698439472595,0.20497388942545813
8344,URBAN,5.059734104013035,0.055615576847529956,0.15447293995842887
8345,URBAN,0.46423664159457567,1.2064095587585724,0.46325976343834546
8346,URBAN,6.919205063078693,1.0104019977391547,0.5830089708433587
8347,URBAN,1.6513034201621177,0.40083929118268047,0.29681712251253034
8348,URBAN,10.221246043353233,1.4269575283409568,0.2814652384967308
8349,URBAN,13.34036679441188,0.1339325780991308,0.2380526416314217
8350,URBAN,9.144737566702462,1.0339076698619813,0.41694929138836423
8351,URBAN,5.885303333594474,1.0084581735384905,0.17031949951878528
8352,URBAN,6.160012892402515,0.6579931061805812,0.08806522531907272
8353,URBAN,12.29538957297753,1.2073485546903029,0.3367534914626887
8354,URBAN,5.357484073664881,1.0162651248505665,0.5007985841516579
8355,URBAN,6.186740687557542,2.0308756786251383,0.7809474326662103
8356,URBAN,2.2302334678874316,1.827833026843912,0.29638965310740645
8357,URBAN,4.642414240133285,1.4922492184272915,0.3318095161318201
8358,URBAN,13.076206506379512,1.5987370642081558,0.2611649973156977
8359,URBAN,2.3028035200804764,1.456985144809901,0.5466881913584067
8360,URBAN,1.2008153675508417,2.645883767127014,1.1400118053547201
8361,URBAN,5.644434473592948,1.2535223284338066,0.5808982068502241
8362,URBAN,10.261861212879348,0.4924266563863042,0.27449974671382055
8363,URBAN,7.155812406959277,0.772234830509551,0.2997280183875208
8364,URBAN,10.978254165572586,0.34136586164889837,0.2937678787157611
8365,URBAN,0.8327610940207419,0.5789143942814597,0.34484775907310355
8366,URBAN,9.421673930069057,0.7032076020770986,0.10099429021916884
8367,URBAN,13.653011982908247,1.0115957525506218,0.32283653184496736
8368,URBAN,8.576849478546782,0.3342128177213313,0.17108035581120146
8369,URBAN,4.603010035753529,1.5149390394305493,0.3618666180146896
8370,URBAN,4.842591251820384,1.8556789956280253,0.34522322257035365
8371,URBAN,7.531528725852638,1.0425713509531178,0.39736988248657173
8372,URBAN,4.466229640087526,0.6333650173755598,0.3958222582464613
8373,URBAN,8.003630696065574,1.2521153366469178,0.41794461833913726
8374,URBAN,10.829115184389629,0.696688498619553,0.5008344725730992
8375,URBAN,4.3789985446801545,0.18275382655758624,0.3708567939933789
8376,URBAN,5.598401613768186,0.9799451364922434,0.5256060753371978
8377,URBAN,8.23339747078488,1.4021469038233658,0.19053925418320675
8378,URBAN,5.641120556382157,0.12189380281407576,0.13661802827680536
8379,URBAN,1.6698301696057831,0.6711200642965894,0.14798464935298533
8380,URBAN,7.358164630729025,0.7284270736910793,0.11717734073230442
8381,URBAN,5.731648680977141,0.8903627099074305,0.19263738987053333
8382,URBAN,2.843550351217853,1.548762673944667,0.3717744440644275
8383,URBAN,8.294717679192198,1.8522832492980008,0.8087470811345634
8384,URBAN,3.870446909587938,1.4142901987043857,0.9569460979262836
8385,URBAN,10.916721652699602,0.16426672926210392,0.7348928733132735
8386,URBAN,1.2077826264412548,1.502575166367446,0.6023082272584703
8387,URBAN,2.475614236103658,0.8845245614014229,0.6308088385451646
8388,URBAN,7.389712181903229,0.5548836301486184,0.2914549123012353
8389,URBAN,11.081682973520108,0.5277993963837793,0.34960966152371986
8390,URBAN,7.009156867945285,2.033855484665927,0.8651110054759087
8391,URBAN,6.247429837599314,0.3020665281748479,0.6392228804114819
8392,URBAN,10.91659000334501,1.2617275179670524,0.8450212733092143
8393,URBAN,6.727420414418926,1.392498547419507,0.9334348835170534
8394,URBAN,6.329904853890915,1.7498916660856096,0.8676385772973979
8395,URBAN,5.092889503145189,1.774334555673402,1.0029010617106207
8396,URBAN,1.158435075363202,0.33556413290123127,0.8212887357200299
8397,URBAN,6.0222158661047365,1.256590407464462,0.4977083325582692
8398,URBAN,2.7197472366272715,1.0540781423718584,0.6372138569313657
8399,URBAN,3.0916349547943525,0.1300154075359286,0.4954805739032511
8400,URBAN,3.332002283777625,0.5483650581095194,0.5166475464790015
8401,URBAN,3.570732759534388,1.7662658484025815,0.9238901922278111
8402,URBAN,6.992709090858138,1.6558333156187859,1.1739328103415854
8403,URBAN,14.043839416543205,0.512262081661149,0.8937124368209035
8404,URBAN,3.711819259530336,0.24254348901259,0.6847907725873519
8405,URBAN,8.264982687340888,1.5040261558070902,0.040825920516588225
8406,URBAN,4.499850111816733,1.9528722808510774,0.5313476920632382
8407,URBAN,5.234113363233197,1.6879669439952223,0.3741694116451597
8408,URBAN,3.6839472079540356,0.42439225382368145,0.36826749050964336
8409,URBAN,12.001071975377426,1.7017001042149063,0.32834420583368606
8410,URBAN,0.4032988282242413,0.4335360647517166,0.36994805297474864
8411,URBAN,5.084877582124467,1.3279049663619944,0.6706788847056697
8412,URBAN,6.408221854835523,1.4890294168373894,0.15829727624538495
8413,URBAN,13.16916091244979,0.49142216939620487,0.28857318538730753
8414,URBAN,6.0651716035461005,0.4154974470257964,0.16435315889929716
8415,URBAN,4.764999992794853,0.6977628909341703,0.34484365364197817
8416,URBAN,0.8390091136611081,1.30612736905622,0.6732704280274237
8417,URBAN,7.404489122374215,0.8842694992080908,0.6495912852745391
8418,URBAN,6.000661385779438,1.304788303605086,0.24900148942064398
8419,URBAN,9.561561028765501,0.6334514404639984,0.36077678717127737
8420,URBAN,7.790296083186151,1.1905628182384649,0.24456044672365182
8421,URBAN,7.9560445675116265,0.6125382510550489,0.36124463435997817
8422,URBAN,9.133667931271606,0.8415658993416463,0.4405323621975931
8423,URBAN,1.877889517385711,0.687655722520562,0.5416170679482818
8424,URBAN,4.041393614612435,0.1864431155045718,0.44883370214700447
8425,URBAN,6.1131716220214765,0.5476424507041963,0.4988419014296083
8426,URBAN,4.947403757141182,1.650650466299193,0.8747763451078873
8427,URBAN,7.557371437246075,1.2540646005305844,0.4702475182441774
8428,URBAN,4.70311283664683,2.964377902590937,0.7207703772715175
8429,URBAN,3.697809999087887,1.2518846637286756,0.1820555892028493
8430,URBAN,4.577549159583249,0.7383187006517472,0.21878844485099236
8431,URBAN,4.352939904108117,1.6451415539956542,0.5691289069067478
8432,URBAN,6.215797239179394,1.3676090248188062,0.6397833981283153
8433,URBAN,4.0813768675517945,0.24151284330379963,0.38165635252502583
8434,URBAN,8.010091502828478,1.7141367462624462,0.5475515042143145
8435,URBAN,5.740179315991764,0.3234100101523507,0.4238346571465424
8436,URBAN,0.5178657957424418,0.3196632382517552,0.38720866217642835
8437,URBAN,2.659770019540445,0.4901236135728776,0.38803404181320206
8438,URBAN,3.9450759805081828,0.5218112844000491,0.32511734782307994
8439,URBAN,4.3405521117653425,1.4676435776779706,0.4026642296629732
8440,URBAN,4.581738229171606,0.7524367175769157,0.5450440201800854
8441,URBAN,1.0670243267720518,1.065027700000938,0.23311120398144639
8442,URBAN,5.584958963579805,1.2048762297945765,0.49517072251492233
8443,URBAN,6.976457958807571,1.3775760627614675,0.1521635635624225
8444,URBAN,9.015258531134995,1.1448847176711854,0.26431805756651733
8445,URBAN,11.77477732927618,0.6513358925888627,0.057448219546805096
8446,URBAN,10.55277184483656,1.228708720675725,0.3521156982340535
8447,URBAN,5.834074794200471,0.9003184110958211,0.5189975458330762
8448,URBAN,6.633740016512653,3.2099043612679585,1.1721710098982727
8449,URBAN,3.695157588633687,0.47170707508630855,0.9499740635519655
8450,URBAN,10.070066054378126,1.9307705592797975,0.5859744201115074
8451,URBAN,3.080271280640114,0.9183837486019552,0.4158411556274925
8452,URBAN,4.8037103579104325,1.393354148283047,0.5584394295196877
8453,URBAN,8.214917860407907,1.3167098597845022,0.5120253867942904
8454,URBAN,6.377969029651163,0.6332637891073014,0.3534672444224188
8455,URBAN,8.154937086897286,1.1972310739905674,0.6134728625055561
8456,URBAN,9.666503512196316,1.2111567523113878,0.49608160684815694
8457,URBAN,6.849945544944147,0.20802971351936028,0.2986935730302526
8458,URBAN,2.635280819749879,0.8051636985597086,0.44663273176528767
8459,URBAN,8.403840088896573,1.098943565353232,0.6190130256818744
8460,URBAN,10.674569725810718,0.6530195232663158,0.5427653820096718
8461,URBAN,4.679745477493393,0.9448002281224217,0.2455096985494804
8462,URBAN,5.666467521303848,0.7240712518129417,0.2559223541211818
8463,URBAN,9.312702935725277,0.4548992357897834,0.3093418321199235
8464,URBAN,4.671494703746796,1.4939871441329688,0.6414559892398274
8465,URBAN,3.253056017187439,0.6322687061461466,0.39620161214637045
8466,URBAN,3.5852395525815344,0.38932966074690417,0.351725731336987
8467,URBAN,1.6975484171585902,0.8687169917325293,0.5022429604390288
8468,URBAN,4.44972158881704,0.3058589776815084,0.35084330011124765
8469,URBAN,8.53545067833438,0.6037080252070648,0.3240392297525345
8470,URBAN,10.709588787932361,0.6338894276854251,0.18069989992181654
8471,URBAN,5.429616205265469,1.3487871677017735,0.49478637424570326
8472,URBAN,8.4525278611829,1.198792895593978,0.4277707692121857
8473,URBAN,2.2648575860310696,1.0083740800486516,0.2026724878373897
8474,URBAN,13.335004904273125,2.15706257220357,0.6366566860914598
8475,URBAN,6.733574135598726,0.4771626143023444,0.3638928011695096
8476,URBAN,10.325928669484792,1.2172069277159019,0.3106385289812801
8477,URBAN,9.653746852119673,0.8039476614564287,0.2065867792417604
8478,URBAN,2.3535196225196673,0.7182568833798362,0.2772307734417493
8479,URBAN,5.202378840240157,0.260169173952794,0.2786142400698134
8480,URBAN,4.652557072414045,1.1601040853776279,0.48131861770783363
8481,URBAN,7.89641803681313,1.1324848554894569,0.18386188930137873
8482,URBAN,3.4061259698940565,0.6081051888622947,0.317495272904434
8483,URBAN,4.139674455570395,0.5352830734606888,0.395955303541311
8484,URBAN,3.529701625578337,0.7940664028754126,0.19639591542978177
8485,URBAN,7.408701933740848,0.5229914062276035,0.19404756190661235
8486,URBAN,7.689479664405487,2.951220405734576,0.8190153458779964
8487,URBAN,10.010696540144728,2.153542986701577,0.360612838877731
8488,URBAN,9.386110948448067,2.125533005239965,0.4558187234492288
8489,URBAN,1.9811384187429424,1.2094332021747523,0.6553824429167667
8490,URBAN,11.24761390687416,1.9491677480261624,1.0822335437337758
8491,URBAN,9.426939199323765,2.0373354795995686,1.4144735919272962
8492,URBAN,2.5710147642188983,0.4059155134413511,1.1020631045455755
8493,URBAN,4.86059792218105,1.468421155244186,0.3865456489314447
8494,URBAN,3.9020549788707997,0.9172927571700078,0.5603328354802414
8495,URBAN,14.140211273789443,0.4311868141001727,0.4611559058122814
8496,URBAN,6.5724765154498375,1.1888376895186907,0.32925873398712435
8497,URBAN,7.525683044216357,1.4585621037521224,0.3429707874763606
8498,URBAN,10.515200091937803,1.6578648659019228,0.42428686006683364
8499,URBAN,11.044197561126982,0.3606223488132384,0.20994079268474672
8500,URBAN,3.66329831287907,0.5676172441205972,0.25995151797743865
8501,URBAN,3.915189713702845,0.8913498856421519,0.2994488990605647
8502,URBAN,4.665432250109261,0.8357271782331582,0.08414418516368911
8503,URBAN,5.904415562507842,1.0845669759142031,0.2729512817311873
8504,URBAN,7.391101308936901,0.5884902477609427,0.2211666158004448
8505,URBAN,5.594682100149525,1.5570887423259068,0.3048838875214609
8506,URBAN,5.700990189237526,0.6473983601070555,0.3283000670758139
8507,URBAN,6.65915089032168,0.9353779483327064,0.1305307041364048
8508,URBAN,4.939461662975413,0.8835806364049505,0.3476974354190192
8509,URBAN,16.875930527065545,1.3943939923352058,0.4321565364091993
8510,URBAN,7.225244643566458,0.567230843634333,0.30933367500931935
8511,URBAN,2.727906595682936,1.666751563815244,0.5235723291266777
8512,URBAN,5.361860755112818,0.9499630767546346,0.40633808555486634
8513,URBAN,5.558245268841898,1.3017484044821241,0.11202504066286323
8514,URBAN,7.287255940217228,0.5923283774566804,0.17219352063904214
8515,URBAN,2.3903003270845637,0.8745898603683057,0.3725709453683391
8516,URBAN,3.083740491369264,0.3844623435177154,0.15166783948700524
8517,URBAN,1.379573120685228,2.75149910966039,0.7804362592108555
8518,URBAN,6.405422788013059,2.1975506619861305,0.8173777644930391
8519,URBAN,10.964943894106863,1.0928589677020317,0.2782437962970393
8520,URBAN,2.568410020110176,0.45498844459184035,0.33007308077047015
8521,URBAN,3.983435827225535,1.1576912541630953,0.5855743964229788
8522,URBAN,6.0715589378357615,2.1982415296904443,1.093136669655839
8523,URBAN,5.472948056665779,1.50242169516083,0.8204012444100339
8524,URBAN,6.822351726751916,0.8302554520584856,0.822257289808601
8525,URBAN,10.134807318762892,1.5655646302724702,0.27172480909882823
8526,URBAN,6.137205330435469,1.3174071271211116,0.3949933909444415
8527,URBAN,1.5287228411473703,0.406324925883882,0.1864441555827786
8528,URBAN,4.51337697688244,0.2874614396026259,0.2247700655164738
8529,URBAN,4.00655015423471,1.718102954494783,0.5360938221308446
8530,URBAN,4.919607940929712,1.5188266637856833,0.2568329578711005
8531,URBAN,10.017072173953723,0.9425511414540411,0.23278594225598306
8532,URBAN,1.531777465447728,1.932479884158168,0.5794220474712733
8533,URBAN,2.2959578287048363,1.612424188152903,0.8170397206697977
8534,URBAN,6.597055617018974,0.4996133698033823,0.6993358107976915
8535,URBAN,6.702351505398087,0.5527410732608742,0.3436695432796876
8536,URBAN,7.3020741331467764,1.7471252483912583,0.4842711098681474
8537,URBAN,6.299297440202314,1.026641579154976,0.49299737166805013
8538,URBAN,9.080282811593468,1.4798029179299599,0.6326392041055731
8539,URBAN,3.329369563339091,2.308145370197973,1.1039429430280792
8540,URBAN,5.603316342043879,2.6255765728710396,1.4862110929047865
8541,URBAN,3.4063722727096177,1.5372874660040385,0.6724482473733688
8542,URBAN,10.455987854929425,1.3276923450140734,0.8904299833853504
8543,URBAN,3.1893750583692593,1.231144184181349,0.936144109988865
8544,URBAN,1.528873721405882,1.004081117963358,0.4101433179541897
8545,URBAN,2.6682413826028806,0.6146520951342606,0.2938993909452705
8546,URBAN,0.7543926950973592,1.5603867309756845,0.3932919698906991
8547,URBAN,3.30656801304008,0.7731583558856766,0.42690811125375505
8548,URBAN,2.1752367800029235,2.274561249286741,0.5920735944555933
8549,URBAN,6.601444868997487,1.2191938922724173,0.7217353470115017
8550,URBAN,4.856687791071898,1.2458800728010218,0.22065520281547865
8551,URBAN,8.69242716055902,0.730109502094978,0.31942913366085146
8552,URBAN,9.371880270710724,0.6480807270548848,0.24823820068539126
8553,URBAN,5.613034715671881,1.0435355812800948,0.1948571794007626
8554,URBAN,8.99736663856936,1.1322680292887806,0.20930387545357598
8555,URBAN,3.573031098202537,1.8520739492595653,0.5917665969444846
8556,URBAN,3.082466046516116,0.6827235628004638,0.22179833676286168
8557,URBAN,5.170553979230186,0.7896858994445963,0.34658420421451414
8558,URBAN,16.717495170294065,2.439055282854055,0.5395471257242029
8559,URBAN,3.407602095096276,0.8854804882912067,0.5375450287950322
8560,URBAN,4.380683057131961,1.778617540130405,0.2137686264210033
8561,URBAN,8.395191467502789,1.2778316798887923,0.48024469305841844
8562,URBAN,7.098192132578535,0.6332239512438802,0.17696783500537144
8563,URBAN,6.136055671221775,0.6043005820342874,0.06427507284844125
8564,URBAN,13.956179347039924,1.5982907294380575,0.481287991767808
8565,URBAN,4.04922013107568,0.1959730250003165,0.38551487444787846
8566,URBAN,6.470627311387785,0.7509517585178527,0.2954975964209948
8567,URBAN,3.5414087575273503,1.3797944033370093,0.2722501563495528
8568,URBAN,0.7299952575049878,0.7378960101375462,0.16779953319053612
8569,URBAN,5.758218799902089,1.05653406108892,0.41482699592204897
8570,URBAN,7.5643305412396735,0.22822936073837896,0.3332456175915368
8571,URBAN,7.0608737261049574,0.37648376085131935,0.3676604732792522
8572,URBAN,5.793538959590127,1.5518101909638862,0.6097840198705372
8573,URBAN,5.622069005720757,0.25322096927536725,0.452335981414332
8574,URBAN,7.581485088821261,1.9516091141929206,0.2868715341957787
8575,URBAN,2.4162689643865143,1.1541946675987378,0.44395467489165025
8576,URBAN,6.386568754620111,1.4809356637866038,0.7407466239841529
8577,URBAN,4.3357106881194545,0.6445762285227111,0.6501942318524494
8578,URBAN,6.844427747542499,0.7272811491943918,0.522747298098578
8579,URBAN,2.318928441245935,1.710571041313395,0.9062307597831819
8580,URBAN,11.063863408407931,0.2645489592435835,0.7490894115712078
8581,URBAN,7.042849627605177,0.3709589585085272,0.5407044357196881
8582,URBAN,4.782860732524227,1.111176108656007,0.6336928278407131
8583,URBAN,6.2672225967534745,1.8294393937994984,0.2881862867319527
8584,URBAN,11.453870102197397,0.2882846687043487,0.20651348774659015
8585,URBAN,0.687351613823188,1.141858811638704,0.1922804649192872
8586,URBAN,3.076087627429485,1.8535116116268764,0.6747495653310834
8587,URBAN,6.281241098164378,0.5542798958357926,0.6582503495769512
8588,URBAN,2.8791155015629526,1.510600670632095,0.6037688884966548
8589,URBAN,15.558502801733077,1.5157795578569355,0.0340820510997128
8590,URBAN,11.765263086206247,0.9251205868747526,0.33153903296612974
8591,URBAN,12.104865401700131,2.0148617726722584,0.39879619301966596
8592,URBAN,5.244067808468886,1.3702010347356066,0.6824270067678501
8593,URBAN,12.259794982438164,0.3453026923637619,0.5927803381592377
8594,URBAN,7.760144141584148,0.9234243855938858,0.647156702450522
8595,URBAN,6.161951459269976,1.126116864398794,0.7148045970635313
8596,URBAN,2.578290458706965,0.7982118539451,0.26819349787586816
8597,URBAN,10.225267239313307,0.9759977744437729,0.21713535110131427
8598,URBAN,1.0262923049518693,1.9294511481254009,0.7167356673264984
8599,URBAN,5.730491887722942,0.9096340968205902,0.7459622380042826
8600,URBAN,2.883301768311515,0.9886098229629845,0.608511979491635
8601,URBAN,9.12534172513402,0.518355192506083,0.46474916846985176
8602,URBAN,6.383982494589815,0.336231238661108,0.4157565079797974
8603,URBAN,9.642686100377729,0.29897781407225227,0.19774268041966128
8604,URBAN,2.7066884313357353,0.5416932618220038,0.0502513603614245
8605,URBAN,8.621772985529093,1.278209334065426,0.46323307066028774
8606,URBAN,14.384761241229091,1.00332851068428,0.2511183122708533
8607,URBAN,1.1890508568444198,0.3185367429092834,0.2643677230624646
8608,URBAN,1.5467440008992226,0.7889205958421011,0.2237776625895229
8609,URBAN,10.321416039216821,0.8579895926323943,0.32713671069846256
8610,URBAN,6.115354219216121,1.6888009132343313,0.6223260976276357
8611,URBAN,2.4936454295753134,0.7374320793371979,0.23697785862077667
8612,URBAN,7.284755408208543,0.7678632312219288,0.2795537403136678
8613,URBAN,10.352019164742867,1.4471811356578208,0.6594290524635198
8614,URBAN,3.81264196229042,1.7758921552380893,0.15002666898069877
8615,URBAN,6.393431556876334,0.6118304584080827,0.23301989068443243
8616,URBAN,4.890657591923013,0.6359864678200177,0.17455752203499078
8617,URBAN,6.4456038656129095,1.7275758162218886,0.6858680036331548
8618,URBAN,8.42427611100954,2.0095596836018568,1.057440315708789
8619,URBAN,3.863080270492923,1.0227063324170065,0.6834914620349329
8620,URBAN,6.4173139586731045,0.7379837510970443,0.4558554219528311
8621,URBAN,6.640414056765461,0.6877427180541216,0.3875461248673274
8622,URBAN,0.8558678875386649,0.41165628187208597,0.22035836385050184
8623,URBAN,7.366095773490098,2.1559107098875727,0.7305514300982687
8624,URBAN,2.4540982273065493,1.6018322078756553,0.44290350711901133
8625,URBAN,5.814191860440559,1.1760928752962074,0.6447873155828108
8626,URBAN,8.77852791898253,0.3417202677892678,0.36877593237137873
8627,URBAN,6.351144208873665,0.9597633098409108,0.5081333905732459
8628,URBAN,5.873204584711933,1.7555758056653012,0.23392516059238166
8629,URBAN,3.4492555446237083,2.1631446450173524,0.5226441499091355
8630,URBAN,9.113692731799352,1.7608162948433745,0.8784634660885201
8631,URBAN,15.210200167073669,1.3340904056161675,0.9854501101864909
8632,URBAN,6.770082035902774,1.0432967601376004,0.6951989385405813
8633,URBAN,0.2131357760712453,1.5994643406140494,0.5983763268852158
8634,URBAN,4.6934593025766125,0.7177725949838113,0.5687893610515419
8635,URBAN,4.989032745545032,1.090927011947178,0.2636963552326871
8636,URBAN,7.248190394425396,1.3946500664257369,0.5827056931170885
8637,URBAN,7.747304226204438,0.10397198434418846,0.423695813063842
8638,URBAN,3.4323887607446384,1.2011084960979097,0.5149991249977387
8639,URBAN,6.623520529233673,1.9697956734327544,0.4254672159315498
8640,URBAN,3.001737263840067,0.8414805808309834,0.5460307666608291
8641,URBAN,7.5883481040544165,1.2099596134161124,0.030082681210463934
8642,URBAN,7.308453437078921,0.6053169560227398,0.1995296432087102
8643,URBAN,6.640519536302987,0.21951950288789812,0.2209404363875608
8644,URBAN,2.2115855382094405,1.432035098790123,0.607397516741965
8645,URBAN,3.234856134316512,0.07558284524473372,0.46729681944644585
8646,URBAN,2.1173109215247643,0.1772412214449646,0.3265175757108954
8647,URBAN,5.166799147502957,1.5893290203553552,0.4977759753113471
8648,URBAN,2.773356620738081,0.18046767573210626,0.30541252567987537
8649,URBAN,8.466735881597897,0.9096384651255375,0.34854346416974147
8650,URBAN,3.026144544440794,0.39305576551953425,0.3620581587319936
8651,URBAN,4.65213024156862,0.5794089164333402,0.16049364984205908
8652,URBAN,6.285722275412305,0.7217696696813344,0.27059164659749485
8653,URBAN,6.271782718189491,0.06728804559353659,0.20629322115684984
8654,URBAN,1.8939162776401028,0.3041079425841936,0.1396695021328552
8655,URBAN,3.544120004714093,1.2625181111330843,0.4357536876326332
8656,URBAN,7.72594290809803,0.2771244128237342,0.23674272901943724
8657,URBAN,4.519627160884778,1.0081753531194269,0.4349887605598989
8658,URBAN,7.926788526345552,1.7936878657689037,0.8009807517946342
8659,URBAN,6.339081835617854,0.650183054400944,0.5745571062004545
8660,URBAN,7.880280040198272,1.3976854420142983,0.3804663319111631
8661,URBAN,5.525996327198602,1.1708792029975696,0.3178212343046377
8662,URBAN,3.2672332457793143,1.2358847662362398,0.5700629331426502
8663,URBAN,3.453252617729711,0.8477214423963692,0.5801705049205823
8664,URBAN,3.0775848975985056,2.5324697145650434,0.9996514905845664
8665,URBAN,3.2253250067635406,1.6193630303420488,0.3487731288145786
8666,URBAN,1.188688905187375,1.4449452250606127,0.09432134477306547
8667,URBAN,3.695801153335203,0.3936436161282136,0.16755647982766708
8668,URBAN,11.006474566828695,0.6609899592679926,0.15786714409203836
8669,URBAN,6.765846542818541,1.3516468043680558,0.44860199239207466
8670,URBAN,1.3870131485263297,2.8248739838994585,0.7624421616300611
8671,URBAN,5.949950163086371,0.9299544355627734,0.6287250992373297
8672,URBAN,2.3965933221408666,0.47960747544186433,0.4188402514476762
8673,URBAN,7.5548852920475005,1.8965858071179982,0.7692577735157919
8674,URBAN,2.0037049183558224,0.8197775369077592,0.6957315103737388
8675,URBAN,4.3670837474220665,0.9142360616132053,0.3040210578394643
8676,URBAN,7.345995996523192,0.8610601212117011,0.061517407872135894
8677,URBAN,6.36839648192711,1.9535062093573785,0.5267197014943402
8678,URBAN,4.400964887728487,0.4285717831145884,0.47387500851141795
8679,URBAN,2.2820337533305897,1.6331852027811404,0.5430578173736407
8680,URBAN,15.128855563860993,0.9828863341964862,0.15254102110162215
8681,URBAN,1.6352903037315314,1.9456834404791001,0.6635618650837831
8682,URBAN,12.385816672694075,0.9752576983957927,0.6947077444626799
8683,URBAN,11.784875798376794,0.3278902350511543,0.5794967540377262
8684,URBAN,8.96061136623013,0.834417547967391,0.261490593039703
8685,URBAN,9.412832207200465,0.330797582342832,0.23710049653568402
8686,URBAN,5.381146866706384,0.27874896338131494,0.20352911409225666
8687,URBAN,8.328002071677147,1.9182754216957005,0.42928163043319156
8688,URBAN,7.487899692234063,1.0160809293402673,0.4440418049577558
8689,URBAN,3.5130291400781934,0.7141662823661633,0.2615040437729171
8690,URBAN,10.763389267954388,1.0365775706424412,0.4602058249370463
8691,URBAN,1.0901809369157038,0.5536553050365615,0.28532329729336814
8692,URBAN,6.744221863200071,0.3397426873108566,0.15263292619507776
8693,URBAN,2.5146540413120557,1.283054124663946,0.26679266341205554
8694,URBAN,5.946269987197709,1.3267478052499366,0.5061110291944739
8695,URBAN,3.5807387736922935,1.9962019062651593,0.13971940771596814
8696,URBAN,13.144454117814092,0.7907243157001229,0.11090684283764464
8697,URBAN,7.296153474419557,1.088616890522214,0.22618473424662294
8698,URBAN,5.222235005698106,0.30843946027761426,0.15817292744177705
8699,URBAN,6.045603439797198,1.486174943061031,0.4682631431101396
8700,URBAN,5.22639268173884,0.5611740128554411,0.27602580568644997
8701,URBAN,1.6157419598727198,0.24115944762154437,0.23524098370964572
8702,URBAN,7.725953284619764,1.574638831862226,0.3083318684805223
8703,URBAN,5.54766765087147,1.6009434477525555,0.6021148446577002
8704,URBAN,5.408468828080911,1.4528954556078373,0.5233668135594682
8705,URBAN,2.879736754486454,1.0276441720225544,0.5724687356115056
8706,URBAN,6.210169546912897,0.9638941896894778,0.6789214495297367
8707,URBAN,6.2297206171412824,0.7013018969778864,0.31921542545031817
8708,URBAN,13.817684592276409,0.8785178159443224,0.3715595963817339
8709,URBAN,5.104910186761942,0.9666569121279932,0.34298644454665134
8710,URBAN,10.668857052329033,0.4866758123560041,0.19786860555865962
8711,URBAN,8.57589498896371,1.3010426995000557,0.24303412597481275
8712,URBAN,4.016243482607355,0.4697688532586264,0.22483341173323482
8713,URBAN,5.811551662706204,1.1865113981878104,0.1627363236584762
8714,URBAN,8.493800167414934,1.0001367465368676,0.277659206571978
8715,URBAN,5.27756322287528,1.1476815469235915,0.44175469029031333
8716,URBAN,9.667874068227995,0.7964387631623068,0.5264564357486055
8717,URBAN,9.215373522930134,0.5501035483584266,0.5254077767909939
8718,URBAN,7.037412041653206,1.6095533229981358,0.1432709427812631
8719,URBAN,4.376655009237983,1.239485248201683,0.31029777805269765
8720,URBAN,9.559606124723263,0.8876548607897776,0.06510156602498868
8721,URBAN,5.366976490556324,0.16723898369439966,0.03419578384493427
8722,URBAN,4.485274422307915,1.3843671930091426,0.34285129780004103
8723,URBAN,3.7577763856592963,1.749290379600871,0.5239205700654422
8724,URBAN,1.7126476424594324,0.451371820934817,0.46494910924287347
8725,URBAN,6.96113983246944,0.8947601235841854,0.08837127085561737
8726,URBAN,8.887177005019334,1.0703702122343839,0.3375333405366528
8727,URBAN,2.4294187714208912,0.7769896099086029,0.2557480817240373
8728,URBAN,2.0481686069070584,0.6751520598043296,0.37675705272611565
8729,URBAN,4.34919124760493,1.6057001167030778,0.3736158128111598
8730,URBAN,7.896111601856382,0.850367121020242,0.49525263056064683
8731,URBAN,11.151924233720475,0.7925345157065389,0.4674697044197687
8732,URBAN,7.4434991312046375,0.4510871871250662,0.39474890405753793
8733,URBAN,0.9444655920248977,0.922640950877928,0.455579974922518
8734,URBAN,2.2502314043439036,1.289717341194433,0.6873970840467005
8735,URBAN,4.11595925907319,0.8178060123777355,0.6253124192179541
8736,URBAN,1.6133067124653624,0.8699551361589775,0.5348749064256507
8737,URBAN,8.918532315327782,0.9677881220513311,0.1334516572490337
8738,URBAN,8.741961385092406,2.46602325478804,0.6178979942266631
8739,URBAN,11.880616191771455,0.3118325694297447,0.35683868313787365
8740,URBAN,8.72471890561145,1.884092824392179,0.410474933830833
8741,URBAN,5.789723047999526,1.1602045286145009,0.4472168938608093
8742,URBAN,7.453887858860254,0.5004297062522318,0.40001432674309306
8743,URBAN,11.284992698148798,0.6803662315107897,0.4776033166717693
8744,URBAN,10.362954516856606,0.6858485366720612,0.3283800015571638
8745,URBAN,10.654808470278377,1.219607222713408,0.5201120086451004
8746,URBAN,7.386983384137225,0.4537941833149696,0.49503812364999356
8747,URBAN,3.572615204277175,1.2564167233678945,0.262417563386192
8748,URBAN,14.099835761214425,0.30137640463946097,0.13101374874746083
8749,URBAN,5.8389805745658725,0.978564694248436,0.29107116470586164
8750,URBAN,10.022240467227844,0.7933158011228407,0.401196925428259
8751,URBAN,6.152085066008634,1.1488340881905938,0.31210456646659485
8752,URBAN,5.884721470881796,0.4079502892336103,0.3396391889523012
8753,URBAN,4.369486301338362,1.4402378154984457,0.641055014991581
8754,URBAN,9.088259250622418,1.3871588581065122,0.7284352520770019
8755,URBAN,11.188129534359543,0.4566243183850033,0.5942126290479606
8756,URBAN,5.045427397808992,0.3548566746058001,0.48336115845075606
8757,URBAN,8.825174774064672,0.7023792209352967,0.16929260077186414
8758,URBAN,7.66937109277978,0.5872258664850312,0.16784262963500501
8759,URBAN,4.440280602937161,1.8613359373939742,0.5023051790311458
8760,URBAN,6.465410324904247,1.3414536820456866,0.6601544622425864
8761,URBAN,4.1067691018947885,0.21575548920470036,0.4570410712173017
8762,URBAN,4.882438121774161,0.5678052631878343,0.32324269822065904
8763,URBAN,5.486074277378672,2.723728468744829,0.9827119407852072
8764,URBAN,5.222851733482134,1.7912207527584942,0.5846542215359699
8765,URBAN,13.90273169553072,0.23916473621757128,0.4699385945231851
8766,URBAN,7.133995871450589,1.410981472021218,0.7079768418431855
8767,URBAN,8.59904514200654,1.4059531374566772,0.16764695055913817
8768,URBAN,5.867816075541594,1.1178898313282666,0.19774746942590557
8769,URBAN,11.568871174692546,1.646954583782471,0.5716463557429682
8770,URBAN,11.085441431625386,1.5799088018727603,0.8560986551360993
8771,URBAN,3.747567569012013,0.6118591772491714,0.43539029737881524
8772,URBAN,2.792907832932691,1.1697234839031614,0.399097912926491
8773,URBAN,7.9821577197045945,0.8858902519681751,0.5216933832248586
8774,URBAN,5.9106891934768555,0.4393482836691982,0.4349030979834145
8775,URBAN,1.3439893094121977,2.0330401049996567,0.8239552524940505
8776,URBAN,5.753315767363886,0.43479581266137046,0.728851204620197
8777,URBAN,1.84912594495236,0.7601779252187897,0.3946064161916717
8778,URBAN,6.449682551865873,1.9314763726688073,0.2754743355799091
8779,URBAN,2.8869048863054925,0.7358094982112179,0.29779452845966986
8780,URBAN,2.1261363320962983,0.9699404989859393,0.022148968414414674
8781,URBAN,3.900716465676186,0.37383348438996306,0.10397570523410693
8782,URBAN,8.627243962669423,0.6073233662171208,0.22037374508481877
8783,URBAN,4.402963249271881,0.5803401866889164,0.2627899603459081
8784,URBAN,8.795540033629106,0.7212710396931704,0.3581541297382908
8785,URBAN,3.6196937398283975,0.7313072803966995,0.3277618550398051
8786,URBAN,7.962546293055275,0.9522719981229827,0.4980456683936692
8787,URBAN,10.203329244814094,2.4668472663889403,0.3002736346257648
8788,URBAN,4.504235042887143,0.931950746854729,0.462696739545358
8789,URBAN,12.3580017513066,1.8738057826550696,0.25368690753061784
8790,URBAN,6.725666723817651,0.06714303111313569,0.1848490160221193
8791,URBAN,5.993610756054251,1.310007892426503,0.46030014384166407
8792,URBAN,1.5836434074362988,1.9508334786405557,0.7025993385404583
8793,URBAN,11.421939297854149,1.6763962706087479,0.5833987882804704
8794,URBAN,3.7439593801771216,2.5557692346625185,1.0337058367305467
8795,URBAN,5.1075385340017645,0.43032449753285545,0.6553294280345426
8796,URBAN,1.0169220777234844,0.7255056021225451,0.6736586412516246
8797,URBAN,7.660275903687296,1.975735493777909,1.047040723818335
8798,URBAN,6.8324699903649,0.9812153192601498,0.4734180463996452
8799,URBAN,4.236247046952194,0.5106841857387915,0.19535017049460288
8800,URBAN,6.606202150212611,1.1834130617660068,0.2315238342668325
8801,URBAN,8.625735470943189,1.6737812145905857,0.2919618890662889
8802,URBAN,8.130513508808297,0.899659979419696,0.18151328292443197
8803,URBAN,7.404192409519653,0.9024753264919785,0.36462546624001435
8804,URBAN,5.583911553677639,1.8712034984005055,0.31557723278255045
8805,URBAN,5.846339217223572,0.540116603881843,0.2551266713001317
8806,URBAN,7.892338471163582,1.6590955018547684,0.41838905401802967
8807,URBAN,5.676691341898335,2.0857314464953705,0.5842217178657357
8808,URBAN,9.594213019132166,1.7203182665406664,0.7538569917930347
8809,URBAN,6.441142651579354,0.6134599795980207,0.46985835509308577
8810,URBAN,5.582601748221324,0.7424496886275771,0.20290636440566523
8811,URBAN,3.6826448395053584,0.6736289597108553,0.1947524146122502
8812,URBAN,9.028949799108508,0.8453578744325223,0.3472042444074892
8813,URBAN,5.548671629051442,1.3676719073013799,0.17672804737572276
8814,URBAN,6.728990975463295,0.6652201309916762,0.2962332881536034
8815,URBAN,4.581008417025631,1.5078023805666316,0.5940500322146862
8816,URBAN,10.185261615316785,0.6412518277134923,0.33616179393800927
8817,URBAN,9.902605207913592,1.7427296128350427,0.6169776903662021
8818,URBAN,9.443536942274058,0.34166332404773353,0.5259312153722484
8819,URBAN,6.781402439948802,1.7014481576096883,0.10120946043393636
8820,URBAN,8.259779494123197,0.6120319043585378,0.20444423653432114
8821,URBAN,3.187564742289611,0.5659349227048327,0.15195978817040268
8822,URBAN,2.9271417836851312,1.320150784495307,0.42737661146821226
8823,URBAN,0.8786759558818371,0.9617568800946481,0.49446643232963977
8824,URBAN,3.9187410978581667,0.7378005255589861,0.3300349750212258
8825,URBAN,4.37715214065944,0.44947353280104974,0.32604481162657956
8826,URBAN,11.240527258297334,0.7556129778271602,0.3399973008472756
8827,URBAN,11.928414634634185,0.7668208611122138,0.4377837517041323
8828,URBAN,7.640155383360713,1.088808268670948,0.5142786596967729
8829,URBAN,5.628433143310361,0.805121697519721,0.4975410593802839
8830,URBAN,1.476402921313157,0.3006350606702938,0.44637588294713587
8831,URBAN,11.235678951878626,1.2540542862919228,0.6591565650324739
8832,URBAN,3.389741148695606,0.34134615234074356,0.5237645493172418
8833,URBAN,3.6969144285957842,0.49333315756326057,0.40294065227008047
8834,URBAN,4.64584123344867,0.25187174547156527,0.3611139120879966
8835,URBAN,3.864724579759897,1.3711502240235085,0.38656162477534073
8836,URBAN,2.683151715587019,1.67241224518037,0.7060394511588575
8837,URBAN,6.0526623309899,2.0936519932107043,1.0802363692440737
8838,URBAN,1.3564767861722968,0.8854667383385296,0.9668137796159385
8839,URBAN,2.2394444025283518,1.354171407295206,0.34584633943554927
8840,URBAN,3.396171457964857,1.0800328181511745,0.52583508060047
8841,URBAN,4.481975297454972,1.2764229727027507,0.404210652723519
8842,URBAN,8.569422652213813,0.6362493179506511,0.4495627604655818
8843,URBAN,5.220938920209373,1.6318233803320523,0.28004800756483916
8844,URBAN,3.9961748715880048,0.5793428608684409,0.3348776086104824
8845,URBAN,9.614554206727608,0.7307246410085702,0.31408031266384706
8846,URBAN,3.338847250225893,0.37544262889502417,0.316473692184949
8847,URBAN,6.195341629627696,1.5223654004911986,0.25515979310055803
8848,URBAN,1.165393601757475,0.7829431807241021,0.2543555493913666
8849,URBAN,2.579222381313473,0.6440674054216022,0.3798708725708115
8850,URBAN,7.0098796761712245,0.3402441626561928,0.34691343452698675
8851,URBAN,11.337202546922715,0.9591486070580206,0.5490300336649092
8852,URBAN,0.19456691276259352,0.14331676660957032,0.3826614838171321
8853,URBAN,7.1512858322517365,0.6353001861413184,0.08175616989334548
8854,URBAN,6.778325629407519,1.8080126399334298,0.5691865236855431
8855,URBAN,5.702794655776474,1.0921821133405154,0.5991343901794253
8856,URBAN,3.0497018125953805,0.7467973763711755,0.2568430876992597
8857,URBAN,1.9523688440406586,1.318676457455027,0.5236568023316204
8858,URBAN,8.01687256318276,1.045148223206421,0.2089395102276249
8859,URBAN,7.719159687409862,0.6320968611310144,0.16170854051698172
8860,URBAN,0.9928485288679264,1.9412874272272957,0.4673121167969862
8861,URBAN,12.315174484487416,1.4735151631477292,0.7556950185812261
8862,URBAN,4.416280612066295,1.6973398798474968,1.0452022072288965
8863,URBAN,8.63704769544035,0.20583654649307273,0.7844697508695219
8864,URBAN,10.308256077640877,2.202945655057254,1.1496386166336965
8865,URBAN,3.0176361138271766,1.6295513518387474,0.789076570413482
8866,URBAN,10.94140664213799,0.5275878143853644,0.723472240062192
8867,URBAN,10.888062506120017,1.4352395848629695,0.9461137729836124
8868,URBAN,7.4762392961701325,1.6299600181699145,0.21496160259889954
8869,URBAN,2.6328092517944057,1.028294579993704,0.18398805869994328
8870,URBAN,5.076014759894947,0.42977425805493713,0.05183459067453217
8871,URBAN,9.61130991997044,0.9244010912304965,0.23374255343591968
8872,URBAN,15.581868979173056,1.7553714798760722,0.6501385019286128
8873,URBAN,3.0019766942982544,0.680588715593468,0.2684738166381762
8874,URBAN,6.547640162454434,0.898960199513697,0.13155998703323515
8875,URBAN,7.721269122920997,1.4726444321284633,0.5594588032528095
8876,URBAN,6.759806615013563,1.7047469995053501,0.41902586090657734
8877,URBAN,4.234903846642931,1.5141651712138444,0.40743591220318864
8878,URBAN,3.6392166334149687,0.4829840757922335,0.39837455366051927
8879,URBAN,9.08920277010674,1.2066184183882365,0.6663586830888221
8880,URBAN,3.0438317479332975,1.7789424903375428,0.7857386494663098
8881,URBAN,7.181277818452373,0.9675946934116091,0.8791365750430193
8882,URBAN,5.135861309408369,0.11477584641652498,0.6191969861301891
8883,URBAN,4.00678162812989,0.6423589683588523,0.5666415864837961
8884,URBAN,4.4995395076783415,1.6828624823637706,0.6397193232511759
8885,URBAN,5.154163711419401,0.661593052625397,0.44653133459877514
8886,URBAN,8.905646343302537,0.5853018787135248,0.43648954437294607
8887,URBAN,5.06498742424688,1.4379132604802403,0.6878246272276572
8888,URBAN,6.5703566698365865,0.5070567004710679,0.379027109096707
8889,URBAN,7.572341830023227,1.7617177801693427,0.7308106847585809
8890,URBAN,1.8377604082365762,0.524128231446385,0.6188930603616962
8891,URBAN,2.660732175894008,1.2347612062393323,0.2570010714618958
8892,URBAN,4.068503213863656,1.0397041165543226,0.2548942112539598
8893,URBAN,5.695508162068714,0.8017707649329342,0.14768877920984247
8894,URBAN,4.498530872604413,1.3268699779580726,0.4885548338611141
8895,URBAN,10.65448740122974,0.6399306016692893,0.18933356754223274
8896,URBAN,3.075218359771132,0.20266134494152788,0.19881535083484417
8897,URBAN,3.5137702762090224,0.5881207982589316,0.09436927740068926
8898,URBAN,11.13906102668564,1.424578409870058,0.4670961596083085
8899,URBAN,7.0203338060166525,1.4109866537154367,0.7222406291848943
8900,URBAN,17.68477734088156,1.1747124803723061,0.4083290920467769
8901,URBAN,6.600645184992604,0.2276027069619236,0.2643907850352637
8902,URBAN,6.770567149399748,1.028752925873043,0.129756772333518
8903,URBAN,5.271277666308125,1.09309390918927,0.23004246158988828
8904,URBAN,2.6101024718652113,1.2702803508896163,0.5315014139217401
8905,URBAN,5.185748159668479,1.0510925988537851,0.06810826838713947
8906,URBAN,7.035094563196377,1.4831906257873446,0.4622388186851503
8907,URBAN,1.7040133434592688,0.5880295938524156,0.5311185236414372
8908,URBAN,2.6326743715566674,0.7930055139475068,0.18306961754900664
8909,URBAN,5.997939426567044,0.45921962807885713,0.27130611862647597
8910,URBAN,3.4593257995257085,1.0825720842418474,0.4483439837982078
8911,URBAN,4.277274455923735,1.6848372909404654,0.8391581559050195
8912,URBAN,7.042812586071436,0.9023291866135287,0.601104948844772
8913,URBAN,3.502067925457239,0.46266970204784075,0.46079701864405437
8914,URBAN,4.385266501117802,0.14957248751056718,0.3213912962629939
8915,URBAN,6.278824515747755,2.0807170587457913,0.4113261117267728
8916,URBAN,8.623637878989523,0.5796778080430708,0.4822352374961525
8917,URBAN,3.966423934517846,0.9858723158070285,0.6135766227623433
8918,URBAN,1.7851274642241808,1.8954311429879298,0.6166170543353423
8919,URBAN,5.328639524486819,1.9723363557853397,0.14261293904427125
8920,URBAN,8.534099157092951,0.6860882762075335,0.24568187442599293
8921,URBAN,7.813719516247495,1.8064558113868996,0.3886502014871844
8922,URBAN,4.224126367714389,0.6662412420370166,0.42893389996511777
8923,URBAN,9.27641358847621,1.7022575404035867,0.21689792491617632
8924,URBAN,3.5773432178359417,1.9331621454946737,0.41308922162623846
8925,URBAN,4.3657990494259336,0.49735445909734366,0.15216716650892168
8926,URBAN,9.17867958115382,1.4374099849653457,0.5059990023620902
8927,URBAN,8.124665671360237,1.128327701231365,0.18315649048909957
8928,URBAN,8.625407034505029,0.6495067143229959,0.20797252525113538
8929,URBAN,6.94592108637695,1.4552435530655459,0.5070747683728007
8930,URBAN,7.640752040520617,2.2352636901907323,0.3013833966810339
8931,URBAN,7.617726458673416,0.3627172118757228,0.3264963470870026
8932,URBAN,8.277503247118515,0.7139272037350929,0.2600384017159255
8933,URBAN,5.902487840293999,1.5544336365732099,0.5239873500142044
8934,URBAN,1.195339736254365,0.790402496327991,0.3157683093081142
8935,URBAN,6.764736681573156,0.5172690877304849,0.31069096565868376
8936,URBAN,0.2612453613125638,0.3769854853632833,0.30350040714132653
8937,URBAN,6.4211393574291264,0.5452608401423698,0.19110927286529003
8938,URBAN,2.639935385718365,1.3021174858394198,0.2794751228210884
8939,URBAN,4.5826072240440165,0.922233365800804,0.3953560223941334
8940,URBAN,5.297933711182429,1.9297025056016917,0.35140238342075647
8941,URBAN,1.643542090133142,0.9623181595731344,0.5070969461156029
8942,URBAN,6.403926333228667,1.3801582712675633,0.8034570265464906
8943,URBAN,11.721446034186362,1.1606349484502003,0.9493681092037692
8944,URBAN,3.5477843456439353,0.1454819024098391,0.6944981284640476
8945,URBAN,10.977289584369826,0.3694439810960486,0.6132103359231533
8946,URBAN,2.5578231195565526,0.22619820948674596,0.39061442439116845
8947,URBAN,1.6110696316225066,1.3166185267938275,0.48383025494843157
8948,URBAN,5.2888344224919175,0.3886614938941938,0.24298707091572788
8949,URBAN,7.887805038726586,0.9906754076375384,0.2457090606934934
8950,URBAN,9.340524135278013,1.1538519935335332,0.19601979284599594
8951,URBAN,4.907041066260272,0.08522838112794497,0.15085325154805815
8952,URBAN,2.233574652280474,1.0944608196535865,0.28200556959960366
8953,URBAN,0.8914937045125885,0.9565046195020869,0.45424829091149405
8954,URBAN,8.996553623787376,1.5974938887658516,0.6162332579610487
8955,URBAN,4.854766442629389,0.6692850299574895,0.3325595294691404
8956,URBAN,1.841281842898873,2.2514496936322304,0.8568194613790003
8957,URBAN,4.467010857915784,0.19803386902366427,0.5538693632577225
8958,URBAN,2.861245034265663,0.36850150682488586,0.34973937734663285
8959,URBAN,1.467704734796966,1.2507872530955106,0.15504405876570423
8960,URBAN,9.311396978708533,1.2266701156963675,0.32366175630716426
8961,URBAN,3.0524190486453593,0.8439030835413922,0.4780002833710068
8962,URBAN,0.4527201022841969,0.8608036486942129,0.5456766787717766
8963,URBAN,4.851186002451173,0.4033655045037895,0.2856400148346238
8964,URBAN,4.45733002756307,0.5766025549644282,0.2578170936571606
8965,URBAN,0.639068847407421,0.8783724649292817,0.14904957491314783
8966,URBAN,8.13344070707552,0.7939839171937545,0.2727990965563985
8967,URBAN,3.37104906025374,0.4384341018277767,0.30932673692537976
8968,URBAN,4.055426236503206,0.6319586804572597,0.11711176728317563
8969,URBAN,4.490780933210603,1.7802118101526798,0.5825753565915774
8970,URBAN,6.101555043878349,1.0981963042109066,0.1188550440345664
8971,URBAN,4.17527966219252,0.3801440287270605,0.1955460430654896
8972,URBAN,1.6713018194722888,0.30431174276319917,0.07480151319834143
8973,URBAN,4.986474940300052,2.02376605218768,0.5549670991456537
8974,URBAN,4.216903278410535,0.9061728926776391,0.196487158799891
8975,URBAN,8.413352559489251,0.956437233215176,0.37996439063320075
8976,URBAN,9.0788971498611,0.09049100239815491,0.25384675305893667
8977,URBAN,7.557956536079715,0.6401415957149842,0.3801123153482012
8978,URBAN,0.8653164199935381,0.35352359663341154,0.17104848262156944
8979,URBAN,6.016455359012782,0.42296732427465294,0.1018939666836936
8980,URBAN,3.2942023356401373,0.36849748364251583,0.04376886779503596
8981,URBAN,7.339285870133941,0.6778285222979521,0.23025030958351628
8982,URBAN,3.60210316995948,0.5968724155383944,0.04528475824212036
8983,URBAN,4.971514743380777,1.6999554263662595,0.523219278582486
8984,URBAN,6.792469221833113,2.656864262143386,1.1374428634150509
8985,URBAN,10.108611896328693,1.578447088411527,1.3207334096851635
8986,URBAN,2.5255599614024677,0.9014456813949744,1.2296247696303098
8987,URBAN,8.071678647630335,1.2754441807999224,0.5074196020634879
8988,URBAN,10.149628790933628,0.6249160829124953,0.5526524099344671
8989,URBAN,5.1422968174451675,0.47888953449972693,0.2702925201924586
8990,URBAN,12.506816943690614,0.9626266519247468,0.4002756141499181
8991,URBAN,8.69481593468131,0.4347189838197887,0.3360015857200063
8992,URBAN,6.544102789675711,1.0434571673078414,0.49742453258325314
8993,URBAN,10.869380532456052,0.9175886012516973,0.1502427038728796
8994,URBAN,5.376593528423852,2.206946315032239,0.5315312651047072
8995,URBAN,5.204871077199948,0.6283285280829912,0.41640768936459804
8996,URBAN,10.225100180013136,1.6006288249498244,0.38503118861913255
8997,URBAN,7.151839807399133,1.1815993088356804,0.6551179453555936
8998,URBAN,6.324234457062378,1.5036828887385874,0.7971251801664249
8999,URBAN,4.0478151309888775,1.836387317063544,1.053346746048691
9000,URBAN,1.2559969200273962,0.6826603940739558,0.6680364172140817
9001,URBAN,9.428738583967846,0.6812579135244458,0.3021095095280831
9002,URBAN,5.03726749691481,1.2938826920736124,0.5362887272103516
9003,URBAN,11.192338229678759,0.14729485170142814,0.38545461320656316
9004,URBAN,1.6826048980005974,0.6942648736197617,0.08958562221897359
9005,URBAN,2.9722101299688046,0.9414891332699421,0.29608921480064504
9006,URBAN,7.1441830655141665,1.036998494036774,0.4165244568978059
9007,URBAN,7.045361235617578,1.4115251999336869,0.5572591852831397
9008,URBAN,12.130161493665353,1.8413307475398355,0.838118992524438
9009,URBAN,7.01008329225866,0.7480894699383648,0.4129995370760045
9010,URBAN,12.450008441578529,1.8273803747394888,0.8140207509730751
9011,URBAN,9.082677192634085,1.8030637728405952,0.2761735341057525
9012,URBAN,9.131904654624911,1.4775379267311974,0.6253966306079095
9013,URBAN,6.986828759913502,1.5225697796071644,0.06173204473736155
9014,URBAN,6.909442795822477,1.967661219562034,0.6001807996749073
9015,URBAN,2.3979051736217394,0.5337376408476611,0.5508574152623695
9016,URBAN,3.0004349903127534,0.8077107804520464,0.36692297832459875
9017,URBAN,8.724443619408396,1.068727574824104,0.09707654513152075
9018,URBAN,6.159893826509513,0.8738681536179312,0.325049852871125
9019,URBAN,1.372284713539491,0.7060237650684805,0.08770235268595135
9020,URBAN,4.3770395580496295,0.5817914523350506,0.21674330279994486
9021,URBAN,6.12356170548173,1.8025958803756925,0.3842958505607491
9022,URBAN,9.336758805993094,1.1845611225337838,0.5160506690602054
9023,URBAN,5.557162881601131,0.21253389215400842,0.39298382214426575
9024,URBAN,17.45844539210042,0.13437631441025844,0.2839613523455054
9025,URBAN,5.8272206766461006,0.4023551785021084,0.3213488053924664
9026,URBAN,8.137204841124833,1.0688966375879048,0.5286605788943258
9027,URBAN,4.12972524704456,0.886317916002152,0.4492765937765286
9028,URBAN,1.0077798701927883,1.0528335468241896,0.280973494953979
9029,URBAN,4.241777445384725,0.20677391923088642,0.2477992672594597
9030,URBAN,6.04740919989174,1.8629347180227633,0.7002332872195585
9031,URBAN,1.994377727168733,0.6833378643754451,0.7082202685964266
9032,URBAN,8.408008527019211,0.7312141995176433,0.315623424334745
9033,URBAN,4.7743873034732704,1.8041577835670066,0.7153729231912546
9034,URBAN,4.602772191331688,0.9602555497764454,0.5155654906720315
9035,URBAN,7.591760160813242,2.020358021756872,0.9314862181205912
9036,URBAN,7.815366342915496,0.48257487949808836,0.7570111914416134
9037,URBAN,1.7769749034555895,1.1151747549579794,0.24287395507182227
9038,URBAN,3.869784200321276,0.6747183671556026,0.27599650172986834
9039,URBAN,5.205337890311031,1.1444832926926682,0.5256987288108146
9040,URBAN,2.669663194680423,1.3780942751955856,0.4579704904502462
9041,URBAN,1.9232649156165758,1.0236970303708328,0.5117006682695392
9042,URBAN,15.659639549285284,0.267394107431245,0.3367883218390512
9043,URBAN,7.288211726125103,1.4223068739527913,0.6519191855692662
9044,URBAN,3.741574835449812,0.7939353337066944,0.28322850904696184
9045,URBAN,6.125802267282374,0.7089252785772163,0.13017648890684116
9046,URBAN,2.8585508854558106,0.8632553828416011,0.18607393547099063
9047,URBAN,9.09009925574333,1.9749517371300274,0.6607705442981116
9048,URBAN,6.155187787634765,0.5059975576809368,0.3831976763957919
9049,URBAN,3.4100123744684576,1.4806036640749989,0.20748201743580458
9050,URBAN,10.599879298438198,0.3121815291285434,0.2254379473986722
9051,URBAN,9.706573418963675,0.20818879145384914,0.1748631662178581
9052,URBAN,6.704912605140606,0.27432726071654207,0.19283459702399605
9053,URBAN,6.6337699084740285,0.7035616898896554,0.28805005230877423
9054,URBAN,8.222967225163943,0.43515444785792895,0.08234189127336496
9055,URBAN,2.3161315834955,1.145385195099853,0.3809510280527202
9056,URBAN,2.1275245528559803,1.4468805173956694,0.37861667627365225
9057,URBAN,11.948785490971463,0.8219976819363896,0.5150092880945306
9058,URBAN,5.8260931739896105,1.6109650724799278,0.7707475683277129
9059,URBAN,5.692385958906708,2.2688082489849815,1.207757111723854
9060,URBAN,13.356976419123448,1.0700517473914224,0.5536059653840084
9061,URBAN,2.545068071321033,1.4167567140166468,0.5761444651703893
9062,URBAN,5.571288512428035,1.225371623307674,0.7691888907061504
9063,URBAN,2.8435600692863274,0.9032026012960888,0.8228214031584267
9064,URBAN,4.951068265596413,0.3397549323752691,0.656388410750442
9065,URBAN,4.188706147805138,1.244219530173495,0.1661206662479923
9066,URBAN,4.5499525687631746,1.4979557520668108,0.3945010545174349
9067,URBAN,7.428086487214091,1.3624339202983549,0.6159581896089285
9068,URBAN,2.4615035264131326,0.6304787696326299,0.35986259865636
9069,URBAN,14.411433830204253,0.3284695728586754,0.29131917138010405
9070,URBAN,9.462046074411163,1.4517164665159974,0.38144300261214986
9071,URBAN,12.45796296681536,0.632335376903448,0.3229354915904186
9072,URBAN,4.485720253438841,0.8961620859592967,0.49141815031941855
9073,URBAN,7.001217019491806,0.978109191809223,0.6487458608967331
9074,URBAN,1.9440548419813117,0.9338504350026218,0.5993359542008291
9075,URBAN,3.739165102340913,1.9133264018470424,0.5018742481867703
9076,URBAN,5.143313881087034,0.6680600481240616,0.20309624939744095
9077,URBAN,3.504548491759126,1.4321163853242516,0.3068039957393492
9078,URBAN,8.817559433889667,0.5966142113329806,0.41950327011724686
9079,URBAN,13.41832924541399,0.37905456142037836,0.35773297528340936
9080,URBAN,7.105034303151793,0.9000127856392783,0.5381557993235567
9081,URBAN,3.3566840367377275,1.8074464948655111,0.4228274538400244
9082,URBAN,11.239672314363721,0.9224443709938462,0.3658961416645404
9083,URBAN,6.887487005735957,0.8265144577046737,0.5278298731585557
9084,URBAN,14.843041772384854,1.4421788839770184,0.12513664211507552
9085,URBAN,10.808081021971006,0.39181796000380803,0.14427062223459428
9086,URBAN,2.7800091197602943,1.4601832451275787,0.3845122467617019
9087,URBAN,10.622237786890379,1.4744803622880671,0.7497276209571473
9088,URBAN,3.6102597064392232,0.6559603334220733,0.7546484430654637
9089,URBAN,4.880732472974404,0.9652310232750697,0.6034187097495733
9090,URBAN,2.878164280998511,0.5690893480310479,0.2744359414395048
9091,URBAN,8.997210199965336,0.17268124141934885,0.1575528035069326
9092,URBAN,6.8339161644214546,0.7201377811923741,0.30710202004938075
9093,URBAN,6.55610113573568,1.6932142968586523,0.7432870768240929
9094,URBAN,15.290577465151973,0.9351368464855219,0.41010265850915817
9095,URBAN,2.9472278574838775,0.5856726765937987,0.28142484819051994
9096,URBAN,8.909502643701236,0.5799374398372944,0.1785517180141073
9097,URBAN,12.25718016389299,1.5274178768396633,0.31955257528957437
9098,URBAN,11.851356183709006,0.8316290921422976,0.4008713383264145
9099,URBAN,7.671727551521593,0.3700715881238615,0.3080609049031733
9100,URBAN,11.015696068077904,0.9075316576714889,0.49496873224573346
9101,URBAN,0.5815899857112697,0.8317962408363688,0.5534784077737219
9102,URBAN,3.402255790010366,0.2739828676480845,0.3893438725126624
9103,URBAN,5.984733026492375,1.2841703064145125,0.6626310871535332
9104,URBAN,5.191460306315177,0.5535796148379442,0.3314794973685419
9105,URBAN,9.833999370106383,1.1241650303660715,0.570948529106989
9106,URBAN,7.664484285724809,1.3708291583340977,0.07997046509588432
9107,URBAN,3.415889603126922,1.3823987393954804,0.36399349454895946
9108,URBAN,2.8475878035768614,0.7343339165109448,0.32718998727719645
9109,URBAN,3.73940106341669,1.5559189271096299,0.6728735086142655
9110,URBAN,5.9271393720451195,0.799914455159731,0.6279753374383497
9111,URBAN,6.060345237043064,0.7153075431137851,0.2642505362978781
9112,URBAN,6.0741118991230625,1.6032618942034094,0.2744905298861596
9113,URBAN,0.7835509461552096,1.2122460350502473,0.4352944061471277
9114,URBAN,3.853155846152956,0.23540775359175078,0.25623271538142467
9115,URBAN,6.917524108071863,0.39309983621085537,0.17991597473552132
9116,URBAN,6.87717485596826,0.25096876373975213,0.19204907693451073
9117,URBAN,5.785537779734397,1.2773804065657417,0.35850747426857726
9118,URBAN,13.747987630144085,1.5122913713528232,0.23626267761687217
9119,URBAN,5.726153814659404,0.8483638930907753,0.385271862387146
9120,URBAN,12.12471957931768,1.4608526548781695,0.6573162363644028
9121,URBAN,3.607857545205983,1.7341434591735674,0.10864507466526128
9122,URBAN,5.9686510121949174,0.6544479494915996,0.20556014190006452
9123,URBAN,13.904893651284887,0.7411074689815621,0.32052491414120626
9124,URBAN,9.328917004400044,1.4421734826775776,0.6500200776515597
9125,URBAN,6.214132980573588,0.49952879470713435,0.6223454705115642
9126,URBAN,6.856513223076623,0.8786871731867036,0.6659940371893935
9127,URBAN,3.0069957831283536,0.5942462973636213,0.29939844527508575
9128,URBAN,14.960699118630869,0.9214357335274915,0.48650502417439995
9129,URBAN,7.166786470179024,0.43722081990913736,0.21670563204295087
9130,URBAN,2.2104762913055023,2.2431994207953694,0.5855384168372684
9131,URBAN,3.787307292656757,0.424066256253227,0.5356275484898535
9132,URBAN,4.777558278391842,0.8722070043231972,0.14900902203641908
9133,URBAN,4.311768291641029,1.9591557680611587,0.700891600203829
9134,URBAN,10.702080807894607,0.3606999298395266,0.6202728985765541
9135,URBAN,3.7449425527844835,0.03222753434011891,0.46176785514265356
9136,URBAN,10.02059385613386,0.4424267981222804,0.4718371484932402
9137,URBAN,7.4539317906681255,0.14023870802640434,0.3777346896076052
9138,URBAN,6.944966891833969,0.8756377662485941,0.4707342973722029
9139,URBAN,5.473055727135982,1.8584891680612827,0.7305539340762006
9140,URBAN,3.9187893872483794,1.1541706996981411,0.29931485880476394
9141,URBAN,4.882467244352142,0.7049107062716522,0.18476802233425882
9142,URBAN,1.008177887400453,0.9804089965525283,0.4196214242547759
9143,URBAN,4.577215267772322,1.0317052031958238,0.14164746550206733
9144,URBAN,7.429847849230631,1.2472753022973002,0.32344604156823276
9145,URBAN,8.087133065850349,2.247288861730059,0.5213873836278322
9146,URBAN,5.883761361825549,0.4527981094569833,0.2749595669998376
9147,URBAN,4.0928585755618725,1.5102629556940634,0.4942120695527061
9148,URBAN,6.78964495241631,1.0547817442896228,0.1905901402593801
9149,URBAN,7.297563611863022,1.7707047023427114,0.6445518754536848
9150,URBAN,4.753415868266464,2.45383003244062,0.9356388919268608
9151,URBAN,4.405253976246825,0.8587076906937257,0.9254609549903572
9152,URBAN,10.143644452480219,0.41500872177237275,0.5476342029810893
9153,URBAN,11.635430126606364,0.7758394148645621,0.4423681919363697
9154,URBAN,14.081586837086618,1.2288176587128288,0.5481459153262372
9155,URBAN,11.89311550363029,0.3825462704387585,0.5238069918615879
9156,URBAN,6.581547836859332,0.949241557966791,0.08942066598834847
9157,URBAN,1.1453224258637624,0.8552247095955434,0.24305338030413945
9158,URBAN,9.420474794086566,1.316752548844029,0.524913238949757
9159,URBAN,2.2973142182572115,1.6896726005522387,0.14890444106504655
9160,URBAN,9.83259951488031,1.140784300269245,0.43711125852577737
9161,URBAN,3.849810573644969,1.726751676943686,0.8040188923206493
9162,URBAN,12.971206369913382,1.1960574739739516,0.7841444466941927
9163,URBAN,5.5523155459826725,0.603903047862248,0.6821949368796318
9164,URBAN,2.3934629919451047,1.8352447980383009,0.8498580614089476
9165,URBAN,5.918353975427249,0.46735967009335216,0.6457270261361928
9166,URBAN,3.1692387429457587,0.6366034180742958,0.6213101733010777
9167,URBAN,2.6101363837741562,1.6815342938306077,0.9574643713815886
9168,URBAN,9.7724367010411,0.4853479968809336,0.5800868336152413
9169,URBAN,10.112924036848453,1.6318718984747524,0.6443183313285618
9170,URBAN,3.3043571686025848,0.2887310351160103,0.5336367547707251
9171,URBAN,8.454769640675204,0.8361115229581639,0.6244283211248995
9172,URBAN,6.988687585375521,0.6507069722692908,0.5550918535953
9173,URBAN,7.157925608313732,0.396671246154596,0.2922585071831667
9174,URBAN,13.527464034821906,1.083731571358389,0.5131910959916852
9175,URBAN,9.086905708186386,2.459943223771347,0.6690523965151769
9176,URBAN,9.381449019100677,0.7562098963592019,0.6056443007459399
9177,URBAN,4.322930073870243,0.9825062032320795,0.6978693122211872
9178,URBAN,4.139639317954748,1.3063305617372034,0.43568892677081716
9179,URBAN,5.804161534337434,0.5326361218425746,0.3454148175229866
9180,URBAN,1.3305679744660224,1.7195586209401081,0.6161924369828621
9181,URBAN,3.7942910051717216,0.3807332025952214,0.5604058906448606
9182,URBAN,2.163837988333648,1.276180575187346,0.7776983061588668
9183,URBAN,5.530418789720219,0.8361684548077604,0.6795365584812717
9184,URBAN,10.352553958894122,1.5273287180170418,0.31970091517457483
9185,URBAN,12.06870669687098,0.9759383131264938,0.33345667381491984
9186,URBAN,2.8698130026540807,1.5911435250245103,0.7091361841866438
9187,URBAN,10.386083262282234,0.2554778545636587,0.5878601966887139
9188,URBAN,7.424120655056118,1.0182781620727477,0.4812145168418863
9189,URBAN,13.94501042289851,2.8498439570184138,0.49733692079419595
9190,URBAN,3.479159006966841,1.1460160572493203,0.41422724426994084
9191,URBAN,6.964021382394181,1.2929135220283015,0.6738373082319336
9192,URBAN,8.84848537051061,1.0920390823754342,0.5031134899754482
9193,URBAN,9.853932388423008,0.641022750672817,0.5121646618647206
9194,URBAN,2.819119086269155,0.06139300190128885,0.36728886714708026
9195,URBAN,5.14466273950527,0.7526599824050898,0.1800092558234108
9196,URBAN,7.166342671069772,0.45059113115632393,0.011424028186215865
9197,URBAN,4.175662973639922,0.9453967124216466,0.26921272668820373
9198,URBAN,9.303111315348788,0.5702339210625713,0.2846951167840572
9199,URBAN,1.550249790089408,0.8560278938279781,0.44982782744298544
9200,URBAN,2.563483783728307,1.4625104592987679,0.747393765390648
9201,URBAN,2.631568264654538,0.6205508979413114,0.3659844130344644
9202,URBAN,5.504122328469142,0.1248249656477417,0.28092408261592816
9203,URBAN,2.8530269441850833,1.0175670195903797,0.47841339652810067
9204,URBAN,1.7770746870406917,0.5916351307841715,0.37217731242158975
9205,URBAN,1.4371174144673924,1.2756253902848418,0.13872510407206598
9206,URBAN,8.359126080490071,1.1264162106704598,0.31727796229075605
9207,URBAN,5.034171618702987,0.517054824545863,0.375814043660858
9208,URBAN,5.747229122374312,0.4976981136451731,0.3028441218598205
9209,URBAN,2.252669759517576,0.9283183872935898,0.35500162048114364
9210,URBAN,7.4019364751244625,0.1859638168441194,0.26987150200183435
9211,URBAN,7.508778053528198,1.634398844739433,0.3442739288277497
9212,URBAN,8.976409982359394,1.696601094978139,0.37701945241322105
9213,URBAN,2.150340074794232,0.9889213421927536,0.17807713293548258
9214,URBAN,2.2444988646910047,0.4304530854388658,0.06320354599166089
9215,URBAN,6.291482470196517,0.41763443244751536,0.09747410886639193
9216,URBAN,0.3019387579271259,0.7426742247919269,0.18187807209244264
9217,URBAN,2.7369999872265742,0.6236725757177016,0.31460332778613814
9218,URBAN,9.915065111666438,1.0833176303219858,0.09517078264104253
9219,URBAN,1.9439162151194433,2.2975205859654504,0.6348168452871297
9220,URBAN,10.23148132261605,0.4649176465466324,0.3467424958113814
9221,URBAN,10.013062765868215,1.3946052801471729,0.40238606074681976
9222,URBAN,2.0870458261797915,0.3870869913577502,0.2626219467870156
9223,URBAN,12.779706113040813,0.6166447446742024,0.36836446927734084
9224,URBAN,5.595783400198998,1.4131790749268773,0.4350757056783305
9225,URBAN,4.297759583959718,0.7768877727338351,0.5285117594650988
9226,URBAN,8.965376879627497,1.2672511566839624,0.34729358508276625
9227,URBAN,6.24937883400005,0.6920438447431783,0.3941892668835298
9228,URBAN,7.017438628180852,0.237635132306813,0.25109824407656867
9229,URBAN,5.531519524229396,0.5011188810083749,0.07779598177079274
9230,URBAN,4.688366347775723,1.4667939752067256,0.3994126811155941
9231,URBAN,7.002070528777831,0.4708779150696199,0.37063992853897554
9232,URBAN,6.129638171871465,0.5037669059692526,0.37223058186007624
9233,URBAN,9.193915793731389,0.7449462430618558,0.48130791613783447
9234,URBAN,2.395371241052449,0.7001520646111569,0.15217969577744764
9235,URBAN,3.724180782181482,1.1203211390255459,0.38863848590687283
9236,URBAN,9.466337592764516,1.3506598556918175,0.12728308893457135
9237,URBAN,7.084629145416064,0.632961984206697,0.0887752107631116
9238,URBAN,2.4822842131035188,1.5878907609076278,0.5155053780834422
9239,URBAN,2.970847992168272,1.6629476643365302,0.8370518820122566
9240,URBAN,11.684694239128577,0.6944852112391158,0.819106108840514
9241,URBAN,8.20003517110286,2.1404152156028644,0.968436985216137
9242,URBAN,3.0897758920404064,0.5600195679949598,0.5700301316190908
9243,URBAN,7.97830585788134,2.180941922359113,0.9700851955843455
9244,URBAN,6.4610578783232935,0.7253390385033156,0.7419630693867065
9245,URBAN,8.47464673896761,1.2487434221138103,0.8740550750067974
9246,URBAN,10.910300591385749,0.4645391689025956,0.5186004300409439
9247,URBAN,6.978515882963817,1.1097153807219717,0.4950762223138951
9248,URBAN,3.2748752602653255,1.4570435190816213,0.2559564665637767
9249,URBAN,2.1966074491020193,0.9962422561255329,0.3069109056460799
9250,URBAN,2.3899312748617954,1.2304276854630665,0.20222718677810853
9251,URBAN,6.594997622387232,1.2728884173580097,0.32087819214628943
9252,URBAN,7.3867395824438455,0.5129299364463856,0.3887289203650593
9253,URBAN,1.3276561401195413,0.5915349896401476,0.4690292023803282
9254,URBAN,7.728217474943593,0.8815220285828579,0.6168177110341632
9255,URBAN,2.6239606301116813,0.36040846738346705,0.4985918481909993
9256,URBAN,4.01115234886132,0.8509050918889506,0.6199393010667669
9257,URBAN,6.113515317340448,0.8181483515194461,0.5931794722713037
9258,URBAN,8.274278866116225,0.7536284646232313,0.565872619449147
9259,URBAN,6.8102546939095365,0.82462608429619,0.6641525660749392
9260,URBAN,3.328203116626184,1.5491510729460312,0.591236008858637
9261,URBAN,6.649854297352283,0.40439597292026597,0.4398748586576616
9262,URBAN,5.680643575952246,0.7771289329981649,0.39907507868771636
9263,URBAN,6.8632207722621175,0.7745408186450454,0.17657796477087037
9264,URBAN,6.288535176671081,0.5377283680587682,0.12078934794506979
9265,URBAN,1.1115607640192446,1.0981642639277716,0.40318350758046845
9266,URBAN,5.117532707023164,0.05349845621777676,0.29116304894688505
9267,URBAN,4.948671963387828,1.127620290528133,0.27586374952419257
9268,URBAN,8.633347516204944,0.5763856870004623,0.2226830789403782
9269,URBAN,3.5088564316768847,0.8952410536340472,0.25408450063253973
9270,URBAN,1.835290704502397,1.3648086076771662,0.6037311325134053
9271,URBAN,3.1632233834801524,1.2840131899498841,0.14443950836864194
9272,URBAN,7.807991014449993,0.9886676208309215,0.401774569182644
9273,URBAN,10.031378291796594,0.37757199585469975,0.3598483780959244
9274,URBAN,8.327416361809348,1.4167053060966608,0.6002043672339519
9275,URBAN,7.03232909678886,1.1202951682764024,0.16605054509964737
9276,URBAN,3.2789952302821357,0.7428018915418232,0.3088863741578352
9277,URBAN,13.151719055348018,1.0343774356711015,0.4956590036669291
9278,URBAN,4.006811217105667,1.363663655831767,0.24306796601118866
9279,URBAN,14.704535079790313,1.2205788632911807,0.2668330437717305
9280,URBAN,7.587288436196113,1.0073677782333705,0.1401241940896951
9281,URBAN,6.261131404743647,0.5975586320687511,0.24645681320685334
9282,URBAN,2.8889591678732307,1.484849959938895,0.5749657954003642
9283,URBAN,2.7794620797463776,1.1710583629830162,0.7284493841243902
9284,URBAN,4.0097824832760045,1.4281141512037498,0.09818831697788756
9285,URBAN,5.986765915538915,1.4244257826098312,0.3581521635391675
9286,URBAN,9.725436760733432,1.0425568400975038,0.43096845337546347
9287,URBAN,9.190608027677177,0.1394005454136744,0.2658289928962144
9288,URBAN,5.817353701614764,1.2094416649187603,0.45348115107536835
9289,URBAN,4.138942137211265,0.7376910985482202,0.33533387864457764
9290,URBAN,4.330202085926528,0.26359238154116565,0.31772054975084785
9291,URBAN,6.708499590352582,1.0423310704436366,0.15934220655025647
9292,URBAN,0.5906425199700014,2.1984061203601897,0.7489990618684227
9293,URBAN,6.989211659796387,0.5078240956416362,0.642249741666262
9294,URBAN,2.88959836210671,0.6380670925854176,0.2954852150025905
9295,URBAN,1.5878138715328918,1.5021263831211427,0.6342743298943891
9296,URBAN,1.3659888371681446,0.8880433789981124,0.2586282374423416
9297,URBAN,1.466662950401313,0.9173704612750924,0.08361863277306722
9298,URBAN,7.427623685558092,0.8061405343614895,0.24976756094366775
9299,URBAN,4.46423202010425,1.6282368584021558,0.6942955660193554
9300,URBAN,6.1541271975786165,0.9185672350149455,0.5615570512922702
9301,URBAN,5.284790862753152,0.31961210142759217,0.4695912153808428
9302,URBAN,6.9646660151229725,1.3250753281569483,0.3280432579091639
9303,URBAN,3.7173405855715362,0.9217103650015783,0.27360441254186213
9304,URBAN,0.8521667131890032,0.5825880761952925,0.13115654313363256
9305,URBAN,10.308489123249702,0.3126595086310053,0.18463260237819784
9306,URBAN,5.243393654966912,0.5603714316562723,0.16937578504310788
9307,URBAN,10.14394898995981,0.6796499597057285,0.2935547104497786
9308,URBAN,8.352974066475454,1.2098073457458398,0.5910730939241227
9309,URBAN,3.4455523985647334,1.0564163968284699,0.5042591460735125
9310,URBAN,4.996446985544532,1.3346318279848877,0.06525713808988286
9311,URBAN,13.57369979174449,0.9872058544233371,0.3527244301345176
9312,URBAN,9.490778445203535,1.2122630477208927,0.49406108379110025
9313,URBAN,9.318422636485826,0.38427223769914426,0.4088323779215746
9314,URBAN,2.4629939803684415,0.41458421994270994,0.2556621162297042
9315,URBAN,3.572870215722529,0.7381220939668172,0.29894420828977647
9316,URBAN,7.388547668258027,1.2376029016056866,0.3976129924769125
9317,URBAN,4.461786073533661,0.8796332887726203,0.12463852707864322
9318,URBAN,10.766808512596365,0.63905257303232,0.26954961909147135
9319,URBAN,8.169788067329213,1.2156436280958276,0.21316422987331013
9320,URBAN,7.002844771156522,1.8350297793752446,0.7022818512064612
9321,URBAN,6.249792624610619,0.6231576639492674,0.5467430153627346
9322,URBAN,1.0223225739556607,0.6654717415153658,0.1972487381136745
9323,URBAN,2.088092145313684,0.8022209370810428,0.25548592586048585
9324,URBAN,14.418436373209598,1.5104574624171003,0.328361555263976
9325,URBAN,3.267489060292154,0.6804590938033855,0.4302712216641274
9326,URBAN,8.568980521558213,1.4345958179419502,0.7213861768046195
9327,URBAN,9.245320020676829,1.4001132014492417,0.14543016936431427
9328,URBAN,4.18563439573121,1.1300895843544958,0.2907949441539781
9329,URBAN,2.2792441693729146,1.0965584753082513,0.17591079993176698
9330,URBAN,3.995774860515289,0.9359725951914403,0.1808448189477081
9331,URBAN,5.8784636675123805,1.3718741362614986,0.3015242618915336
9332,URBAN,10.311443263726751,0.22043674254148707,0.2931184798844651
9333,URBAN,4.089575858444462,0.7409669002786772,0.367639658652315
9334,URBAN,5.79173669188032,0.4937573805246734,0.15051935328659793
9335,URBAN,7.8364964174450495,1.388311290808432,0.46444504439167716
9336,URBAN,11.824188089125967,1.289632768600691,0.39999138975335774
9337,URBAN,6.01244894880765,0.8257399144126482,0.5242418834267271
9338,URBAN,2.379176276803994,1.7768745513745763,0.36386441943998676
9339,URBAN,3.6967813321534155,1.1883198156709347,0.2348301360745163
9340,URBAN,2.9182139089163095,0.6525054495759947,0.2939160736149744
9341,URBAN,7.72913527119234,0.33429073878563564,0.29913788591161034
9342,URBAN,6.8783653447395725,1.3634081219310583,0.19908281701185893
9343,URBAN,5.649218735959357,0.49404060159773006,0.10674687397180156
9344,URBAN,3.4051555628408945,0.7969422685445956,0.3081256382681824
9345,URBAN,3.352702280744461,0.463363442084993,0.352990723463853
9346,URBAN,2.797834015773423,1.0147182469567013,0.49413621200930385
9347,URBAN,1.488829384451324,0.5909770351183711,0.3456852923472225
9348,URBAN,1.448638365654082,1.7691694698653753,0.2881940082090774
9349,URBAN,1.6876809106611919,0.44716607247246476,0.29790038951856906
9350,URBAN,4.366932336556753,1.1293236511330054,0.15111361178098945
9351,URBAN,4.573837435528445,1.5266473844119106,0.528630921882469
9352,URBAN,8.930651177378861,0.9194358802230158,0.19276580182327183
9353,URBAN,7.887789529097174,1.7358349062742728,0.411238556965815
9354,URBAN,10.942324564141142,0.8248248607133165,0.17914701081319953
9355,URBAN,4.769418487038068,1.089185458430736,0.23296447654154748
9356,URBAN,2.7568873086336527,0.5034041527812319,0.19351222693787992
9357,URBAN,7.85133070456832,0.5271712843250649,0.04270474313675389
9358,URBAN,6.31814559206138,0.0757329447942487,0.04989859798380535
9359,URBAN,4.438442378093983,0.46674065133282316,0.14224924410444337
9360,URBAN,5.132355559552664,0.8452482773091216,0.16264448412686128
9361,URBAN,4.759887804119989,1.0512657524460356,0.2132050104483798
9362,URBAN,4.837812812658717,0.6080448726200832,0.19080059457760618
9363,URBAN,3.6022561840897014,0.399682878942127,0.09234840801312907
9364,URBAN,3.797327131799994,0.3829232296055172,0.09444047067077106
9365,URBAN,10.265429751549577,0.37164754883198536,0.06259538526906104
9366,URBAN,10.79606407418534,1.4140759409375085,0.4663441794966211
9367,URBAN,2.8650940393038633,1.791631891352071,0.7595090132439756
9368,URBAN,5.262901310887694,0.8311950909287344,0.3578644920086004
9369,URBAN,7.15433777530241,1.158928787766906,0.3988002372084348
9370,URBAN,4.094506026210441,0.983846974982354,0.5021914007489718
9371,URBAN,6.620832902939723,1.9125729055817824,0.9213080314106904
9372,URBAN,8.80695593973507,0.9648239486076328,0.5248085869715442
9373,URBAN,2.443826636374664,1.050924670774036,0.6940557698239533
9374,URBAN,11.937396915563836,1.43287245526433,0.4202973715084415
9375,URBAN,0.8746059993146688,0.3595919130865421,0.19074826551631868
9376,URBAN,2.792653065675551,0.5794148892458291,0.2598559174712777
9377,URBAN,3.1986856643869985,1.6470786873333212,0.6622357938528054
9378,URBAN,11.380664423701605,0.9272509430187241,0.20518417935353567
9379,URBAN,12.132058869863346,1.129902508924058,0.29095543108432487
9380,URBAN,7.921402698493726,0.8636054953240252,0.2256420265249452
9381,URBAN,4.161880544576618,1.0980351040782657,0.46447837418338234
9382,URBAN,10.905466224057097,0.9993940716615964,0.10559947254657803
9383,URBAN,5.715751188382974,0.5210842611266059,0.178208777240012
9384,URBAN,6.020425880788557,0.674475752370482,0.10446649115654008
9385,URBAN,6.718142099202701,0.7707411962995961,0.29666523854603055
9386,URBAN,7.435461864792131,1.4227512682496677,0.28802331916531443
9387,URBAN,11.575059535639081,1.1415815703655627,0.5422685340626981
9388,URBAN,7.179473319216602,0.6596742754715528,0.34917924116989235
9389,URBAN,7.470139668559295,0.771426249349411,0.11826434685135011
9390,URBAN,11.829890050437118,1.1614630594602222,0.38777203340991306
9391,URBAN,7.405510486599003,0.9497228825794837,0.032903463604695406
9392,URBAN,11.778364838404274,0.9104519052159956,0.31477180622432965
9393,URBAN,3.6536791457398237,1.5853422172732774,0.33879563856546746
9394,URBAN,13.332200372223992,2.0218578101957756,0.43220595717878835
9395,URBAN,2.6727434974550177,1.9221656669671918,0.29032999699413703
9396,URBAN,9.446899742217898,0.759458866177153,0.14898518759401816
9397,URBAN,7.095317994240995,1.7542066510007857,0.5151848388581484
9398,URBAN,8.600915961891168,0.4981679992423316,0.2924646566602664
9399,URBAN,9.24100539303339,0.6827151208517853,0.3350393144904513
9400,URBAN,15.62885638597495,0.6667397402219306,0.43886841857603526
9401,URBAN,8.381831199269339,0.8408679596286408,0.25646518773236004
9402,URBAN,7.9927988777383465,0.7686730366945387,0.24718896968648504
9403,URBAN,9.496273535734865,0.8681709728599022,0.3783420396083263
9404,URBAN,5.565276562538891,1.9816803284030757,0.5290327396783048
9405,URBAN,1.6797158489044473,0.3020516498793569,0.3698539682822338
9406,URBAN,5.19015981994583,0.8380305177735314,0.3865461486378348
9407,URBAN,4.114798816237748,1.7108994482550117,0.41845316553475964
9408,URBAN,8.305493846699397,0.6489707317616747,0.23669198601230654
9409,URBAN,4.013683787240218,0.33655043496666975,0.2359322576377107
9410,URBAN,4.995676855040461,1.8871058060459622,0.7447370533781823
9411,URBAN,8.530966702601834,1.2596530624323987,0.857660337847881
9412,URBAN,9.699322807663627,0.32356793618886814,0.6966844352767556
9413,URBAN,5.575476120179983,0.4127630508236549,0.5725630111314103
9414,URBAN,4.232915945593811,1.0410683193696397,0.6727765773883126
9415,URBAN,4.894153834429935,1.111694608283981,0.1342063292198384
9416,URBAN,4.4575641677759,0.2938363120452848,0.053548342855650376
9417,URBAN,7.900891565560129,1.8702049394301374,0.6291254673554176
9418,URBAN,8.534588571842214,0.49554319969415966,0.3339449125169025
9419,URBAN,5.074785159836762,0.2607387115891101,0.17458774250374226
9420,URBAN,3.1620564578610106,1.6007460006552856,0.3773801288888472
9421,URBAN,10.33664547713494,1.0579419444910605,0.524167457754908
9422,URBAN,5.720218535604452,1.5122768054181588,0.6013142690796234
9423,URBAN,8.613578116292812,0.8007315414354678,0.45972492376437635
9424,URBAN,4.522283225550488,0.5680098392299914,0.4851963433429301
9425,URBAN,4.201115891015001,0.7893578193164269,0.5453520172452818
9426,URBAN,2.0892328289105317,0.8295814588010275,0.40528392824942727
9427,URBAN,2.9559427227233566,1.3028076052458926,0.6797818541576092
9428,URBAN,5.16533164310243,0.6127799394667517,0.6621870241703384
9429,URBAN,3.858593672388448,2.328583361258504,0.5378754956633354
9430,URBAN,5.402432897531847,3.0409729920896007,1.295510679593778
9431,URBAN,9.717624569509232,1.965516259588975,1.48643673428793
9432,URBAN,11.427180372996911,0.6856534988680455,0.8830042366911565
9433,URBAN,4.950181340899236,1.8248989677395424,1.0062062644213636
9434,URBAN,2.636424563893015,0.05018972570200286,0.6962649108014796
9435,URBAN,6.668957578132619,0.47465461504660333,0.6290368561884667
9436,URBAN,5.193499391029658,1.783707469202627,0.19323363924346637
9437,URBAN,5.578364495980983,0.3457520269718883,0.11203164291116954
9438,URBAN,5.95794343746024,1.547624761152986,0.40376890253517606
9439,URBAN,3.678889553706901,1.704437507629993,0.4422831530451454
9440,URBAN,6.481647787172185,0.6012733290654728,0.4102978540664291
9441,URBAN,2.288121155840514,1.6715569098211693,0.7402266559633913
9442,URBAN,10.08148088206827,0.34159029499095267,0.4428686521426143
9443,URBAN,4.990372910708792,0.44508558420478384,0.19122111423806876
9444,URBAN,7.016477317827684,1.248541644936773,0.4656951262136551
9445,URBAN,6.546311239431815,0.9001167455994358,0.5842773427620594
9446,URBAN,9.801299055230428,0.5072361050683881,0.2923987677165896
9447,URBAN,13.405937916170764,0.6846652469832296,0.23642917963688886
9448,URBAN,7.022540725016394,0.9597461342941392,0.12000459109918553
9449,URBAN,4.658126573251187,0.6143447056617596,0.1393150842665044
9450,URBAN,7.081762812157291,0.4416392958061192,0.20333208545003237
9451,URBAN,5.896244353967681,1.0718709643064712,0.4608511272014907
9452,URBAN,5.976573149361024,1.7661815834379395,0.7026047348786757
9453,URBAN,4.051674185448024,1.696383246387472,0.1789974128426972
9454,URBAN,5.960337079242248,0.9569084087642445,0.3290529143890666
9455,URBAN,4.218413092710979,0.905046470335622,0.21078892947015668
9456,URBAN,13.31146395355907,1.4792313419322127,0.5414460323668232
9457,URBAN,8.162374142718335,0.8284513979247342,0.2866174635195536
9458,URBAN,10.806585765127418,0.8924050638997778,0.3860922037472188
9459,URBAN,2.6340611099969387,0.4402585050405655,0.28970898471952844
9460,URBAN,10.67008565359709,0.8585830699492203,0.1816926360861826
9461,URBAN,7.954395761165108,0.12058034817698143,0.09920398957201232
9462,URBAN,5.096109795966199,0.5151260448930466,0.224667186797957
9463,URBAN,5.98052686021948,0.2965451802067267,0.2501356537633315
9464,URBAN,6.2491989439301,0.5334580524083097,0.26455338058218053
9465,URBAN,9.228952559900497,1.1836596515179947,0.16972368898770546
9466,URBAN,6.383823078443164,1.301770528118241,0.529153540040767
9467,URBAN,2.290157217170097,0.6853568267354704,0.5955345755298252
9468,URBAN,9.10467452042387,0.9767922699429299,0.7323123515284451
9469,URBAN,7.4244280571261365,1.908501085998078,0.25462426763924184
9470,URBAN,4.015547152594634,0.39523988459396026,0.27704165194240205
9471,URBAN,7.1905113221983115,2.190862019868663,0.7910912916610127
9472,URBAN,7.229209316068991,1.0066315580879686,0.2734639940977307
9473,URBAN,5.301810532435015,0.37191802537212315,0.28376733752866096
9474,URBAN,10.609695502876058,1.3408054024567113,0.6245237397891453
9475,URBAN,6.188335102951382,0.8626760773312365,0.6438662234624695
9476,URBAN,1.8093394556892992,0.6524399948743964,0.28946546021055003
9477,URBAN,7.42795811518302,0.8951527358941478,0.4211396782524814
9478,URBAN,3.668322114731392,0.38697131432119913,0.18566838279477874
9479,URBAN,3.1615349930815615,0.49464558843668666,0.20588356691630488
9480,URBAN,2.447116968866182,1.6539368963431693,0.44111313219040055
9481,URBAN,4.70547797497792,0.8651539067303521,0.5659864344413158
9482,URBAN,5.1933321250667,1.5241467594902405,0.8569403416661353
9483,URBAN,8.700491892437315,0.9713492450111647,0.5301861130784181
9484,URBAN,4.2599223505699175,0.8533543914023716,0.6233036001611018
9485,URBAN,3.5109796131250577,0.7920337297052811,0.2145029761994625
9486,URBAN,6.366653695677706,1.3364220126431545,0.5228139037291202
9487,URBAN,5.751909850257435,1.2232036365136028,0.28808333467749153
9488,URBAN,10.70639370354336,1.9320786209215837,0.8006291651810411
9489,URBAN,1.7804704071173263,1.231176240205777,0.8865525609897446
9490,URBAN,6.071943255600166,0.7301510285412863,0.47450014829303283
9491,URBAN,2.8370619042833978,1.1083653121253363,0.4669935476875616
9492,URBAN,4.273253288468395,0.7976547987073854,0.20771086931933921
9493,URBAN,5.10285518782857,1.5599864134319004,0.4551531421251202
9494,URBAN,5.805028737882414,0.9215186381364369,0.6310168882622907
9495,URBAN,11.466754316704465,0.08877866687827278,0.4863982302616946
9496,URBAN,8.303522721169585,1.253396101371365,0.6039307852046679
9497,URBAN,10.303975362261898,0.9333866289972558,0.26588009929325196
9498,URBAN,14.68639248045565,0.9944317292082131,0.4780637129659565
9499,URBAN,4.368538084631589,0.11347312308611314,0.3728836414284629
9500,URBAN,10.290567254227257,1.4310321279343705,0.619180451116417
9501,URBAN,6.606727959754859,1.1725680840991217,0.4436784930913926
9502,URBAN,11.991813636268324,1.1836240870563637,0.6607521235789222
9503,URBAN,5.595435381091093,1.5062597717351733,0.2729101923817756
9504,URBAN,13.489568120599834,0.9707814566896974,0.3982046212944714
9505,URBAN,2.2755875506878347,1.2000465907785474,0.4535395344527843
9506,URBAN,6.626651238332428,0.4760998091672078,0.24614641658185707
9507,URBAN,2.6898068741950483,1.1943588664294074,0.2706714024367979
9508,URBAN,7.994222680845472,1.3526686975235696,0.5929776137481937
9509,URBAN,5.2831278614244415,0.8473784786499257,0.1796075759881744
9510,URBAN,6.609914041670313,1.157228712859928,0.42562607865648433
9511,URBAN,0.49313382182570387,0.886337379816243,0.5971412651093256
9512,URBAN,3.116570634319249,0.8611421031158498,0.4378901453269365
9513,URBAN,3.700536325698161,0.22707810951359406,0.24976934919780375
9514,URBAN,3.021372580198141,1.0416162394591055,0.3869574781671499
9515,URBAN,8.595637781691082,0.6900249709436592,0.4966284786430352
9516,URBAN,2.2785786838365825,0.8169621937947996,0.17858533220447767
9517,URBAN,12.024207087491652,0.2994359911922654,0.21165899165778537
9518,URBAN,2.082969284013993,0.7903684695274176,0.3505873822967075
9519,URBAN,7.830399014748936,1.5461699164495417,0.66403060131203
9520,URBAN,12.256388524259776,0.4616904198303253,0.4873866014140003
9521,URBAN,1.7890309418150558,1.1693184212458703,0.6362063639745368
9522,URBAN,4.275973153973987,1.2421611690814962,0.8109573181307383
9523,URBAN,5.924477569770634,0.2806791989269346,0.6718259056667563
9524,URBAN,3.5298155421986097,1.1270366757128065,0.16811960567060874
9525,URBAN,2.971845980342104,0.12576819774362527,0.07698321049163176
9526,URBAN,7.1284567701087225,0.9481033449177585,0.3398163711518152
9527,URBAN,7.89842650099385,1.0734812355377619,0.5449007906152137
9528,URBAN,3.203650724768734,1.1260969141441273,0.6335397965375374
9529,URBAN,4.260351542894702,1.8054825562613677,0.992054575976803
9530,URBAN,4.114658981892725,0.36809140535400625,0.8200009740359299
9531,URBAN,3.5780570207204314,0.7120468145842026,0.7993049033900341
9532,URBAN,10.665845619472798,1.239698927306015,0.6264421405584044
9533,URBAN,5.051217699424575,1.3767477541736373,0.6115557662528079
9534,URBAN,5.371271300303355,0.5404748789640205,0.5638045892481174
9535,URBAN,12.201050825393084,0.8692767347497511,0.38296847634486153
9536,URBAN,3.5802460616759717,0.7686401979593197,0.20720457303964784
9537,URBAN,6.914234228925976,1.1179398072251672,0.18810961818780955
9538,URBAN,5.263324394540357,1.4388793312705224,0.5236732027185271
9539,URBAN,6.474443415676066,0.747927743966127,0.41962022238023294
9540,URBAN,1.821048353216616,0.7326667673155524,0.13638412230492952
9541,URBAN,7.510164834491518,0.9979946102769334,0.42901285565525954
9542,URBAN,12.207080958037611,0.1202648879867969,0.35098501713050717
9543,URBAN,5.854482430957286,2.1158129334583906,0.8930906612479165
9544,URBAN,10.44103652635091,1.868466654923173,0.5483619658673657
9545,URBAN,5.63571839962948,1.118030685108004,0.5152827437490539
9546,URBAN,2.0468349555433845,0.9691925890475855,0.20605666394194738
9547,URBAN,3.8884412251327416,0.49709814491604704,0.05303471516151126
9548,URBAN,13.976800275871891,0.5554577067852537,0.21265795200375892
9549,URBAN,3.123994125135269,0.7823903221701656,0.37136466059401463
9550,URBAN,2.4814601132643803,1.3524824622588643,0.605356081248083
9551,URBAN,2.4660428377211936,1.1545932661269138,0.21113020331706994
9552,URBAN,1.642934436715652,2.7085120945104197,0.7128101826822849
9553,URBAN,7.490867096398274,0.16795805537082126,0.4773581515506366
9554,URBAN,5.840605163576877,0.8294179819124813,0.569826356208907
9555,URBAN,10.535138803115755,0.9041000393229723,0.5715442394761427
9556,URBAN,6.913724158477399,1.606048967429663,0.27303457304469814
9557,URBAN,8.45052620152399,1.30162667078323,0.5875856569292783
9558,URBAN,10.11631622032341,1.1840247708752714,0.6887484567110218
9559,URBAN,8.47956963614067,0.8004233744449621,0.36852983772216813
9560,URBAN,9.331572907253019,1.6850480402476165,0.6625082440356652
9561,URBAN,8.276772085090297,0.47338948753410337,0.6208080760016121
9562,URBAN,6.438089092928579,1.3863251048213154,0.881917708936157
9563,URBAN,5.02270065252082,2.216450018610761,0.3302002502653352
9564,URBAN,6.795864410355895,0.6170037524427358,0.2800280538498395
9565,URBAN,7.011960315041665,0.08525685831146344,0.18528203644823693
9566,URBAN,3.9559330037890645,1.379484537941168,0.36999093829883417
9567,URBAN,7.644085219607375,0.5504327905591512,0.410364810188875
9568,URBAN,5.3539737085204875,0.8450317806763689,0.34192836255932396
9569,URBAN,14.858989397353204,0.21861896748920132,0.3022280432181564
9570,URBAN,11.527685378459289,0.25981557400936617,0.1512254644875835
9571,URBAN,5.8255884819515105,1.0479501829752769,0.4037786567806456
9572,URBAN,5.746809769124403,1.0114082305390641,0.5801880786718595
9573,URBAN,6.731028073491059,0.2991032680161314,0.3268555577712382
9574,URBAN,2.8800833444489675,0.49766192137577725,0.37658469543062595
9575,URBAN,0.95191155198577,0.9849737663656521,0.3819100228593335
9576,URBAN,3.704467876612709,0.7942554693795287,0.521485147672879
9577,URBAN,0.9345717015853063,0.6201153408014574,0.48888494108129443
9578,URBAN,7.013911008503561,0.45775203913319185,0.5009857713333471
9579,URBAN,1.8579383441820843,1.277930687522596,0.35909126924603213
9580,URBAN,4.359249862829507,0.7500963266856079,0.2799541778090867
9581,URBAN,2.1205244819896034,0.3445704881581269,0.1161114450578718
9582,URBAN,5.834933707566962,1.6393274986861117,0.39711437863141097
9583,URBAN,8.570694412712601,0.628980953772991,0.46341142088714643
9584,URBAN,15.76159532085653,1.1046958278757792,0.4658581019195249
9585,URBAN,5.742731970587622,0.4054201564664025,0.4472349828135433
9586,URBAN,7.826130782031349,1.2810318300472499,0.6312317000017936
9587,URBAN,2.973002342074389,1.2098415348715594,0.8267692477561398
9588,URBAN,4.157313308078907,0.5334360110371495,0.7426151396490422
9589,URBAN,3.219685741004767,1.0951644801610314,0.717500543034413
9590,URBAN,7.219284691298816,0.2722074397810279,0.440168143452928
9591,URBAN,8.251911456084462,0.09752886848112378,0.3170193471404405
9592,URBAN,4.843352775261035,2.2311901708057564,0.7248096270503569
9593,URBAN,5.404932234787125,0.8504284664581492,0.3115141094595126
9594,URBAN,6.131433234584854,0.9922732600770425,0.4734781440038018
9595,URBAN,4.884211401538662,0.8359264130991579,0.5218681044645089
9596,URBAN,5.139390364192204,0.9330278844535979,0.644551587114856
9597,URBAN,5.425922831779975,2.476941816211154,0.8856818997293937
9598,URBAN,7.628241444547022,1.3574499380864729,0.825431269797431
9599,URBAN,2.090910400345251,1.7624544225012817,1.1133263492603422
9600,URBAN,5.919514630944211,0.5389013003676173,0.7342747559381154
9601,URBAN,3.701670253928981,0.30332543810273427,0.6221908507912091
9602,URBAN,2.88018923097057,0.909899289619784,0.2581144507408997
9603,URBAN,1.4986372720821277,0.4261301889748766,0.31519262879205023
9604,URBAN,7.596230037813746,0.7338923817587096,0.39315907174124426
9605,URBAN,6.962607804258215,0.32181358342468624,0.22462477131548544
9606,URBAN,2.9492772375108505,2.1891588008255107,0.7395659606062951
9607,URBAN,0.8855598206137427,0.22102662045113736,0.5465394382742017
9608,URBAN,6.889377100538976,1.0424864802538603,0.2710674121850689
9609,URBAN,10.351952294631571,0.8783984149535732,0.30455630447847615
9610,URBAN,5.643099277209762,1.9084380779924581,0.3872228021941977
9611,URBAN,6.175628767083903,1.184281503907725,0.5186242358829407
9612,URBAN,9.08267119551785,0.310911992492009,0.3633206190790432
9613,URBAN,3.0022749985587467,1.094567289153176,0.5246385805442916
9614,URBAN,10.362029428792077,0.29878101656802225,0.46874345589544913
9615,URBAN,5.525453319041662,1.0484464923246668,0.5430948390518483
9616,URBAN,3.8759483159661605,1.506555017485982,0.33314807331612284
9617,URBAN,8.320515291500907,0.9424000730493162,0.21557238470820456
9618,URBAN,3.9280104605971293,1.020616597216219,0.2550671376826833
9619,URBAN,8.03834661107399,0.8188009652910967,0.3364704212296698
9620,URBAN,2.0573105750399048,0.8888379344478096,0.015605243530629243
9621,URBAN,7.874775566845912,1.3486843111886921,0.36836890584699883
9622,URBAN,3.8869928681855517,1.368129888535407,0.5491051047899085
9623,URBAN,7.388595419519211,0.698375828992634,0.43667924703490024
9624,URBAN,8.700218391483387,0.8873795303319038,0.5385444850827424
9625,URBAN,11.292799718648187,0.7877258567451909,0.5996134735490422
9626,URBAN,10.381465269725838,0.48682205656332594,0.3787989949329885
9627,URBAN,3.7854507034002727,0.32509950965017936,0.36353354095660634
9628,URBAN,6.352333108658601,1.2326120521264357,0.332444307311276
9629,URBAN,12.378018701346114,1.5312431645572677,0.19856580907170213
9630,URBAN,9.652318439055561,0.4942749209232924,0.03557498517360693
9631,URBAN,1.933107897676961,2.3043669184410716,0.5670184504427916
9632,URBAN,3.048242162609094,0.5524351660210391,0.5201578022512915
9633,URBAN,6.4299465880148015,0.6856465724829118,0.5305132018212905
9634,URBAN,5.276547549118829,1.4261738870500271,0.6615182603953925
9635,URBAN,5.653435919585822,1.6753584960412389,0.5311161153456528
9636,URBAN,4.44338276367761,0.4900583199602492,0.32267983082365004
9637,URBAN,3.9970771133929515,2.8422199386099023,0.8911895405703847
9638,URBAN,4.144788095303884,0.6626900021815098,0.5434651108091438
9639,URBAN,11.493335148187434,1.3829922864700999,0.49505831762197655
9640,URBAN,10.31935347708221,0.5790351992277978,0.48889725194697603
9641,URBAN,4.182880961035806,0.49372071174736565,0.356995656477858
9642,URBAN,5.505417584178557,1.3189726794371093,0.30061095482706957
9643,URBAN,10.677929465971456,0.8181486015543202,0.12238585671724089
9644,URBAN,6.363849019343584,0.8805014749027019,0.2324000134615346
9645,URBAN,6.516102051825302,0.49606814068226046,0.21023966709042138
9646,URBAN,4.78804184994353,1.2794013284748766,0.2210645725573999
9647,URBAN,4.186311118117854,1.83897337518441,0.4644792411539572
9648,URBAN,3.74284349575477,1.1151804967231538,0.31879743988427006
9649,URBAN,6.435867179809558,1.0114751913210411,0.4709769633569887
9650,URBAN,8.67117868066637,0.659590500381458,0.5154297894008344
9651,URBAN,5.663194665022893,1.4073937772810399,0.04855302831046758
9652,URBAN,10.44785832433487,2.474267282752566,0.7424245772107743
9653,URBAN,5.236036322082066,1.6360626535014116,0.1236799727895551
9654,URBAN,3.414656906100573,0.9307407808780233,0.19213449007514688
9655,URBAN,6.599905284047666,1.6393136731412903,0.37138638217640985
9656,URBAN,3.6231833654990737,0.8794464754809992,0.518587275930878
9657,URBAN,2.802117749870094,1.4754366824353122,0.19353729549397172
9658,URBAN,8.000783595385256,0.5159651763944235,0.2483467022867137
9659,URBAN,4.606012739354251,1.54471349512743,0.29032884097843203
9660,URBAN,3.615069344799685,0.8210763243814859,0.030311386833247352
9661,URBAN,2.9771353673595007,0.870240526121693,0.2679743501182947
9662,URBAN,2.906039864639679,1.0909084818771464,0.2747710776236962
9663,URBAN,4.596531352128127,2.1067470478868002,0.5761307223277432
9664,URBAN,3.3771917809908847,1.0114564038410865,0.12786713321497659
9665,URBAN,3.8057760766589555,1.6130674331162824,0.5981825423812032
9666,URBAN,5.580111850572312,0.43571925987838456,0.5797277357443889
9667,URBAN,17.212024713573033,0.7781035984726941,0.5957390992393857
9668,URBAN,8.7261488649904,0.7287822742265416,0.395501070703026
9669,URBAN,4.779231494240928,1.541279702383457,0.49105380591585374
9670,URBAN,7.9103208883887355,0.8240500733779652,0.5724430925063622
9671,URBAN,9.112697420571347,1.3529048353320452,0.4334800927327729
9672,URBAN,2.298316300148475,0.9845680423672806,0.09841546890960155
9673,URBAN,2.326694369978474,0.41205527146603244,0.20634687258974818
9674,URBAN,0.7240149044634173,0.30752267539324185,0.24912131576914326
9675,URBAN,4.127858002617552,0.8674486524601407,0.33405493543175857
9676,URBAN,4.730181803504018,1.3407579176019733,0.6711173507138033
9677,URBAN,3.9183775247017056,0.5899874551517234,0.6766625816291393
9678,URBAN,4.02172617234545,0.5815680441906426,0.4969203824717798
9679,URBAN,3.9976106057332763,2.6181102579556743,1.1792185270173265
9680,URBAN,2.6922295218792534,0.4289106475167622,0.7583127965279128
9681,URBAN,7.9618066545322135,0.8768751352651866,0.7954095937902376
9682,URBAN,0.6405278768703412,0.7963185557525018,0.754417683961935
9683,URBAN,2.8007865493054456,1.7740654717243118,0.531679469532251
9684,URBAN,2.054003112451299,1.3172001814642627,0.24736898085546316
9685,URBAN,3.07341852236729,1.863517241944445,0.4984618167008016
9686,URBAN,4.3752959624058265,1.4976413191030764,0.38298268613800807
9687,URBAN,6.34086277868932,1.7828926313593432,0.8143630304235998
9688,URBAN,9.649937228487817,1.808834408831478,0.5426541893470228
9689,URBAN,2.23220531902063,0.2830553669380601,0.3170596716222726
9690,URBAN,4.18140206208074,2.9037899673761474,0.6189822847468605
9691,URBAN,3.6755036785902377,1.515846975099131,0.1261908537724001
9692,URBAN,7.055023605770609,1.3997958106547512,0.5407382573151546
9693,URBAN,1.5324796402895953,0.03737417238957859,0.40417592875063957
9694,URBAN,5.150626837415868,1.427148219495533,0.4851732691892755
9695,URBAN,2.4371274398757072,0.4021692275727184,0.22876504108423928
9696,URBAN,7.293757668497159,0.5589186518635796,0.15564707776715286
9697,URBAN,14.011864215428306,0.46140045769902854,0.24847484467619468
9698,URBAN,13.474439240335505,1.1781264988749274,0.2332515576595881
9699,URBAN,5.010624328299438,0.7856278641120449,0.33610292216839527
9700,URBAN,14.408483236950355,0.14481578177878043,0.28488239493263184
9701,URBAN,0.21970512731209255,1.0321499933632767,0.27127394049201264
9702,URBAN,1.4376448600389051,1.1414374008740946,0.24166197518994587
9703,URBAN,6.2121131617234395,1.391611926923626,0.5861466303643902
9704,URBAN,7.666593022383477,1.0098534950611007,0.33178206535916654
9705,URBAN,10.243384525671882,1.4668470676855916,0.47613630980093924
9706,URBAN,6.826014328312899,0.5629969596838357,0.3960933781453762
9707,URBAN,7.623025843382049,0.7818304805569721,0.4115379598200426
9708,URBAN,2.155506051080833,1.3794331144806888,0.12180893838156294
9709,URBAN,3.0625631981075165,0.8250735962468481,0.2567307107664474
9710,URBAN,6.976968584297154,1.3328292965269708,0.4424763842100093
9711,URBAN,11.03947046664097,1.059199794068354,0.2495272030100096
9712,URBAN,10.324877897850323,1.5978388641976091,0.5083625378562809
9713,URBAN,6.994687475650099,1.53929083441358,0.8546868173173747
9714,URBAN,4.479785849456667,1.0538932680878383,0.5667629320068713
9715,URBAN,9.021971048432881,1.6586793180266177,0.08645788609054757
9716,URBAN,6.68449391906591,0.6935311869598241,0.1668364730598784
9717,URBAN,6.350563844236171,0.5518342832968323,0.1975505981405676
9718,URBAN,6.464765659848563,0.2982336544309626,0.06176908613163967
9719,URBAN,3.8306452823301216,1.3479155393069198,0.4500838262223778
9720,URBAN,3.701463217927112,1.3969617724782155,0.502268512071811
9721,URBAN,7.0872544911115725,0.2542294695848189,0.34357026964470555
9722,URBAN,5.2687165758151675,0.6460941465506256,0.40247183090800065
9723,URBAN,8.242308282592749,1.621184265390514,0.7497486341851237
9724,URBAN,2.9851015855081444,1.4041796333947276,0.1721508524221668
9725,URBAN,4.508845629858802,0.5724492641066962,0.13335256886452587
9726,URBAN,6.446246011379765,0.866057874818,0.18816088885055504
9727,URBAN,1.9191645175938272,1.630616222991667,0.5319629828369457
9728,URBAN,7.359992044723242,1.8221832001681817,0.9728655930851162
9729,URBAN,4.482385479383101,1.0743888977093488,0.7827429474645645
9730,URBAN,9.592095370035375,0.34099706484474035,0.6715926763656029
9731,URBAN,10.380704632390927,1.2354167449579005,0.7943110558398342
9732,URBAN,12.913828750148884,1.0977722375281538,0.24608469239774905
9733,URBAN,9.283991306200226,1.846907662065055,0.6619523967902305
9734,URBAN,7.7755357516055374,0.9099627024814034,0.7498603250029376
9735,URBAN,7.774455065116396,1.7461902884567435,0.7404416412819897
9736,URBAN,8.310843322867205,1.592733176394881,1.0314135679950238
9737,URBAN,6.27148765277834,1.0625635770840123,0.597823602099231
9738,URBAN,6.450099733205279,1.017941486000704,0.5115151682026283
9739,URBAN,10.201918906163483,0.6708613346964444,0.44490169088795384
9740,URBAN,6.841285694813568,0.8385584093589926,0.03943522426571781
9741,URBAN,2.2591151073111484,0.4522783956116234,0.1497989460469626
9742,URBAN,6.949467330320479,0.5790461082029366,0.09990280345445973
9743,URBAN,4.111253123689504,0.6626512851104274,0.30349708230709993
9744,URBAN,5.5815741710930045,0.8872771622029069,0.48464720476016004
9745,URBAN,7.138471558320016,1.4927043060752316,0.16212263231967042
9746,URBAN,6.8507804769921465,1.414153143688071,0.30643324471414085
9747,URBAN,8.092072763257951,1.1064057729506929,0.429735361010685
9748,URBAN,8.730247924144974,0.2803863336589229,0.4143260456841178
9749,URBAN,12.323098855574594,0.7123355607350921,0.3125875780155861
9750,URBAN,5.8346342200365315,1.1093757808559093,0.4893949654231699
9751,URBAN,8.975902024579575,2.6698301761042957,0.5726814079006347
9752,URBAN,5.049782560455237,0.6325797595737722,0.25291154813289035
9753,URBAN,7.931564585879299,1.3915145004235205,0.5557159334813605
9754,URBAN,3.5705249103411543,0.6909201653400289,0.19832975172457917
9755,URBAN,5.445043041416097,1.686039875105749,0.6293764199614664
9756,URBAN,8.612704584784478,1.5434050119325804,0.1396457312179486
9757,URBAN,8.797093047972663,2.1816640367137907,0.6086958325723253
9758,URBAN,2.7004661255985147,1.5598963541920912,0.9200611586620399
9759,URBAN,9.746026066603989,0.7085194098996946,0.825282652626641
9760,URBAN,4.614684923158345,1.4884214429909857,0.38531768546445594
9761,URBAN,2.4055802408341433,0.5496872402772135,0.27951610302537
9762,URBAN,12.28397149261386,0.45014806044579003,0.24369326864250945
9763,URBAN,7.933330568234554,0.4347111187365666,0.05044072878395163
9764,URBAN,9.183495265912963,1.4153390841838205,0.4272650294640245
9765,URBAN,1.3788182471053692,1.6686124020621314,0.4641510318537574
9766,URBAN,2.222617176520241,0.6007523420490252,0.41206885157450573
9767,URBAN,1.5517187516635007,0.738429052906785,0.2729856750287873
9768,URBAN,8.496818982597553,2.4371093870177822,0.9398168943204418
9769,URBAN,10.743954825813196,1.7142157633362902,1.166145271526994
9770,URBAN,6.5027501827601535,0.6348113047920925,1.0649301086942076
9771,URBAN,2.970296486995514,2.1243301024698655,1.3872621744698315
9772,URBAN,12.12707589917777,1.2723797871330558,0.6803540387633609
9773,URBAN,1.8608519988231322,1.7433936699668466,0.06855095938140768
9774,URBAN,3.430723211906015,0.3840290394962237,0.10163325661639176
9775,URBAN,10.76746222587378,0.5166556891512545,0.22571576106105656
9776,URBAN,7.4171300281367545,0.8660856646343513,0.1928599405066296
9777,URBAN,3.5114155800317373,0.6968059134331416,0.32017419496893196
9778,URBAN,3.1891417965350044,1.8520255001211927,0.5831845994256862
9779,URBAN,1.8554386261128726,0.5182330718648964,0.38554582427920764
9780,URBAN,7.912668477633677,1.295526716005103,0.5798839594545794
9781,URBAN,3.9847112636927564,1.222894626648764,0.8045485168450103
9782,URBAN,3.494268362559972,0.7938160289715753,0.3525393129978358
9783,URBAN,7.417822341355702,1.3686034227941366,0.3630641979503757
9784,URBAN,6.123094718068013,0.9539143370278159,0.4821800019758422
9785,URBAN,10.65590444983042,0.14523345254165773,0.3045801418013762
9786,URBAN,9.133783142469982,0.09222788015335304,0.20675471009348625
9787,URBAN,1.7775040368462107,1.5560588313003174,0.3295687987128746
9788,URBAN,6.271437681040418,0.759245492489005,0.3333322675855351
9789,URBAN,1.4787667740115367,1.1539393539508827,0.3971505349179597
9790,URBAN,7.987470125178532,1.4162329561226792,0.6967340437984211
9791,URBAN,0.8896273200362808,0.9175562966287703,0.2278280582541937
9792,URBAN,6.145701109502229,1.5162150786052884,0.5247744288128372
9793,URBAN,4.146807731415292,1.2073320508231074,0.4726769053070164
9794,URBAN,8.075038448127572,0.17303870464035612,0.37162151686697514
9795,URBAN,5.1777288634782135,1.3827923735946441,0.3610451637109383
9796,URBAN,5.503464953593728,0.6370613766018053,0.21118738850479757
9797,URBAN,10.336851235340207,0.9174527688142808,0.39152236454855543
9798,URBAN,4.919308566748288,1.0301346551442774,0.08832510973943158
9799,URBAN,8.119980516743794,1.0981137980892177,0.2668709995573597
9800,URBAN,7.910587899884135,1.1328583904743568,0.5170210784296263
9801,URBAN,4.905013735114671,0.5453313287193168,0.51812516638861
9802,URBAN,7.002433264636124,1.294592657322935,0.6194815400727279
9803,URBAN,2.472142743890048,0.46972478211586355,0.32425857799830865
9804,URBAN,1.4832311542574794,0.7327182179107666,0.45364868097636113
9805,URBAN,1.0831780204433687,1.0203469933281242,0.13829790250226043
9806,URBAN,1.147954342696597,1.5461563982203608,0.5047570580687952
9807,URBAN,5.806876428342595,1.2247246580269922,0.3034990323610007
9808,URBAN,8.492443451580238,0.3290359848372067,0.14336441141186512
9809,URBAN,9.028286034202825,0.21030052185073184,0.046925407719313
9810,URBAN,2.6832279656749463,0.37231375463467953,0.09110423510364198
9811,URBAN,7.94763041018201,0.44595518880415985,0.19028293940936383
9812,URBAN,8.313212246740902,0.4673540560730153,0.24444936843107637
9813,URBAN,4.32957497673675,1.5646663993818868,0.657487622177445
9814,URBAN,4.0691756188540955,0.9279250112583524,0.47031808181747986
9815,URBAN,2.083821707628304,0.1746374824386335,0.2926713298336738
9816,URBAN,2.5097107101036276,1.0149872040651928,0.19442227488422226
9817,URBAN,5.920324060943129,1.135816128513557,0.4656918402247932
9818,URBAN,11.446600367062851,0.12625974569550696,0.3123604627685208
9819,URBAN,3.4695125555492887,1.4518424286034735,0.23785813657860397
9820,URBAN,4.9392349692543895,1.1894503085571642,0.2472987916652352
9821,URBAN,5.079680628973223,0.310006301058449,0.1896223562853669
9822,URBAN,10.92437035000767,1.1722812798453202,0.2468884366284707
9823,URBAN,1.778929305870303,0.16153507234346196,0.23333831873689478
9824,URBAN,6.847331386724723,0.7529167134795945,0.3701599092567279
9825,URBAN,2.0272452085944184,0.5161214949577178,0.4261925479210248
9826,URBAN,3.8840923238678826,1.2897530045728693,0.5827980691140613
9827,URBAN,12.08793726163986,1.4313168847414117,0.6144983268208543
9828,URBAN,2.5625121055492097,0.3501824456112207,0.3932687236811178
9829,URBAN,8.015157874716,1.1089026739340275,0.6102493874968761
9830,URBAN,1.1287206157716767,0.9767911731545085,0.7087607513730615
9831,URBAN,6.767848809989385,0.4887921742786287,0.4378988464193103
9832,URBAN,3.8822791278438373,1.2828680680239701,0.6055043673522355
9833,URBAN,7.749324009087432,0.6988118926966936,0.2583939535770918
9834,URBAN,9.579558055575523,1.3966400790011144,0.44761009879380836
9835,URBAN,8.07753054473659,0.8203330055187057,0.31638273657850446
9836,URBAN,5.822101715763751,1.3687128421916444,0.27080406905425974
9837,URBAN,6.790867004038397,0.438626475564504,0.2783660863109402
9838,URBAN,4.720344189284545,1.5482095338009967,0.2998318422033437
9839,URBAN,7.026689722030203,0.9356079438543311,0.3604258158716944
9840,URBAN,9.922486406240964,0.6346196343302462,0.3943793797881624
9841,URBAN,5.590934196659489,0.5952484811433533,0.11212474932920964
9842,URBAN,3.681682436893756,1.149678967101903,0.39813847780469747
9843,URBAN,5.077410055374302,1.155223588741304,0.4279229703173943
9844,URBAN,10.751257843674784,1.1433169026189924,0.5922423604035149
9845,URBAN,1.2734216198438018,1.855151298755328,0.1327950467922279
9846,URBAN,2.054770163421797,0.6233434604989024,0.1688209575078786
9847,URBAN,7.436925230361842,1.0529800058579506,0.256799461435299
9848,URBAN,3.285605230500834,1.7173581960604298,0.559758764336964
9849,URBAN,1.9075565985476273,1.2790153073814376,0.4996663613018174
9850,URBAN,7.327624046441013,2.932508528518267,0.880104656878551
9851,URBAN,4.758861224387899,0.7701200201319742,0.8807073337186474
9852,URBAN,13.361878936949612,0.11775340565123464,0.6778867290158297
9853,URBAN,1.3467954186339766,1.2166869218284078,0.46999033594412903
9854,URBAN,1.449282706889315,0.5195035568648103,0.46270739262389443
9855,URBAN,4.3157933954435785,0.5765878334285635,0.5066085725417424
9856,URBAN,2.3757281834133512,1.570297557293722,0.8010749563592159
9857,URBAN,8.492550246198391,0.8219284673909973,0.6722459874889066
9858,URBAN,7.494665349626395,1.3329105370985441,0.8471802817590688
9859,URBAN,7.131664592412432,0.23076236882569331,0.6190861934318588
9860,URBAN,4.525857158709973,0.3953216856366982,0.33662386693902163
9861,URBAN,1.0267775097976999,1.5658440844054151,0.2452944945745505
9862,URBAN,9.06688786349116,1.92154131865606,0.6664360109517582
9863,URBAN,7.567940445344071,1.7493387616726115,0.891135591851882
9864,URBAN,5.456655759861979,1.204244351078082,0.7241290608288148
9865,URBAN,1.0992674291514029,0.7463613412419254,0.31131811299573725
9866,URBAN,10.678147122075552,0.9028082272845397,0.506046128716335
9867,URBAN,7.551835998720596,1.4683322026543135,0.6701922067309153
9868,URBAN,9.42783143108482,1.669430589439315,0.5555723107863235
9869,URBAN,11.026482925380614,1.1618912262619736,0.7103485661578498
9870,URBAN,3.5048359189981375,0.8267894292304699,0.7393456290251511
9871,URBAN,3.618336030559861,1.5537976866135372,0.2383125430170127
9872,URBAN,1.73405320051841,0.5181968142337915,0.3272793810253822
9873,URBAN,5.0126305131699995,0.15143133910363427,0.2372182076369033
9874,URBAN,9.202751088157404,0.13545104504399924,0.18854278750165412
9875,URBAN,2.9096393387895225,0.6460856476233041,0.12331492349205249
9876,URBAN,12.241441581280458,0.5789338236182319,0.1000461735012853
9877,URBAN,4.911799409224458,2.75353142289013,0.9260749084023363
9878,URBAN,6.00600566361549,0.8364727174943302,0.8045748315684332
9879,URBAN,6.963110962798962,1.1125528924748527,0.7516575115744212
9880,URBAN,3.1187150810003357,1.225994430491482,0.5690805859152368
9881,URBAN,5.18973302494448,1.0748761025086477,0.6824911567696049
9882,URBAN,3.4601419164632072,1.6208842997715214,0.6311919471155346
9883,URBAN,5.386279751091365,0.8067577592483595,0.626348130724021
9884,URBAN,6.881799751155236,0.9916612423929714,0.6707064088339614
9885,URBAN,1.1289695627731067,0.4965678910108957,0.5012930298891252
9886,URBAN,6.290328585919343,1.5365429057821525,0.8382587324610209
9887,URBAN,7.370011144920068,1.2913108667462456,0.24366977779096236
9888,URBAN,4.218365578346358,0.5323863890537567,0.009150448826140618
9889,URBAN,6.8678485406954115,1.1343417607580288,0.32401708122780015
9890,URBAN,9.533935683545964,0.2839959182486791,0.3045491494153894
9891,URBAN,0.9483515774553084,0.9143325257724595,0.2775694501795069
9892,URBAN,3.544878493148445,1.4002319406611476,0.5606974407321292
9893,URBAN,11.010890502581095,0.17838740097939693,0.3528157152915861
9894,URBAN,5.026431068602725,0.5459587215688798,0.10205648478046167
9895,URBAN,4.614522256222367,2.0943496040391123,0.5826207535391131
9896,URBAN,9.415424967095106,2.184828123250809,1.1215274519802962
9897,URBAN,3.8813299527594034,0.23201814085535444,0.765824399469144
9898,URBAN,3.386562654430616,1.126893052803463,0.4286663217742348
9899,URBAN,4.040617032591034,0.9867540181483436,0.5984355389136623
9900,URBAN,5.065686598316652,2.0926521298224823,0.5845745611006282
9901,URBAN,0.8522119716484728,0.44141814665807,0.28401055878847214
9902,URBAN,10.344758846616685,0.738274966911561,0.017332374517926054
9903,URBAN,9.836458829606213,1.040378948496051,0.3130370414922146
9904,URBAN,7.702004578210674,1.0311966044279521,0.24364078267158368
9905,URBAN,3.37176768757039,1.2418164530729128,0.44462648376556235
9906,URBAN,1.840700789932793,0.7665417164967245,0.5030983167340781
9907,URBAN,13.177343909084248,0.09692608200200142,0.36903301512498565
9908,URBAN,6.689075441451081,1.2999825206481828,0.6367173538717187
9909,URBAN,2.393389901790581,0.7384437147104609,0.4272909752660957
9910,URBAN,15.923260787798213,1.023097086441335,0.028810744387883978
9911,URBAN,4.443010746945037,1.122078369852892,0.37644881897463045
9912,URBAN,8.511499795640873,0.8015603941346576,0.47439101051628013
9913,URBAN,15.15663949891712,0.5233013310530245,0.5043925831995985
9914,URBAN,7.238782117798058,1.7900677448923044,0.52782227591939
9915,URBAN,9.990418971395707,2.0725977736030314,1.0006928619943722
9916,URBAN,5.111641458514778,3.120723967579229,1.5027570345266077
9917,URBAN,8.176018979612996,0.8895891463195446,1.1594005829685203
9918,URBAN,17.291247081607317,0.5374500429245053,0.7195475032365544
9919,URBAN,3.8515424121547874,1.9385974700794046,0.8825563623887979
9920,URBAN,11.803863293099356,1.2423109419021483,0.2638945506206733
9921,URBAN,5.733424617896263,0.29140280557934356,0.14244014105300998
9922,URBAN,7.8686428362689105,0.4826486893692004,0.16471748406593653
9923,URBAN,1.7567729480902647,0.33519943647663186,0.1085676710603547
9924,URBAN,6.329577004947437,1.0115383201782882,0.3516544645772689
9925,URBAN,5.371315897062889,1.992337464322868,0.4458738073530713
9926,URBAN,7.448673739212903,0.8751973898073521,0.5103673027012852
9927,URBAN,17.303267465659463,0.8121804840834295,0.26982372909625973
9928,URBAN,7.86440010645327,1.44712298923986,0.45346585243009124
9929,URBAN,6.803935834223451,1.6635940023824753,0.6946711443963115
9930,URBAN,2.39833562405221,0.4789688739305241,0.42206341897263383
9931,URBAN,5.650916067459022,1.5083205556481927,0.40454123565806255
9932,URBAN,8.454697903929203,0.1399882741260053,0.25023155472678166
9933,URBAN,4.517775718466359,1.1724639929735927,0.4297020007984656
9934,URBAN,13.527861408623602,1.2890891627265892,0.17041336342248803
9935,URBAN,7.86663716594264,0.9238948426951281,0.29342175273764637
9936,URBAN,3.433388165224276,1.257144715558947,0.4772167973605987
9937,URBAN,0.7715139241615309,1.76400022337313,0.3970584168250435
9938,URBAN,9.527070382459463,1.3917667024946099,0.5077401388975226
9939,URBAN,9.777941019897872,1.2270445863903359,0.19389537486422453
9940,URBAN,8.8046709737068,0.7438472970852842,0.28146657536142133
9941,URBAN,5.320620143918259,0.4526743730370877,0.31781090801821205
9942,URBAN,3.193949069938704,1.0274577856207792,0.36037832435400086
9943,URBAN,5.865651893753029,0.9524093864831664,0.5302716747948725
9944,URBAN,3.1475747530218996,2.2896165403884314,1.0337145069673992
9945,URBAN,8.562696938706189,0.768410538482113,0.5413778722440866
9946,URBAN,3.824986935167899,0.8902396397871412,0.5759634997892361
9947,URBAN,5.870566041411689,1.6065328199575222,0.8912528728133807
9948,URBAN,5.648131573737663,1.5001907647728683,0.2198005505129409
9949,URBAN,9.80264710274415,0.2845901156283237,0.2381120641997828
9950,URBAN,5.5814696421166765,1.228801684140301,0.31895538048276917
9951,URBAN,1.111263295723882,0.8695762408260006,0.47049250986953384
9952,URBAN,1.2645731928792303,0.9180344869355136,0.5283953408972015
9953,URBAN,11.435478114883427,1.6011900571828022,0.34301922367333343
9954,URBAN,1.3106971097668374,2.4963997125484347,0.6736548118281999
9955,URBAN,6.6676287564580905,1.1791081238648213,0.2057113980006996
9956,URBAN,7.313189994969903,1.3690885123839467,0.27042074491349904
9957,URBAN,2.161015575229812,1.2954226863058516,0.3972860293405013
9958,URBAN,2.2270044714184882,2.9646801242320584,1.005122635190855
9959,URBAN,7.647157874743914,0.20203515305789074,0.7553831120001987
9960,URBAN,6.792123236824528,0.2792397177948868,0.6105939836779921
9961,URBAN,7.333837346845551,1.2335766408276896,0.7246224417899706
9962,URBAN,12.24444072843607,1.7136591473052465,1.0223468233997788
9963,URBAN,3.602771980836475,0.36476276664938606,0.6937569723134889
9964,URBAN,1.4248549019530212,0.7227594986438189,0.7125845763567926
9965,URBAN,2.726044877742494,0.6425905786491916,0.3585817919630927
9966,URBAN,4.943919082440258,0.9332183970566631,0.025229643044200806
9967,URBAN,3.175584748029722,1.0090242642513578,0.2899697423785007
9968,URBAN,6.1042045488536925,1.0847554456214468,0.5297981075434058
9969,URBAN,4.912602547748439,1.0190444114437325,0.16122698820337406
9970,URBAN,2.837655931750004,1.2710189378795733,0.4971397767807117
9971,URBAN,2.7536287881496238,0.6069409184971825,0.2628061132329835
9972,URBAN,4.131742742709396,0.4320764441020019,0.3061283971209867
9973,URBAN,5.113809604064039,0.6814508643132882,0.3276044571437686
9974,URBAN,8.0962742707376,2.060839364801715,0.8278121405879506
9975,URBAN,6.526161956641107,2.5442013286116922,0.9464150491001319
9976,URBAN,5.167802737342282,1.071966125949292,0.47608215817519256
9977,URBAN,7.311057386299985,0.9685987853665684,0.0764160603395438
9978,URBAN,12.368494330308359,0.5903052653476852,0.2401846573325585
9979,URBAN,5.277156734487977,1.3098417838064447,0.5060399819896372
9980,URBAN,6.89325516008271,0.2858949534317196,0.38553618727673017
9981,URBAN,14.557952212994651,0.7265834882120404,0.4354137186006247
9982,URBAN,18.018999092855797,1.1464380985414218,0.6214787414139359
9983,URBAN,6.016150110708998,0.5455436046775693,0.34221308494817754
9984,URBAN,4.515617118630701,1.0166523874259703,0.5631165092162875
9985,URBAN,7.370614228262762,0.7656347180468773,0.4999858006237905
9986,URBAN,2.295946279862397,1.4401359593928773,0.21553190864370986
9987,URBAN,7.208310923182375,0.4832568237911842,0.20429560193906607
9988,URBAN,7.746429219943576,1.8581358819337148,0.6813764784251817
9989,URBAN,8.740700467502844,1.125448755735053,0.19051218619661892
9990,URBAN,4.460284521652374,0.5978489088248219,0.29949028533263977
9991,URBAN,3.5735295982563113,0.632149687227363,0.19938067988921876
9992,URBAN,6.2063247521377125,0.6860615100320255,0.26123059086678163
9993,URBAN,16.421885025673298,0.5129226757346713,0.24713296708824012
9994,URBAN,8.851168128849732,1.455163620874201,0.4213712622065995
9995,URBAN,8.928681271350907,0.6647687003558365,0.1813460540796863
9996,URBAN,2.9435366024260574,1.0585405767591627,0.3720566103105609
9997,URBAN,7.823381872843793,1.1348837676748793,0.48782502737485456
9998,URBAN,5.542488700460696,0.9642159756634642,0.1409496635864905
9999,URBAN,1.8310359367194682,1.977090554637523,0.5011603876954757
