step,environment,gps_error,rtk_error,ekf_error,recovery_active
0,URBAN,5.814025487970102,1.6797993726156635,0.408223265832819,0
1,URBAN,11.975058275332648,0.29636510462884563,0.2738806970420309,0
2,URBAN,10.473757410692665,0.4117783371906203,0.2609337687783468,0
3,URBAN,2.1187924112731795,1.5160926405745894,0.11212988319576656,0
4,URBAN,11.118897730376455,1.5269052612828333,0.3635044281057785,0
5,URBAN,7.258864913518268,1.8273201033743736,0.16722027100668665,0
6,URBAN,4.8185212398840935,1.6676794900505179,0.16319224060249415,0
7,URBAN,4.001285450575922,1.2480020497226043,0.15249686898540443,0
8,URBAN,0.537755979348931,1.9819315983830805,0.24931601717935223,0
9,URBAN,8.209894907669423,1.4849575197706886,0.30932295645992736,0
10,URBAN,4.461021783588473,0.832412939005832,0.39589995640763975,0
11,URBAN,6.818341800654089,0.1812155358527321,0.5170273200978274,0
12,URBAN,5.864232890048836,0.2790361050812896,0.6409427931270864,0
13,URBAN,4.1770706796335455,0.932585493078007,0.8298117428545543,0
14,URBAN,5.170791271281986,0.8206655826842022,0.8688459119551641,0
15,URBAN,15.513963835894568,0.8199226784695838,0.8728593938977508,0
16,URBAN,4.593512746417635,0.9671879379825616,0.8543518852518986,0
17,URBAN,5.164290348814737,0.8711175536505359,0.7818693373938442,0
18,URBAN,8.568823229493045,1.2478580079651165,0.6220574275050937,0
19,URBAN,4.459430790412883,0.21904141878182676,0.3909697329863475,0
20,URBAN,7.254112748588566,1.7048482044453392,0.11239771638820217,0
21,URBAN,6.451953116964574,0.4702625979135057,0.2599765933063165,0
22,URBAN,2.7537588542875375,0.4592369671468364,0.4346281688070645,0
23,URBAN,2.9315040513794997,0.867362069417148,0.715473705308716,0
24,URBAN,2.594612246578718,0.9579593682607948,0.703757493336909,0
25,URBAN,2.9311790968615066,0.8048605194853503,0.8095184416637772,0
26,URBAN,4.4585932386687945,1.5790011553311336,0.6516937441875058,0
27,URBAN,4.005478239254104,0.4126954307852972,0.853460357429785,0
28,URBAN,5.105154705215101,0.9727325586084714,1.1273962481751694,0
29,URBAN,5.13286135997,0.12025700016358572,1.34610993814503,0
30,URBAN,2.837154797785473,0.9311563114483095,1.3476192054621465,0
31,URBAN,10.669253557225083,1.4707093712725858,1.200829581243852,0
32,URBAN,13.969888068145456,1.6520153860665285,1.2332056944001257,0
33,URBAN,9.101449270988404,0.44671783339365606,1.190914043690097,0
34,URBAN,7.353099398200771,0.7367195425899059,1.0627960081006178,0
35,URBAN,3.172167240028469,1.349196686835502,1.1569632127754386,0
36,URBAN,3.589684395848925,0.7860894019761852,1.1474477664121256,0
37,URBAN,11.427748593682011,0.9186081037918605,1.1998091944273825,0
38,URBAN,4.217501491074419,2.028434590136653,1.1658753344701869,0
39,URBAN,2.331841704435743,0.8707089849246611,1.1597917303742464,0
40,URBAN,9.687650340355644,2.001040787631915,1.4343647414179033,0
41,URBAN,2.6688999617227425,1.349886502169353,1.4210710450006554,0
42,URBAN,5.255898543549833,1.1761693009373198,1.4588999243008829,0
43,URBAN,9.012442716000976,0.02979216896242723,1.681135137662386,0
44,URBAN,6.496171131413645,0.8272191899335488,1.9749722004673311,0
45,URBAN,2.4956597892356185,0.4519684578141953,2.105516564081772,0
46,URBAN,6.180764933849289,0.5405893905407202,2.1871105167831297,0
47,TUNNEL,,,2.4535702345051025,0
48,TUNNEL,,,2.67782951744352,0
49,TUNNEL,,,2.94790797494241,0
50,TUNNEL,,,3.328325756105228,0
51,TUNNEL,,,3.830104342691055,0
52,TUNNEL,,,4.4268299893540295,0
53,TUNNEL,,,5.078539087139003,0
54,TUNNEL,,,5.751586634937807,0
55,TUNNEL,,,6.421712187903362,0
56,TUNNEL,,,7.076882996383503,0
57,TUNNEL,,,7.686199803843575,0
58,TUNNEL,,,8.228306603785976,0
59,TUNNEL,,,8.692035402182805,0
60,TUNNEL,,,9.076944896841352,0
61,TUNNEL,,,9.387790117161925,0
62,TUNNEL,,,9.632876122340043,0
63,TUNNEL,,,9.822743587599952,0
64,TUNNEL,,,9.965493383640995,0
65,TUNNEL,,,10.071277478674974,0
66,TUNNEL,,,10.148253636547501,0
67,TUNNEL,,,10.203141793236524,0
68,TUNNEL,,,10.242743975330272,0
69,TUNNEL,,,10.269983228437605,0
70,TUNNEL,,,10.289449288262839,0
71,TUNNEL,,,10.304120304137394,0
72,TUNNEL,,,10.320007422005924,0
73,TUNNEL,,,10.340932845341921,0
74,TUNNEL,,,10.37148436342848,0
75,TUNNEL,,,10.413583658156886,0
76,TUNNEL,,,10.470095869532562,0
77,TUNNEL,,,10.542720872691689,0
78,TUNNEL,,,10.631018298737205,0
79,TUNNEL,,,10.734850005589779,0
80,TUNNEL,,,10.855136685094408,0
81,TUNNEL,,,10.990114270340694,0
82,TUNNEL,,,11.143077397175594,0
83,TUNNEL,,,11.314654409137463,0
84,TUNNEL,,,11.506567729007974,0
85,TUNNEL,,,11.71805411234599,0
86,TUNNEL,,,11.949057338013198,0
87,TUNNEL,,,12.198520043384645,0
88,TUNNEL,,,12.46513595329653,0
89,TUNNEL,,,12.747168146788123,0
90,TUNNEL,,,13.043396745321484,0
91,TUNNEL,,,13.352351492383677,0
92,TUNNEL,,,13.672889629580956,0
93,TUNNEL,,,14.003543898854986,0
94,TUNNEL,,,14.343187081587219,0
95,TUNNEL,,,14.692006462840986,0
96,TUNNEL,,,15.050569099825578,0
97,TUNNEL,,,15.418501352860458,0
98,TUNNEL,,,15.795652691362115,0
99,TUNNEL,,,16.18104934045468,0
100,TUNNEL,,,16.57414424818795,0
101,TUNNEL,,,16.973869732295775,0
102,TUNNEL,,,17.38000047071185,0
103,TUNNEL,,,17.791624162669123,0
104,TUNNEL,,,18.20777145646296,0
105,TUNNEL,,,18.62777367531162,0
106,TUNNEL,,,19.051767569192474,0
107,TUNNEL,,,19.479420392651555,0
108,TUNNEL,,,19.9111790861642,0
109,TUNNEL,,,20.346476746221274,0
110,TUNNEL,,,20.784874807200215,0
111,TUNNEL,,,21.226120657152904,0
112,TUNNEL,,,21.670301461313436,0
113,TUNNEL,,,22.116632764765132,0
114,TUNNEL,,,22.565790931178608,0
115,TUNNEL,,,23.01754345801271,0
116,TUNNEL,,,23.471915788255124,0
117,TUNNEL,,,23.92781817829645,0
118,TUNNEL,,,24.38547801809567,0
119,TUNNEL,,,24.84444075710859,0
120,TUNNEL,,,25.30439870174048,0
121,TUNNEL,,,25.765170822070882,0
122,TUNNEL,,,26.2269753595254,0
123,TUNNEL,,,26.689278613677477,0
124,TUNNEL,,,27.15238654076884,0
125,TUNNEL,,,27.61643069427672,0
126,TUNNEL,,,28.08104394262871,0
127,TUNNEL,,,28.546044888296663,0
128,TUNNEL,,,29.012067851541254,0
129,TUNNEL,,,29.478636743270304,0
130,TUNNEL,,,29.946433178621678,0
131,TUNNEL,,,30.415320212682342,0
132,TUNNEL,,,30.885518793254235,0
133,TUNNEL,,,31.356751518013265,0
134,TUNNEL,,,31.82905915943402,0
135,TUNNEL,,,32.30221468127193,0
136,TUNNEL,,,32.777039725572784,0
137,TUNNEL,,,33.25278057222638,0
138,TUNNEL,,,33.72969666540261,0
139,TUNNEL,,,34.207446890719424,0
140,TUNNEL,,,34.68665458812805,0
141,TUNNEL,,,35.166334202021815,0
142,TUNNEL,,,35.64685950535561,0
143,TUNNEL,,,36.12725177696546,0
144,TUNNEL,,,36.60805826752231,0
145,TUNNEL,,,37.08960222648837,0
146,TUNNEL,,,37.57214146990852,0
147,TUNNEL,,,38.0553627875741,0
148,TUNNEL,,,38.53955037750813,0
149,TUNNEL,,,39.02372070948577,0
150,TUNNEL,,,39.50773306791481,0
151,TUNNEL,,,39.99182165366573,0
152,TUNNEL,,,40.475953978441005,0
153,TUNNEL,,,40.95993727289328,0
154,TUNNEL,,,41.44416119968168,0
155,TUNNEL,,,41.92841646705873,0
156,TUNNEL,,,42.41287220742304,0
157,TUNNEL,,,42.89741598156769,0
158,TUNNEL,,,43.381803186754624,0
159,TUNNEL,,,43.8664100714354,0
160,TUNNEL,,,44.35088112974394,0
161,TUNNEL,,,44.834885379927606,0
162,TUNNEL,,,45.31953025529088,0
163,TUNNEL,,,45.80448831357734,0
164,TUNNEL,,,46.289440271268674,0
165,TUNNEL,,,46.77450471428179,0
166,TUNNEL,,,47.259615370226484,0
167,TUNNEL,,,47.745024362774984,0
168,TUNNEL,,,48.23042243070418,0
169,TUNNEL,,,48.71506405703632,0
170,TUNNEL,,,49.20004395689441,0
171,TUNNEL,,,49.68526723581587,0
172,TUNNEL,,,50.17064803000825,0
173,TUNNEL,,,50.65603556235912,0
174,TUNNEL,,,51.14128351058255,0
175,TUNNEL,,,51.626216620966694,0
176,TUNNEL,,,52.111577939802125,0
177,TUNNEL,,,52.59701330060974,0
178,TUNNEL,,,53.08250906355795,0
179,TUNNEL,,,53.5680401033739,0
180,TUNNEL,,,54.05381214139484,0
181,TUNNEL,,,54.539905251826774,0
182,TUNNEL,,,55.02604668442063,0
183,TUNNEL,,,55.51161549768486,0
184,TUNNEL,,,55.997629725584844,0
185,TUNNEL,,,56.48301245036856,0
186,TUNNEL,,,56.96868291363408,0
187,TUNNEL,,,57.4548810680361,0
188,TUNNEL,,,57.941394134371116,0
189,TUNNEL,,,58.427683413553495,0
190,TUNNEL,,,58.91388908546224,0
191,TUNNEL,,,59.4003082758393,0
192,TUNNEL,,,59.88705636009459,0
193,TUNNEL,,,60.37389018605142,0
194,TUNNEL,,,60.86108283264705,0
195,TUNNEL,,,61.34804536587209,0
196,TUNNEL,,,61.83482859825581,0
197,TUNNEL,,,62.32109706595254,0
198,TUNNEL,,,62.80747897509754,0
199,TUNNEL,,,63.293842853197084,0
200,TUNNEL,,,63.78030021428944,0
201,TUNNEL,,,64.26657686351616,0
202,TUNNEL,,,64.75322481716034,0
203,TUNNEL,,,65.23996210917424,0
204,TUNNEL,,,65.72634697951713,0
205,TUNNEL,,,66.21257974279065,0
206,TUNNEL,,,66.69911849420727,0
207,TUNNEL,,,67.18580551700396,0
208,TUNNEL,,,67.67193920109997,0
209,TUNNEL,,,68.15845858027323,0
210,TUNNEL,,,68.64550284651705,0
211,TUNNEL,,,69.13251885442006,0
212,TUNNEL,,,69.61956485321151,0
213,TUNNEL,,,70.10645625041812,0
214,TUNNEL,,,70.59350970980994,0
215,TUNNEL,,,71.08083162566066,0
216,TUNNEL,,,71.56889261761293,0
217,TUNNEL,,,72.05669507275755,0
218,TUNNEL,,,72.54453939026591,0
219,TUNNEL,,,73.03201443640747,0
220,TUNNEL,,,73.51994911791816,0
221,TUNNEL,,,74.00817677291539,0
222,TUNNEL,,,74.49594545898995,0
223,TUNNEL,,,74.98361852573798,0
224,TUNNEL,,,75.47170437356804,0
225,TUNNEL,,,75.95972736642538,0
226,TUNNEL,,,76.44765964698102,0
227,TUNNEL,,,76.93558782723112,0
228,TUNNEL,,,77.4233788378851,0
229,TUNNEL,,,77.91069479343041,0
230,TUNNEL,,,78.39782662068377,0
231,TUNNEL,,,78.885058061278,0
232,TUNNEL,,,79.37222473303459,0
233,TUNNEL,,,79.85926772481503,0
234,TUNNEL,,,80.34684715082577,0
235,TUNNEL,,,80.83401906316796,0
236,TUNNEL,,,81.32128494648845,0
237,TUNNEL,,,81.80886818180345,0
238,TUNNEL,,,82.29715835529586,0
239,TUNNEL,,,82.78565667263472,0
240,TUNNEL,,,83.27393310090532,0
241,TUNNEL,,,83.76165143517403,0
242,TUNNEL,,,84.24908200940082,0
243,TUNNEL,,,84.73720769177547,0
244,TUNNEL,,,85.22564624566179,0
245,TUNNEL,,,85.71371992039649,0
246,TUNNEL,,,86.20184248349136,0
247,TUNNEL,,,86.69016439992693,0
248,TUNNEL,,,87.17885931742234,0
249,TUNNEL,,,87.66739573188204,0
250,TUNNEL,,,88.15591653496908,0
251,TUNNEL,,,88.64458629741837,0
252,TUNNEL,,,89.13370466547639,0
253,TUNNEL,,,89.62243888918793,0
254,TUNNEL,,,90.11074761116983,0
255,TUNNEL,,,90.5991722961906,0
256,TUNNEL,,,91.08752049796557,0
257,TUNNEL,,,91.57571485213937,0
258,TUNNEL,,,92.06421103765787,0
259,TUNNEL,,,92.55321067142324,0
260,TUNNEL,,,93.0418932522874,0
261,TUNNEL,,,93.53125006580451,0
262,TUNNEL,,,94.02074917484528,0
263,TUNNEL,,,94.50972703471028,0
264,TUNNEL,,,94.99825363611724,0
265,TUNNEL,,,95.48688900010424,0
266,TUNNEL,,,95.97571117037843,0
267,TUNNEL,,,96.4649123935803,0
268,TUNNEL,,,96.95359656834493,0
269,TUNNEL,,,97.44298031063212,0
270,TUNNEL,,,97.932717420616,0
271,TUNNEL,,,98.42247590443702,0
272,TUNNEL,,,98.91163774173967,0
273,TUNNEL,,,99.40082238399924,0
274,TUNNEL,,,99.89051254813215,0
275,TUNNEL,,,100.37980369116545,0
276,TUNNEL,,,100.86918875623543,0
277,TUNNEL,,,101.35812561022108,0
278,TUNNEL,,,101.84766509750789,0
279,TUNNEL,,,102.33675087428995,0
280,TUNNEL,,,102.82618964811273,0
281,TUNNEL,,,103.31551978636149,0
282,TUNNEL,,,103.80336172834879,0
283,TUNNEL,,,104.29034483428934,0
284,TUNNEL,,,104.77617925505204,0
285,TUNNEL,,,105.2611922511975,0
286,TUNNEL,,,105.74577458495712,0
287,TUNNEL,,,106.2292397208566,0
288,TUNNEL,,,106.7120028104388,0
289,TUNNEL,,,107.19394313294629,0
290,TUNNEL,,,107.67529020055878,0
291,TUNNEL,,,108.15608479140272,0
292,TUNNEL,,,108.63764642898414,0
293,TUNNEL,,,109.1028847287755,0
294,TUNNEL,,,109.53647768528299,0
295,TUNNEL,,,109.92858317390156,0
296,TUNNEL,,,110.27503759750341,0
297,TUNNEL,,,110.57535667828967,0
298,TUNNEL,,,110.83171028373171,0
299,TUNNEL,,,111.04770781688903,0
300,TUNNEL,,,111.22869018288246,0
301,TUNNEL,,,111.3790416302371,0
302,TUNNEL,,,111.50355629430344,0
303,TUNNEL,,,111.60573472205003,0
304,TUNNEL,,,111.69166416880552,0
305,TUNNEL,,,111.74031926113658,0
306,TUNNEL,,,111.74436545080212,0
307,TUNNEL,,,111.70943009968902,0
308,TUNNEL,,,111.6516817452455,0
309,TUNNEL,,,111.58764839667685,0
310,TUNNEL,,,111.53355444170963,0
311,TUNNEL,,,111.50106222644081,0
312,TUNNEL,,,111.49733937193271,0
313,TUNNEL,,,111.52615911042406,0
314,TUNNEL,,,111.58869353806276,0
315,TUNNEL,,,111.6841215878596,0
316,TUNNEL,,,111.8109118956219,0
317,TUNNEL,,,111.96669838886628,0
318,TUNNEL,,,112.15118291738625,0
319,TUNNEL,,,112.40113926704191,0
320,TUNNEL,,,112.74289305515055,0
321,TUNNEL,,,113.18113641546745,0
322,TUNNEL,,,113.70281368084493,0
323,TUNNEL,,,114.28444241921348,0
324,TUNNEL,,,114.89992970836629,0
325,TUNNEL,,,115.52720610292903,0
326,TUNNEL,,,116.14964514526727,0
327,TUNNEL,,,116.75635643713815,0
328,TUNNEL,,,117.3411279105166,0
329,TUNNEL,,,117.90024583686711,0
330,TUNNEL,,,118.4328521679903,0
331,TUNNEL,,,118.9420790958715,0
332,TUNNEL,,,119.39256277468847,0
333,TUNNEL,,,119.75046471506023,0
334,TUNNEL,,,120.00564146864116,0
335,TUNNEL,,,120.16785444377234,0
336,TUNNEL,,,120.25861529216722,0
337,TUNNEL,,,120.30452108796558,0
338,TUNNEL,,,120.32958039125411,0
339,TUNNEL,,,120.35291389720784,0
340,TUNNEL,,,120.38860994339353,0
341,TUNNEL,,,120.44550710855677,0
342,TUNNEL,,,120.52882755997672,0
343,TUNNEL,,,120.64062088650184,0
344,TUNNEL,,,120.78318444372692,0
345,TUNNEL,,,120.99589280034526,0
346,TUNNEL,,,121.30945080643231,0
347,TUNNEL,,,121.73232898757786,0
348,TUNNEL,,,122.25163089327164,0
349,TUNNEL,,,122.84162052572117,0
350,TUNNEL,,,123.47352681607137,0
351,TUNNEL,,,124.12225420853507,0
352,TUNNEL,,,124.76834883228028,0
353,TUNNEL,,,125.3991412617325,0
354,TUNNEL,,,126.00690255575383,0
355,TUNNEL,,,126.58732479162036,0
356,TUNNEL,,,127.139498924039,0
357,TUNNEL,,,127.66562824229626,0
358,TUNNEL,,,128.12985047566443,0
359,TUNNEL,,,128.49948258462587,0
360,TUNNEL,,,128.7656122780113,0
361,TUNNEL,,,128.9408332992767,0
362,TUNNEL,,,129.0512040497604,0
363,TUNNEL,,,129.12514919957866,0
364,TUNNEL,,,129.18685842027656,0
365,TUNNEL,,,129.2538893198242,0
366,TUNNEL,,,129.34073734142913,0
367,TUNNEL,,,129.45444657093807,0
368,TUNNEL,,,129.59966020081632,0
369,TUNNEL,,,129.77673857197956,0
370,TUNNEL,,,129.98708054601738,0
371,TUNNEL,,,130.26920385329134,0
372,TUNNEL,,,130.6515616715129,0
373,TUNNEL,,,131.13823244188896,0
374,TUNNEL,,,131.71163892574822,0
375,TUNNEL,,,132.34378144897687,0
376,TUNNEL,,,133.00595436866627,0
377,TUNNEL,,,133.67359370678443,0
378,TUNNEL,,,134.32882849638253,0
379,TUNNEL,,,134.96010403015316,0
380,TUNNEL,,,135.56140156038015,0
381,TUNNEL,,,136.12960316291029,0
382,TUNNEL,,,136.66541010260144,0
383,TUNNEL,,,137.17165309038643,0
384,TUNNEL,,,137.61330802544506,0
385,TUNNEL,,,137.9604047856421,0
386,TUNNEL,,,138.21013983509548,0
387,TUNNEL,,,138.37961447134475,0
388,TUNNEL,,,138.49666669467703,0
389,TUNNEL,,,138.58910938883884,0
390,TUNNEL,,,138.68134946037412,0
391,TUNNEL,,,138.7902839850009,0
392,TUNNEL,,,138.92663449540802,0
393,TUNNEL,,,139.09660604400568,0
394,TUNNEL,,,139.30319529705406,0
395,TUNNEL,,,139.5455227786725,0
396,TUNNEL,,,139.82248399038934,0
397,TUNNEL,,,140.17176121482737,0
398,TUNNEL,,,140.6178381989588,0
399,TUNNEL,,,141.160090185996,0
400,TUNNEL,,,141.77799770924557,0
401,TUNNEL,,,142.4423469124814,0
402,TUNNEL,,,143.12353436058834,0
403,TUNNEL,,,143.79735483457569,0
404,TUNNEL,,,144.44872468164914,0
405,TUNNEL,,,145.06768254888289,0
406,TUNNEL,,,145.6502252286249,0
407,TUNNEL,,,146.19477827512225,0
408,TUNNEL,,,146.70334688497,0
409,TUNNEL,,,147.1800375445664,0
410,TUNNEL,,,147.58328643924517,0
411,TUNNEL,,,147.88177321029426,0
412,TUNNEL,,,148.09022868781202,0
413,TUNNEL,,,148.25744147426263,0
414,TUNNEL,,,148.43730876027828,0
415,TUNNEL,,,148.67176771081236,0
416,TUNNEL,,,148.9843205935186,0
417,TUNNEL,,,149.38241486146097,0
418,TUNNEL,,,149.8617396376394,0
419,TUNNEL,,,150.41333085841458,0
420,TUNNEL,,,151.02486665628518,0
421,TUNNEL,,,151.68474546979473,0
422,TUNNEL,,,152.38115913699284,0
423,TUNNEL,,,153.10522530374288,0
424,TUNNEL,,,153.8269419869663,0
425,TUNNEL,,,154.50309530930082,0
426,TUNNEL,,,155.09935172111688,0
427,TUNNEL,,,155.59639959197776,0
428,TUNNEL,,,155.99252434053972,0
429,TUNNEL,,,156.29792400418816,0
430,TUNNEL,,,156.51564716023535,0
431,TUNNEL,,,156.68498585840163,0
432,TUNNEL,,,156.86914083959002,0
433,TUNNEL,,,157.12273107880233,0
434,TUNNEL,,,157.47602146859057,0
435,TUNNEL,,,157.93450591312813,0
436,TUNNEL,,,158.48394670552952,0
437,TUNNEL,,,159.10366175423798,0
438,TUNNEL,,,159.73560930435724,0
439,TUNNEL,,,160.30912552611835,0
440,TUNNEL,,,160.77944361846104,0
441,TUNNEL,,,161.1342152064106,0
442,TUNNEL,,,161.38906535032865,0
443,TUNNEL,,,161.56942179221724,0
444,TUNNEL,,,161.7240642147022,0
445,TUNNEL,,,161.92644719685558,0
446,TUNNEL,,,162.23477720709332,0
447,TUNNEL,,,162.66806067947346,0
448,TUNNEL,,,163.21140244784368,0
449,TUNNEL,,,163.82938557944922,0
450,TUNNEL,,,164.48104750995608,0
451,TUNNEL,,,165.0954522998729,0
452,TUNNEL,,,165.6068162087717,0
453,TUNNEL,,,165.98698357019114,0
454,TUNNEL,,,166.25399361214198,0
455,TUNNEL,,,166.45074693177426,0
456,TUNNEL,,,166.62640518751942,0
457,TUNNEL,,,166.81857118762906,0
458,TUNNEL,,,167.09479923497182,0
459,TUNNEL,,,167.4987069072305,0
460,TUNNEL,,,168.01912650606238,0
461,TUNNEL,,,168.6066385401882,0
462,TUNNEL,,,169.2038391174954,0
463,TUNNEL,,,169.76260852176566,0
464,TUNNEL,,,170.25660460061047,0
465,TUNNEL,,,170.6358436410667,0
466,TUNNEL,,,170.90102056222946,0
467,TUNNEL,,,171.10109660816892,0
468,TUNNEL,,,171.30183128811072,0
469,TUNNEL,,,171.55789110778773,0
470,TUNNEL,,,171.8995315319251,0
471,TUNNEL,,,172.33056873694562,0
472,TUNNEL,,,172.85961585513803,0
473,TUNNEL,,,173.45068073364857,0
474,TUNNEL,,,174.03425430738648,0
475,TUNNEL,,,174.54780439565425,0
476,TUNNEL,,,174.9593896481889,0
477,TUNNEL,,,175.264599666874,0
478,TUNNEL,,,175.4812644228416,0
479,TUNNEL,,,175.63609383819718,0
480,TUNNEL,,,175.79684998893265,0
481,TUNNEL,,,176.03423677550674,0
482,TUNNEL,,,176.3852237547587,0
483,TUNNEL,,,176.85062218691084,0
484,TUNNEL,,,177.4071737550848,0
485,TUNNEL,,,178.01868359459402,0
486,TUNNEL,,,178.62634051823562,0
487,TUNNEL,,,179.1568560831239,0
488,TUNNEL,,,179.56571000256145,0
489,TUNNEL,,,179.84888318677747,0
490,TUNNEL,,,180.03818393710444,0
491,TUNNEL,,,180.1769541924437,0
492,TUNNEL,,,180.3026111369331,0
493,TUNNEL,,,180.48860805493516,0
494,TUNNEL,,,180.79269341449552,0
495,TUNNEL,,,181.22436138109288,0
496,TUNNEL,,,181.74883698560294,0
497,TUNNEL,,,182.31306927322225,0
498,TUNNEL,,,182.86791847409964,0
499,TUNNEL,,,183.37787875417283,0
500,TUNNEL,,,183.78373047600599,0
501,TUNNEL,,,184.06282497843702,0
502,TUNNEL,,,184.2458268622912,0
503,TUNNEL,,,184.3932320218392,0
504,TUNNEL,,,184.562581675765,0
505,TUNNEL,,,184.79507641433008,0
506,TUNNEL,,,185.104049515437,0
507,TUNNEL,,,185.52017959922634,0
508,TUNNEL,,,186.02612528278917,0
509,TUNNEL,,,186.56041255127434,0
510,TUNNEL,,,187.05735645752398,0
511,TUNNEL,,,187.47131098403878,0
512,TUNNEL,,,187.7862654041003,0
513,TUNNEL,,,188.00623692860344,0
514,TUNNEL,,,188.14015808096116,0
515,TUNNEL,,,188.24297956805827,0
516,TUNNEL,,,188.38583619947534,0
517,TUNNEL,,,188.62254998003294,0
518,TUNNEL,,,188.97116122466556,0
519,TUNNEL,,,189.42296922360734,0
520,TUNNEL,,,189.94737993547915,0
521,TUNNEL,,,190.48905424947608,0
522,TUNNEL,,,190.9565795010374,0
523,TUNNEL,,,191.28032432867553,0
524,TUNNEL,,,191.47838654032276,0
525,TUNNEL,,,191.62047681598182,0
526,TUNNEL,,,191.7812783651757,0
527,TUNNEL,,,192.01233913305396,0
528,TUNNEL,,,192.33440054622395,0
529,TUNNEL,,,192.74640171293134,0
530,TUNNEL,,,193.2356749346873,0
531,TUNNEL,,,193.78563049390084,0
532,TUNNEL,,,194.378376667409,0
533,TUNNEL,,,194.99847946209175,0
534,TUNNEL,,,195.62852751830462,0
535,TUNNEL,,,196.24037264729805,0
536,TUNNEL,,,196.80188901484956,0
537,TUNNEL,,,197.28143097964747,0
538,TUNNEL,,,197.66336507641225,0
539,TUNNEL,,,197.9451369228983,0
540,TUNNEL,,,198.13556423537165,0
541,TUNNEL,,,198.24758601986454,0
542,TUNNEL,,,198.29767507319897,0
543,TUNNEL,,,198.29965896174846,0
544,TUNNEL,,,198.26703703342181,0
545,TUNNEL,,,198.20961231731962,0
546,TUNNEL,,,198.13518048264405,0
547,TUNNEL,,,198.05056433304392,0
548,TUNNEL,,,197.9647063126596,0
549,TUNNEL,,,197.88648639768155,0
550,TUNNEL,,,197.82524911230666,0
551,TUNNEL,,,197.7880892870815,0
552,TUNNEL,,,197.78029636417253,0
553,TUNNEL,,,197.8023874694545,0
554,TUNNEL,,,197.85514090436237,0
555,TUNNEL,,,197.93669787269783,0
556,TUNNEL,,,198.04498736400922,0
557,TUNNEL,,,198.17708483510344,0
558,TUNNEL,,,198.32966108673799,0
559,TUNNEL,,,198.49949780459602,0
560,TUNNEL,,,198.68286629032863,0
561,TUNNEL,,,198.88383687585443,0
562,TUNNEL,,,199.10508276723385,0
563,TUNNEL,,,199.34734589541563,0
564,TUNNEL,,,199.61027968810913,0
565,TUNNEL,,,199.89221134909195,0
566,TUNNEL,,,200.1916578926759,0
567,TUNNEL,,,200.5062011819104,0
568,TUNNEL,,,200.8338664103868,0
569,TUNNEL,,,201.17255111172005,0
570,TUNNEL,,,201.52052584639839,0
571,TUNNEL,,,201.87565621955346,0
572,TUNNEL,,,202.2363079580828,0
573,TUNNEL,,,202.60069593267485,0
574,TUNNEL,,,202.96983358655746,0
575,TUNNEL,,,203.34391021194392,0
576,TUNNEL,,,203.72279368397335,0
577,TUNNEL,,,204.10651633231305,0
578,TUNNEL,,,204.49380501207364,0
579,TUNNEL,,,204.88444683489672,0
580,TUNNEL,,,205.27787495961618,0
581,TUNNEL,,,205.6729074703095,0
582,TUNNEL,,,206.06908114199487,0
583,TUNNEL,,,206.466701544505,0
584,TUNNEL,,,206.86468939900163,0
585,TUNNEL,,,207.26277155354293,0
586,TUNNEL,,,207.66068433381832,0
587,TUNNEL,,,208.05741615938172,0
588,TUNNEL,,,208.45246021202186,0
589,TUNNEL,,,208.84630740421892,0
590,TUNNEL,,,209.2399983615515,0
591,TUNNEL,,,209.6335155169053,0
592,TUNNEL,,,210.0261778060414,0
593,TUNNEL,,,210.4176701174351,0
594,TUNNEL,,,210.80824738184833,0
595,TUNNEL,,,211.1977986555535,0
596,TUNNEL,,,211.58570109165493,0
597,TUNNEL,,,211.97261069258582,0
598,TUNNEL,,,212.35737945470322,0
599,TUNNEL,,,212.7410581830099,0
600,TUNNEL,,,213.12379782639678,0
601,TUNNEL,,,213.5048264179608,0
602,TUNNEL,,,213.88370462328893,0
603,TUNNEL,,,214.2595149100939,0
604,TUNNEL,,,214.63342993063654,0
605,TUNNEL,,,215.00584125876912,0
606,TUNNEL,,,215.37535840655534,0
607,TUNNEL,,,215.74205372283419,0
608,TUNNEL,,,216.10668141501554,0
609,TUNNEL,,,216.46960290088816,0
610,TUNNEL,,,216.83043333300697,0
611,TUNNEL,,,217.1893037568178,0
612,TUNNEL,,,217.54603572333494,0
613,TUNNEL,,,217.9007054410701,0
614,TUNNEL,,,218.25396774227937,0
615,TUNNEL,,,218.6049742686345,0
616,TUNNEL,,,218.95331445049032,0
617,TUNNEL,,,219.29942209367647,0
618,TUNNEL,,,219.64244130618778,0
619,TUNNEL,,,219.9832970070915,0
620,TUNNEL,,,220.32213033767167,0
621,TUNNEL,,,220.658566025155,0
622,TUNNEL,,,220.9918917303848,0
623,TUNNEL,,,221.32526216482407,0
624,TUNNEL,,,221.6608621755161,0
625,TUNNEL,,,222.00403525547017,0
626,TUNNEL,,,222.35049555493396,0
627,TUNNEL,,,222.7000690411012,0
628,TUNNEL,,,223.0430891790216,0
629,TUNNEL,,,223.37271930041516,0
630,TUNNEL,,,223.70573537549785,0
631,TUNNEL,,,224.04342907291814,0
632,TUNNEL,,,224.38897338026075,0
633,TUNNEL,,,224.74560666133567,0
634,TUNNEL,,,225.11399524478276,0
635,TUNNEL,,,225.49095304616577,0
636,TUNNEL,,,225.87066269296878,0
637,TUNNEL,,,226.24845073757666,0
638,TUNNEL,,,226.62223437072683,0
639,TUNNEL,,,226.990040285697,0
640,TUNNEL,,,227.352980225992,0
641,TUNNEL,,,227.71155573687525,0
642,TUNNEL,,,228.06626089088215,0
643,TUNNEL,,,228.418953869443,0
644,TUNNEL,,,228.7711257210512,0
645,TUNNEL,,,229.12246081888443,0
646,TUNNEL,,,229.47206923826386,0
647,TUNNEL,,,229.81150328157193,0
648,TUNNEL,,,230.1484802938153,0
649,TUNNEL,,,230.48758280107594,0
650,TUNNEL,,,230.8256452251133,0
651,TUNNEL,,,231.1549855121128,0
652,TUNNEL,,,231.46545071716304,0
653,TUNNEL,,,231.74749087772756,0
654,TUNNEL,,,231.99083851797803,0
655,TUNNEL,,,232.1874290737584,0
656,TUNNEL,,,232.33989805012257,0
657,TUNNEL,,,232.44719312820678,0
658,TUNNEL,,,232.51408826687359,0
659,TUNNEL,,,232.54132746514247,0
660,TUNNEL,,,232.53885109321317,0
661,TUNNEL,,,232.50986127866497,0
662,TUNNEL,,,232.46199399933576,0
663,TUNNEL,,,232.39932182791085,0
664,TUNNEL,,,232.32583347890503,0
665,TUNNEL,,,232.24729548397096,0
666,TUNNEL,,,232.1887565734453,0
667,TUNNEL,,,232.20922665927407,0
668,TUNNEL,,,232.36270461565817,0
669,TUNNEL,,,232.65936191262108,0
670,TUNNEL,,,233.05623410630434,0
671,TUNNEL,,,233.44972115999778,0
672,TUNNEL,,,233.7011414373479,0
673,TUNNEL,,,233.83404670277082,0
674,TUNNEL,,,234.0060581008808,0
675,TUNNEL,,,234.29456039213798,0
676,TUNNEL,,,234.6441380420171,0
677,TUNNEL,,,234.95679233634004,0
678,TUNNEL,,,235.17029304792374,0
679,TUNNEL,,,235.26885994376852,0
680,TUNNEL,,,235.28499902959925,0
681,TUNNEL,,,235.245964212639,0
682,TUNNEL,,,235.17357282020185,0
683,TUNNEL,,,235.08481614543467,0
684,TUNNEL,,,234.99331271331397,0
685,TUNNEL,,,234.90678997836787,0
686,TUNNEL,,,234.83182941487001,0
687,TUNNEL,,,234.77269459114336,0
688,TUNNEL,,,234.73130375452016,0
689,TUNNEL,,,234.70799146723567,0
690,TUNNEL,,,234.70309448372115,0
691,TUNNEL,,,234.7188245296296,0
692,TUNNEL,,,234.80702483224417,0
693,TUNNEL,,,235.0209062928788,0
694,TUNNEL,,,235.36603752691252,0
695,TUNNEL,,,235.7946380048666,0
696,TUNNEL,,,236.17851210530102,0
697,TUNNEL,,,236.40569114226022,0
698,TUNNEL,,,236.6207155639707,0
699,TUNNEL,,,236.97329725481808,0
700,TUNNEL,,,237.39000309728488,0
701,TUNNEL,,,237.72316688277607,0
702,TUNNEL,,,237.92501193205783,0
703,OPEN,1.3723775123355384,0.05711265106498485,0.05711265106498485,99
704,OPEN,1.2594477937704462,0.017447900881782573,0.015370775924395804,98
705,OPEN,2.412027867901065,0.027439817834024254,0.08828862837948358,97
706,OPEN,3.5839854704143814,0.036612138590817495,0.05955931562253751,96
707,OPEN,4.080189393575945,0.014914550615851905,0.08631351315155475,95
708,OPEN,3.2057569671835715,0.04336489318205125,0.10038946953967985,94
709,OPEN,1.9146317918559876,0.04149145120794305,0.059611947225591565,93
710,OPEN,0.43758912982556236,0.02914412661569109,0.07513260821572022,92
711,OPEN,4.052685342007432,0.004503203323066568,0.05699801291814532,91
712,OPEN,1.0339651695144148,0.05216378727483075,0.027409266163861776,90
713,OPEN,1.7090010513139258,0.049747261240063415,0.08467867057919418,89
714,OPEN,2.9711055211841675,0.031121005536550835,0.0636377915344674,88
715,OPEN,2.8583511601420883,0.07053261431811217,0.09217248372525758,87
716,OPEN,4.156160917044916,0.003785723588858802,0.035686300753152336,86
717,OPEN,2.4990551049837655,0.03056658597250113,0.040612614989686685,85
718,OPEN,0.30886837452415355,0.036922406726507484,0.02430957852256872,84
719,OPEN,2.0627082483923744,0.041901855557265506,0.05491357398643769,83
720,OPEN,3.6900003727777535,0.037103746175918606,0.05413222405691824,82
721,OPEN,1.6872692163465544,0.030472631554152866,0.027526708275131803,81
722,OPEN,5.419675775311289,0.057351007796431916,0.05586717919348038,80
723,OPEN,5.315946879990804,0.036416489221805994,0.04874266761803993,79
724,OPEN,4.401598255740304,0.022662431150099967,0.036991793633405656,78
725,OPEN,5.670275408073065,0.04541018603795439,0.03299925696414665,77
726,OPEN,4.048410763507469,0.06447739730746244,0.056124683512363396,76
727,OPEN,4.952755563687045,0.06388335183287928,0.049191025414870276,75
728,OPEN,4.137480574051513,0.016862594274615526,0.01997082863010526,74
729,OPEN,5.129186330320464,0.024857149537235713,0.017833492385191708,73
730,OPEN,3.4982743563512035,0.008765379411339983,0.003492931975259938,72
731,OPEN,1.851871886471995,0.04429118178329596,0.03623817051670645,71
732,OPEN,1.3028349535068544,0.024188662535999144,0.027375945202622144,70
733,OPEN,0.41530227979552076,0.03562644623356321,0.025647185472677542,69
734,OPEN,5.736265423301592,0.020177128163750748,0.015498506988607755,68
735,OPEN,1.6557091233239345,0.010684729715022835,0.016595086603182072,67
736,OPEN,1.7657111528093217,0.020745647077781645,0.008713974836378095,66
737,OPEN,1.9682051938051985,0.041165491350371744,0.04146104108976963,65
738,OPEN,4.1168079990703585,0.004193309608102006,0.012059565508655647,64
739,OPEN,7.855645325934736,0.05808966434888949,0.054367714380404386,63
740,OPEN,3.5460204619155586,0.02089840010745606,0.018661579964935886,62
741,OPEN,1.6334943656915484,0.06115802141020185,0.06008774948562605,61
742,OPEN,4.478054351842275,0.05746659544117157,0.04587012648184907,60
743,OPEN,2.872611533334509,0.018633087270693346,0.020611462267666626,59
744,OPEN,4.585095034392992,0.031007765093938353,0.033243126644373,58
745,OPEN,2.9754402802206052,0.06975572551648107,0.06780117349223119,57
746,OPEN,3.7510114819476335,0.0546451836361652,0.05537488399563575,56
747,OPEN,1.4540092445660742,0.03841467678103575,0.03515599947656961,55
748,OPEN,4.5050810334442115,0.034346497117053926,0.024623084702982436,54
749,OPEN,1.9295201716538493,0.012604881619735865,0.004466679765119132,53
750,OPEN,3.233308972571312,0.055097808774693176,0.05195589391224163,52
751,OPEN,4.064750092286399,0.04049353145063902,0.035311629230182336,51
752,OPEN,2.222078788721585,0.06453148427371405,0.0601099716031234,50
753,OPEN,2.3893646088162432,0.02530263944258304,0.012342612860007294,49
754,OPEN,4.1327123355537285,0.026408100850425366,0.016032914567909104,48
755,OPEN,5.066054804416116,0.023338511984672433,0.015573303811010217,47
756,OPEN,6.01346220827671,0.008255797603619693,0.011867359187680426,46
757,OPEN,3.3083463786868275,0.031318425488183345,0.030012017033431173,45
758,OPEN,2.4585528678528474,0.046257839555417436,0.03764031129114195,44
759,OPEN,2.1861289705690643,0.003996649152666066,0.009913282559617586,43
760,OPEN,2.2900697835055923,0.016085230767633865,0.0204897903828087,42
761,OPEN,2.4562162430237007,0.04525667418801927,0.03004488692573451,41
762,OPEN,1.9000606100990733,0.04390322079229814,0.03951140161993321,40
763,OPEN,2.867539320906361,0.025744283576838868,0.024374490758136913,39
764,OPEN,3.034418700310355,0.02591410221533665,0.029571462716955526,38
765,OPEN,0.6260646413329634,0.033294007740254254,0.03894606381671621,37
766,OPEN,1.8529175044218107,0.0180185589996457,0.02733330052814783,36
767,OPEN,2.9693858259435424,0.05415637330398213,0.05686427236696706,35
768,OPEN,3.96422789535241,0.04706101887985596,0.029402549503984743,34
769,OPEN,3.0203601978369563,0.06256957004536348,0.05498702012249167,33
770,OPEN,3.0574406435726345,0.046151038226277266,0.047192570910245674,32
771,OPEN,3.814880574534528,0.024053141861635038,0.029974229345192154,31
772,OPEN,4.583345272653219,0.011316860262177243,0.015142570668343425,30
773,OPEN,4.988180585677424,0.035146045469144155,0.02393845899308483,29
774,OPEN,3.9294799567208196,0.02691431658235418,0.026941564904112408,28
775,OPEN,2.5762722334205432,0.03112671236562733,0.02604489780954707,27
776,OPEN,4.8048290319418845,0.06466923100089758,0.049056648655224515,26
777,OPEN,8.154034647292647,0.019847734503897936,0.019167192814166876,25
778,OPEN,2.88576752501963,0.019500910727657465,0.021335463050905817,24
779,OPEN,2.6791316649139727,0.021491831974954693,0.02565458909762488,23
780,OPEN,2.7835234690363477,0.02969086060718089,0.03432413990577244,22
781,OPEN,1.6628026466892705,0.030601562564274522,0.01640070232468048,21
782,OPEN,2.910256302839741,0.010147649884932147,0.006266827291104189,20
783,OPEN,4.157361930576233,0.047396038798357146,0.04057148699505436,19
784,OPEN,5.813720229198648,0.020289184950877337,0.022432664776163198,18
785,OPEN,1.2840552570488013,0.04743338632696824,0.04301148263433773,17
786,OPEN,3.9680334249107716,0.02874968556260315,0.03249381039700346,16
787,OPEN,1.9510724424728663,0.01453123859017751,0.0028941197234641776,15
788,OPEN,1.507026852811711,0.0233312461085262,0.023629173654990857,14
789,OPEN,2.439338934017162,0.1094834085038695,0.09890101722175411,13
790,OPEN,1.0583405095002,0.0067026221757482355,0.022558634982063053,12
791,OPEN,0.7038826793296142,0.03505339956057679,0.037337624788924446,11
792,OPEN,0.6915892342022766,0.05222489426933571,0.0492278196337072,10
793,OPEN,0.2864514482349911,0.03769174397608568,0.031883845709133725,9
794,OPEN,4.5569737958915475,0.03733466851237009,0.033728888552767226,8
795,OPEN,1.3145298997942418,0.05374894559849506,0.04448461379513036,7
796,OPEN,4.628280011022977,0.01361756443750373,0.013606410145148427,6
797,OPEN,1.7314371034957565,0.022598168492726358,0.013188720791457107,5
798,OPEN,3.5954653613021623,0.06003657825133343,0.05672673683247419,4
799,OPEN,0.7797129218782413,0.03248233889301175,0.03830076644640598,3
800,OPEN,5.8297592568555086,0.05768569647862104,0.061150429703343535,2
801,OPEN,3.0454396214186383,0.057363102342747246,0.06383699066639684,1
802,OPEN,1.079234247009119,0.02305679431362255,0.008255270789687328,0
803,OPEN,1.3998955519699219,0.05875010237239742,0.05311077122509109,0
804,OPEN,2.161776402571576,0.023822488800949563,0.014989597398652358,0
805,OPEN,3.334749906166643,0.0115484979448823,0.007748902419211212,0
806,OPEN,0.9941321781837331,0.0059508234855069056,0.01005316039747439,0
807,OPEN,5.540876792607917,0.015893305426678873,0.008146078056877601,0
808,OPEN,6.307903156294344,0.06572382066118752,0.06137792054410293,0
809,OPEN,4.563897850106505,0.04532735988231011,0.031209133117648793,0
810,OPEN,5.291971901456081,0.03585054012658116,0.037060747827550374,0
811,OPEN,3.9441831588895133,0.04783521032002643,0.045702859273956425,0
812,OPEN,2.4125967057714823,0.05734562266179727,0.057404475038329766,0
813,OPEN,5.243659150131198,0.032102342449378186,0.022225948933900074,0
814,OPEN,0.8871370395397306,0.005038091881808643,0.002621137419309202,0
815,OPEN,1.5657167382520374,0.04935812599659207,0.04154274904534969,0
816,OPEN,0.9048601048333026,0.033619228328176834,0.03482379905028571,0
817,OPEN,1.071121424651977,0.018727286763972107,0.023176056748671327,0
818,OPEN,2.4197127540723105,0.05537582997548783,0.053315121011089726,0
819,OPEN,1.5165300210766288,0.043226263235007785,0.027555990352578948,0
820,OPEN,4.756265766345948,0.07372262697334077,0.06254872389053935,0
821,OPEN,0.5943577753086501,0.04508127287517736,0.0484240366051469,0
822,OPEN,1.7435880712305845,0.026348914281007985,0.030361976948543843,0
823,OPEN,2.8025593147456496,0.03125839987238828,0.022408551714792897,0
824,OPEN,1.316868874862971,0.06442127443944151,0.0525356726295009,0
825,OPEN,4.929804014042492,0.03030146705888868,0.03382959731044599,0
826,OPEN,0.8179948137628924,0.04521341446347703,0.03440847366656613,0
827,OPEN,2.503156865563439,0.0702175966855874,0.06812762517494732,0
828,OPEN,2.6366917217222534,0.03692904915871752,0.026042624788774296,0
829,OPEN,2.9670057558921785,0.03440108154949085,0.03373151245437664,0
830,OPEN,4.447367564594745,0.04064807603238307,0.029666857602357696,0
831,URBAN,6.324607056142544,1.371249852267782,0.049053961226123384,0
832,URBAN,13.941743291137126,1.1315414492299063,0.08344443643268953,0
833,URBAN,5.4542979047794455,0.15823334132557004,0.1135491553856114,0
834,URBAN,2.0950438598787846,1.7301074060077104,0.09725582119568299,0
835,URBAN,7.751338675291033,1.2372318692171156,0.08572623346636107,0
836,URBAN,4.002594447876185,1.0216854917188587,0.2083333464917642,0
837,URBAN,2.153379098152706,1.1003661034458059,0.18898072270646168,0
838,URBAN,5.824335718560737,1.8573649779073431,0.27170717831239044,0
839,URBAN,10.166580215496243,1.654129184993479,0.29854815806653917,0
840,URBAN,7.656992140816508,1.2374605066819866,0.2395980483673333,0
841,URBAN,0.33228564231593416,0.09275965198478495,0.1937684447348847,0
842,URBAN,7.47630713151666,0.5999502202602136,0.11568190921350073,0
843,URBAN,4.154894974260427,1.9078112480483833,0.21662543716098875,0
844,URBAN,3.7256415086450128,0.36101011128176214,0.1484245685008448,0
845,URBAN,7.1922399578358505,1.0695325545204823,0.1923730506761589,0
846,URBAN,6.2957286762486575,0.6710037046408125,0.20461662406622091,0
847,URBAN,6.826051888200452,1.917371376089487,0.3986863714306652,0
848,URBAN,1.7110506201796403,1.4613329336180492,0.28872658633242365,0
849,URBAN,2.1371095890044973,1.098904753727603,0.23509413685215388,0
850,URBAN,5.998602454359249,0.6137805881992404,0.24590793264640065,0
851,URBAN,5.4281488032313385,1.2958227980495618,0.2820858519208664,0
852,URBAN,14.670330841833552,1.13541730265183,0.3438961784519014,0
853,URBAN,1.8616944574474457,0.7312035224777432,0.1629874383709836,0
854,URBAN,5.684333817983765,1.3968295350434121,0.2678603814500332,0
855,URBAN,4.717096807396298,0.8025460230977929,0.2623387077606078,0
856,URBAN,8.526067221888823,0.7888457566135874,0.2744156443368648,0
857,URBAN,4.3596290624306935,2.2934959967106856,0.38512961148523334,0
858,URBAN,4.553270712405513,0.8635959190533237,0.20573053889423268,0
859,URBAN,9.455720902997726,1.0668835430103594,0.3146362359379485,0
860,URBAN,10.528213914299133,1.1156308106578894,0.14446792402747607,0
861,URBAN,3.7133355899165235,0.290684221570875,0.15044959224222318,0
862,URBAN,9.635709193367848,1.3429206940175655,0.3381765170476635,0
863,URBAN,4.226618970281676,1.3407082268611008,0.4884944856099032,0
864,URBAN,4.794885761331746,1.4905160752961837,0.33705769851533035,0
865,URBAN,7.065654881932588,0.9040792338729658,0.4443926182424464,0
866,URBAN,1.4955875237503347,1.8054425189667112,0.6340536899251774,0
867,URBAN,4.554250507289724,0.9604028707046958,0.5365891423086729,0
868,URBAN,5.567243631240074,0.4972338419223139,0.48047893657519875,0
869,URBAN,12.307263109306291,0.5285820487391898,0.5028055513282602,0
870,URBAN,6.0847541683857065,0.835956274435058,0.5933607146162057,0
871,URBAN,0.6200396964305841,0.6044109195074232,0.494539385309137,0
872,URBAN,4.114742121352719,1.9540902807221574,0.2261675579853037,0
873,URBAN,2.144259960137296,1.2570094141324746,0.1267228775648008,0
874,URBAN,7.3269172543715095,0.7845543901535194,0.11224338948720199,0
875,URBAN,11.148111938505831,0.840410925400065,0.2320660736426495,0
876,URBAN,13.027249991274976,2.1704143240100753,0.5248440822516666,0
877,URBAN,7.249121203064448,0.4403296977268887,0.5573004970318424,0
878,URBAN,6.457638760406207,2.338950565850712,0.8261312471877982,0
879,URBAN,10.285013941489861,0.9213510660945426,0.6826598664482643,0
880,URBAN,16.391149898070335,1.0336679325825389,0.5148360029556229,0
881,URBAN,4.232416358494787,0.49672842948308416,0.5318415320557707,0
882,URBAN,6.172870981268502,1.8309392120236325,0.40057921400900276,0
883,URBAN,4.778922727828397,0.17553148672263677,0.4043628465658911,0
884,URBAN,5.082663847508555,0.9298194245744985,0.521329654059895,0
885,URBAN,7.533851878839525,0.8109959907616272,0.4027105706513249,0
886,URBAN,7.973505510102159,0.5997677990500818,0.3252700034305924,0
887,URBAN,9.086855709077128,2.026705596078975,0.4898305663291974,0
888,URBAN,2.9205802607549183,0.477775820400385,0.4804261303101124,0
889,URBAN,4.685010862147066,0.2679202480680863,0.4328297099317117,0
890,URBAN,2.881182868549834,0.3118551800880297,0.3748744820767563,0
891,URBAN,6.232786034747994,0.6054696448467582,0.4296763404495339,0
892,URBAN,5.77829412418493,1.4438796018199573,0.33052240226010043,0
893,URBAN,3.4984027054444677,0.7024267036884484,0.22228243495632943,0
894,URBAN,1.9200117760677664,1.3782561279906873,0.3554734405891812,0
895,URBAN,2.964601768748161,0.5097515174262641,0.37865086478360926,0
896,URBAN,10.720785929458609,0.07372860456770959,0.3484237992853313,0
897,URBAN,4.604210054009141,0.5427715571795148,0.3164835591439274,0
898,URBAN,9.356928312693677,1.0513468604522596,0.20018252566468148,0
899,URBAN,0.8452884145043646,0.5524415951447563,0.2923998827514743,0
900,URBAN,4.59132902626818,0.4418692163670079,0.26987568100716564,0
901,URBAN,8.478463655938112,0.6618399021938802,0.20451902999949512,0
902,URBAN,3.2467954716514074,0.7037633665432861,0.1702909972927634,0
903,URBAN,6.268354928329702,0.8394568651989641,0.28899576439103897,0
904,URBAN,11.81290145905674,0.8082766643021373,0.20654955096787828,0
905,URBAN,5.56699962219159,0.7755536243523243,0.27025367040919507,0
906,URBAN,8.147545422224647,1.1198941209932294,0.431233703906139,0
907,URBAN,6.645039383742622,1.8246101376008377,0.6687669142033253,0
908,URBAN,11.172580557432328,1.60959064072652,0.8346202059101806,0
909,URBAN,4.699619177874864,0.6610655336527397,0.7502540134577681,0
910,URBAN,1.2953338401505572,0.8863581760308709,0.8237206773828607,0
911,URBAN,1.1300034118561997,0.8385234492016325,0.8129010834053272,0
912,URBAN,1.0087372990915102,0.29513987355994875,0.7696195594429902,0
913,URBAN,6.715812149507122,1.5586786143972164,0.9282248528071575,0
914,URBAN,2.0608019559541693,0.30771983180209644,0.8377661383998632,0
915,URBAN,6.76452252873051,1.4087458002481774,0.6219507891866931,0
916,URBAN,5.567758541174339,0.9788213075870134,0.6864131954926149,0
917,URBAN,5.579412630622709,0.6330712617824736,0.6011195303042637,0
918,URBAN,12.614246287623958,2.390174622647165,0.6295672195993335,0
919,URBAN,2.6927280795128596,1.8789273111918776,0.5249679970397734,0
920,URBAN,2.1992152996389684,1.9824910040258452,0.3086666434744196,0
921,URBAN,4.825092000283397,2.8154341124973397,0.1195833494045882,0
922,URBAN,7.352764076122755,2.9295188896839095,0.2817706077659526,0
923,URBAN,6.464305833600381,0.7055986291083912,0.33754251227835735,0
924,URBAN,6.643938462550236,0.7458726411287272,0.4074540093057166,0
925,URBAN,5.555619713034006,0.8239513890767017,0.39848851640472344,0
926,URBAN,7.142305648313162,0.5540928001705405,0.42920407281048695,0
927,URBAN,3.882303331163207,0.657678352887004,0.45276852761677006,0
928,URBAN,3.8938419780821647,1.3868647795879054,0.26420019168953895,0
929,URBAN,4.969799851727666,1.3507189849540007,0.4369988568068206,0
930,URBAN,4.185812478792355,0.8396901626619427,0.43062632839626486,0
931,URBAN,1.8404353400100588,0.710478307774293,0.4590786699105001,0
932,URBAN,7.896327316462747,0.47503546523404244,0.40134886518658397,0
933,URBAN,7.413054291287375,1.6199579367051105,0.5804116183712161,0
934,URBAN,7.8993455234351275,0.5354659813766149,0.5690173349699891,0
935,URBAN,7.231877133248912,1.3934093003289363,0.7263234081902706,0
936,URBAN,12.348677254629314,1.1236537778225564,0.8387626229602262,0
937,URBAN,2.690158197164053,2.0509963916912914,0.6177521686417835,0
938,URBAN,3.6441195559050517,0.7967485021129249,0.6940611917938527,0
939,URBAN,3.8265400699930647,1.0681130782627648,0.6113935958044532,0
940,URBAN,10.63498000071741,1.1145592462432679,0.45241520871764956,0
941,URBAN,6.16269260317439,0.9280673958981639,0.40915600694542886,0
942,URBAN,4.479490479217434,1.1984297608527394,0.2589119770948154,0
943,URBAN,5.555007840049915,1.370440699459698,0.4295438787432081,0
944,URBAN,6.26474617707298,0.7606894549144854,0.4583502634356914,0
945,URBAN,5.3767682743717975,0.8762803460442632,0.5494999352678825,0
946,URBAN,5.103976409620901,0.6700857080648014,0.47316157771653794,0
947,URBAN,6.554189305135851,0.303731049808389,0.505716330800747,0
948,URBAN,6.046607618012661,1.0566213693145396,0.3562673921311297,0
949,URBAN,2.5843616214526763,1.0212311404259746,0.48869180734149836,0
950,URBAN,8.887892071924517,0.5431005837283899,0.5223069625728227,0
951,URBAN,3.9701221289440647,1.3840460815200657,0.6478205403098236,0
952,URBAN,7.510364606031817,2.131430754598716,0.7515191741676431,0
953,URBAN,5.4598713205366725,0.8066940631386644,0.6301389934843388,0
954,URBAN,2.2332020082807835,1.3839728526176287,0.7862906508383677,0
955,URBAN,7.857529463261358,1.5115834968216946,0.7133117255845682,0
956,URBAN,3.054693667577601,1.2932428616009903,0.5308460472518044,0
957,URBAN,6.136135118365055,0.7535887180708843,0.5539823051415012,0
958,URBAN,6.4143786386592385,1.3788288134144027,0.5878304501371444,0
959,URBAN,4.018631893214336,1.5198471203686428,0.6947454527370823,0
960,URBAN,8.352464264233959,1.0143989126542887,0.5901268390797633,0
961,URBAN,1.821925122929993,0.4650294516184491,0.6303481761551772,0
962,URBAN,1.7925338514053009,1.1417880011231887,0.7463434241079215,0
963,URBAN,8.128238409997591,1.0996255366083687,0.8407474411810044,0
964,URBAN,13.985916480353337,1.4437362856583436,0.7732052602163199,0
965,URBAN,7.2915174270092455,0.9583287482605513,0.717415207073202,0
966,URBAN,8.598921157070475,0.8143285467742016,0.6737938992387511,0
967,URBAN,0.547819324118316,0.47531102828244115,0.6067190475771517,0
968,URBAN,7.005863291124104,2.4972580487880074,0.9020124024211306,0
969,URBAN,6.33625593013319,0.4514932333178089,0.8157326900254332,0
970,URBAN,3.2707321496209314,0.9689427861694688,0.7513080468504356,0
971,URBAN,2.940844767021001,1.1214714603020466,0.6653563291731729,0
972,URBAN,7.354797807746167,0.07023082157123761,0.6254583998699944,0
973,URBAN,4.999722913988866,0.8812648109097059,0.6963911254115897,0
974,URBAN,3.0617193920099126,1.645185145745455,0.5549409000287014,0
975,URBAN,5.9710812739934855,1.0347637235909388,0.5677245114828181,0
976,URBAN,4.627884525488357,1.9115858443333529,0.41814253241694177,0
977,URBAN,8.183972534112115,1.3069350573079124,0.507645322816373,0
978,URBAN,6.380283898982169,2.7559155380935785,0.6023961020445564,0
979,URBAN,3.9390772034359602,1.0060279486651227,0.5659560039935296,0
980,URBAN,5.081764549724208,1.414919211362251,0.5953737941982677,0
981,URBAN,6.318372104823839,0.7081101382265511,0.5938243029834424,0
982,URBAN,4.209316083585453,1.7625203937413567,0.7377630517274076,0
983,URBAN,4.780146946743416,0.9529940885344664,0.6405989844146436,0
984,URBAN,5.958716317586316,1.3214073065559304,0.7348709085594127,0
985,URBAN,1.80146585460853,1.743573699784432,0.722846154347709,0
986,URBAN,7.647019792469951,1.2343233566834004,0.6778418077157718,0
987,URBAN,9.525729084118153,0.4845195547664885,0.5724489197661317,0
988,URBAN,3.42249309292867,1.4456036994939356,0.5105957519682229,0
989,URBAN,10.922609321146528,1.1319234615894123,0.48246645595773435,0
990,URBAN,1.7563999478048875,2.3631948449672637,0.5847587609969827,0
991,URBAN,5.8507561797811345,0.5267938185767117,0.5153155941035269,0
992,URBAN,6.82730248295508,0.32675483433073155,0.45407910672441354,0
993,URBAN,1.12893874825583,1.5950982719436457,0.28718289371890887,0
994,URBAN,4.9142460443480385,0.7121188627115402,0.28741269264890634,0
995,URBAN,1.3110448204955287,0.8042280025878471,0.18274912816412828,0
996,URBAN,4.119004824638422,1.270563769868271,0.3331631344484013,0
997,URBAN,8.106548087020933,1.2500828279251064,0.259258987564749,0
998,URBAN,2.257791411809031,0.6201263804282267,0.3420327887981885,0
999,URBAN,2.3988108648546356,0.5644329223266008,0.387007488757956,0
1000,URBAN,6.719310690103188,0.5350463741264696,0.30627317348545896,0
1001,URBAN,3.2279464681905883,0.8796303159590624,0.2141906668888018,0
1002,URBAN,4.620847144330049,0.5021070057660724,0.15825531948401395,0
1003,URBAN,13.325721495250807,0.4718662438892342,0.233520112206572,0
1004,URBAN,3.064853293924622,1.3974065371337554,0.3219716775677061,0
1005,URBAN,3.732362458345136,0.9722725823373779,0.4315696206837867,0
1006,URBAN,10.23048209278243,0.8154061075517788,0.516244946115906,0
1007,URBAN,4.018061091649921,1.7547412494899457,0.6675425427669679,0
1008,URBAN,4.71911601909372,0.7060406027021674,0.6954751552037509,0
1009,URBAN,14.355354981090631,1.72857590096764,0.8129021629701548,0
1010,URBAN,7.425061639233146,0.8892264687828249,0.6293732504918843,0
1011,URBAN,2.6461152383336355,0.35187994484750507,0.5682776700868276,0
1012,URBAN,4.069354440749801,0.5534631238118523,0.5377718594895489,0
1013,URBAN,7.9617834046499425,0.10342861586373094,0.49590883735600483,0
1014,URBAN,16.59781590072894,1.6472534840429238,0.24999530062207756,0
1015,URBAN,6.764654164589473,0.9882893958848202,0.33259964649237905,0
1016,URBAN,2.606136797300725,0.7066559489924539,0.3336461435792894,0
1017,URBAN,11.567386741732287,0.6822206738152998,0.2706286219470483,0
1018,URBAN,4.303540702318979,1.048389383599537,0.3886636525049181,0
1019,URBAN,11.693946026451155,1.3722463562543532,0.19961177690727064,0
1020,URBAN,4.040810293227787,0.8813114989480422,0.13672718872066633,0
1021,URBAN,7.224892221242513,0.7225758627824755,0.12106253666865054,0
1022,URBAN,6.454246836789469,0.3945052734819954,0.07360182413345157,0
1023,URBAN,4.092309500341252,1.237482420895944,0.22834370975365198,0
1024,URBAN,10.670500830966008,1.067939202904713,0.3327823407162957,0
1025,URBAN,8.538651432818083,1.3953337186967694,0.4058993526806083,0
1026,URBAN,5.515654213035131,1.197984844632084,0.29372192893296395,0
1027,URBAN,10.413920799465378,0.5184776659068111,0.2662942114822348,0
1028,URBAN,14.004052352450907,0.9669390501078098,0.16506436595454782,0
1029,URBAN,4.203684895976767,0.6410994855652961,0.2184891735585752,0
1030,URBAN,13.28086596205669,1.064072266241772,0.31078473774190085,0
1031,URBAN,8.39690278722067,1.5450630026424061,0.3304600266498753,0
1032,URBAN,13.235744711742464,0.7096201585850557,0.26105494433171117,0
1033,URBAN,7.068118866221724,1.3359436853619417,0.23411781318910624,0
1034,URBAN,6.001550705042046,2.3644018263831037,0.48261822051968295,0
1035,URBAN,9.099943094787449,0.4473409780537604,0.39593097299455937,0
1036,URBAN,4.925422276774992,1.0872821608805106,0.4044367647485846,0
1037,URBAN,7.647387925487221,0.8643378178248236,0.46949924308148117,0
1038,URBAN,14.10199857618595,0.7693924885482555,0.4134393485545904,0
1039,URBAN,11.473025963110425,0.39879976858565225,0.39613933847249944,0
1040,URBAN,9.235417436631266,1.2332157452224601,0.48919505239887,0
1041,URBAN,2.7746600275972524,0.5556980332728563,0.49883193969652695,0
1042,URBAN,2.0383464998613694,0.1662261997571365,0.4560951566807878,0
1043,URBAN,4.329332731021108,1.1457702253779207,0.30981045298267246,0
1044,URBAN,3.9227647920184694,1.5684906121442244,0.37383447686456095,0
1045,URBAN,13.96820906119579,1.960949942630728,0.5304206340814676,0
1046,URBAN,4.791799821556617,1.0379923673386724,0.4459676229770421,0
1047,URBAN,9.91257720515843,1.2542723128703437,0.4712889141395936,0
1048,URBAN,3.433510463791471,0.5392872964324179,0.3751346243970379,0
1049,URBAN,6.218453622623993,0.877683212922769,0.4291594966842161,0
1050,URBAN,4.218710926637173,0.6987744241844562,0.3087475817849395,0
1051,URBAN,3.1755978237016103,2.026348613145626,0.4480977449472305,0
1052,URBAN,7.997123784825958,1.396594833858248,0.4760652946743798,0
1053,URBAN,8.988639174008455,1.3140719626002455,0.29348961850861094,0
1054,URBAN,3.748882579950193,0.9873373290942389,0.2819841180426957,0
1055,URBAN,6.392447101742291,1.0600127860007655,0.38060867956471955,0
1056,URBAN,4.307905059494392,0.18540033154316654,0.37748536475761907,0
1057,URBAN,4.306546948123578,0.7271054281360785,0.43748358583523067,0
1058,URBAN,9.173636452992419,0.8984223161747451,0.5184542754194017,0
1059,URBAN,5.754284963420444,0.3096313702643842,0.4439932160907798,0
1060,URBAN,6.634447239275042,0.8820978840405842,0.5309990607905702,0
1061,URBAN,2.0964573406360283,1.0952415457937767,0.37279302980035517,0
1062,URBAN,3.35470574036656,1.3072713308079762,0.48667886823710765,0
1063,URBAN,5.847610859732069,1.025372842404501,0.5893537471707274,0
1064,URBAN,4.641439666060219,0.7483835291377595,0.5528775998549007,0
1065,URBAN,2.936221077172638,1.4332389342814906,0.701376845300672,0
1066,URBAN,9.611676527642325,0.2708295803799962,0.6734267891835288,0
1067,URBAN,4.109598442224201,1.5634494830870092,0.5266282391890437,0
1068,URBAN,6.553005261073007,0.8176515988604324,0.5439897579424092,0
1069,URBAN,1.3973588999963529,0.6348916455901649,0.49500008274870766,0
1070,URBAN,14.145473126210877,0.6309657945804801,0.5124671732710219,0
1071,URBAN,6.248468430073253,3.1246337781971247,0.49560459665169154,0
1072,URBAN,9.581168095137603,0.4161018104510893,0.505267393082152,0
1073,URBAN,2.773061226279138,1.7270493427625924,0.553537841538938,0
1074,URBAN,13.627581023210066,1.0225651119984278,0.4683650735102498,0
1075,URBAN,4.6272857835622405,0.9781911827032761,0.48567397586150335,0
1076,URBAN,10.18045336811483,1.1194134451087199,0.3526713050729814,0
1077,URBAN,12.244338308071821,0.5968685420893438,0.4226053487000308,0
1078,URBAN,5.155135578720663,1.261104283370738,0.5713528925735373,0
1079,URBAN,6.858206847324125,1.7857468574956232,0.6886968582518542,0
1080,URBAN,6.045917301155594,1.450954323227152,0.49250754346048703,0
1081,URBAN,5.840815062285154,0.7199693934386128,0.5666511918533734,0
1082,URBAN,2.654412660275375,0.6074259788515626,0.6279800168260375,0
1083,URBAN,2.9294812885864014,1.6603588510091973,0.6386543927185444,0
1084,URBAN,3.9168569427838023,0.9852468724254853,0.6147477828036797,0
1085,URBAN,4.369348272285641,0.509479753350514,0.6227202867951579,0
1086,URBAN,3.1611478174124645,1.5759783625417534,0.5310873333699826,0
1087,URBAN,7.485717950479236,1.3109808729217103,0.5008813009792282,0
1088,URBAN,1.6407614302136408,1.3038392175616957,0.39073903576983277,0
1089,URBAN,8.387520680666082,0.6459007028268391,0.3576802105883872,0
1090,URBAN,5.328589652937538,1.0129442818650924,0.4555819979876773,0
1091,URBAN,1.8649537879213505,1.1023987038969254,0.30529310335487053,0
1092,URBAN,4.0705977557119235,0.6334821625384707,0.37836960451777674,0
1093,URBAN,5.599690918618155,0.9309255198517054,0.48847682807134335,0
1094,URBAN,6.125203435256261,0.7887033224314002,0.43972352641270634,0
1095,URBAN,5.801575459487007,1.625157281757866,0.5825731825162158,0
1096,URBAN,10.808020172942975,0.2792109969872387,0.5496684346027435,0
1097,URBAN,0.5357085867159441,1.0341515857412242,0.39925211820867124,0
1098,URBAN,5.089879583969157,1.0219986643453278,0.3550799171218228,0
1099,URBAN,17.12471119595271,0.690431085010292,0.3859687843369407,0
1100,URBAN,1.566200325918417,1.0253454388074539,0.2852197989797231,0
1101,URBAN,6.377382127635907,1.1466689559776444,0.24062024200364354,0
1102,URBAN,6.006110118120203,0.3218306380017081,0.2177904169095363,0
1103,URBAN,7.2295259983795095,1.699912549534383,0.42987444892357535,0
1104,URBAN,4.608194882969,1.1194241738395807,0.502090809032402,0
1105,URBAN,4.7374980184541755,0.747522327468946,0.438354054034857,0
1106,URBAN,3.789663957754607,0.08096856767409792,0.4402982741713399,0
1107,URBAN,11.203727767646393,0.4839550040125591,0.369763950507124,0
1108,URBAN,7.1082169347983255,0.6773337313525927,0.4310912298208897,0
1109,URBAN,9.409016042811343,0.9548171061693441,0.5431596468410064,0
1110,URBAN,8.280706690556107,1.4159140017035776,0.6645157993702618,0
1111,URBAN,5.496865074615197,0.8591773504160537,0.5360570376116487,0
1112,URBAN,8.701038416527943,0.07904621593398149,0.5106399394378138,0
1113,URBAN,5.573126013990547,0.9261234631447778,0.4337556573613702,0
1114,URBAN,5.239587918678944,1.4651502693664256,0.24222215593574706,0
1115,URBAN,4.238942706847057,0.6628635173280164,0.17141798045399212,0
1116,URBAN,1.4920145540756604,0.8133181788975101,0.29167822737681615,0
1117,URBAN,4.11864639003778,0.43520587350328904,0.3022938553716077,0
1118,URBAN,4.227524440282461,0.8146627141856718,0.3110351684248614,0
1119,URBAN,6.475646335257448,0.9335566417271605,0.3612423458077948,0
1120,URBAN,5.151606340430859,0.9944621554619891,0.24331936609471844,0
1121,URBAN,6.423245235020103,1.2489158356146823,0.37960027466583296,0
1122,URBAN,3.779622858613458,3.424581263600187,0.4309298351641804,0
1123,URBAN,2.4687104660859163,0.641527481660071,0.4689429164855725,0
1124,URBAN,14.24568045134394,1.4915806955587445,0.5499629435923843,0
1125,URBAN,5.931859754365293,0.8207371880926303,0.48567339207167304,0
1126,URBAN,2.205456947348051,0.4445938840416831,0.46903289896447065,0
1127,URBAN,2.1430469162913326,0.5149607508031823,0.48537006353934964,0
1128,URBAN,9.518817698921426,0.5483463693119178,0.421412752453822,0
1129,URBAN,13.16759437583412,1.2056207839938953,0.5209193394358804,0
1130,URBAN,7.714849216637269,0.30569711163306146,0.5241020764619416,0
1131,URBAN,1.9786872179697004,1.119789403525051,0.6321120293541623,0
1132,URBAN,8.228738236927144,0.8472764167747524,0.5998837598552677,0
1133,URBAN,5.664851539998361,0.6129817488200294,0.6226478773185893,0
1134,URBAN,4.812983358056481,0.7808482339819113,0.6906205704113483,0
1135,URBAN,7.32722541028281,1.643664007680121,0.8441756157085601,0
1136,URBAN,4.2454206911668715,1.8117096310205916,0.8813235383950268,0
1137,URBAN,16.295526205069955,1.100612325635776,0.6673472387661451,0
1138,URBAN,1.5141082180906194,1.493074792130441,0.6608646802506855,0
1139,URBAN,7.752128206313671,0.6260481669407454,0.7010590694411256,0
1140,URBAN,6.002800570860676,1.18154904427268,0.5729388667034516,0
1141,URBAN,5.363135305741647,0.4601157794588278,0.6089643994844576,0
1142,URBAN,2.836819158418321,0.8211890231814236,0.6889911268666365,0
1143,URBAN,3.3060223705861596,2.131925334056985,0.9224322667683408,0
1144,URBAN,3.9719938232624163,2.0952215611687994,0.8195306139893568,0
1145,URBAN,5.3196233370857895,0.922685915400879,0.6889036596205999,0
1146,URBAN,7.137942447332832,0.7689439161655626,0.6981840415288761,0
1147,URBAN,2.2880942920841587,0.37761289044897695,0.6969681759122706,0
1148,URBAN,6.94746436963761,0.49793561694528815,0.6562428341996375,0
1149,URBAN,4.154286830515817,2.200719251485196,0.9138234372631555,0
1150,URBAN,7.935969586524668,0.6666934944839303,0.8164718363516082,0
1151,URBAN,4.543835248140838,1.5542622852851835,0.885514062977846,0
1152,URBAN,5.56454924203144,0.2639645895244784,0.8144929969817156,0
1153,URBAN,4.4669445055453085,0.9983684646388772,0.891320188709123,0
1154,URBAN,5.423781301617405,1.7126320868400988,0.66987254191398,0
1155,URBAN,3.86586747892701,1.0163728204675024,0.7630217513191442,0
1156,URBAN,5.1712483323821035,0.13055082996137699,0.7237000850183142,0
1157,URBAN,3.0592870964178323,1.0997947340679364,0.5365403275020261,0
1158,URBAN,5.302487568083057,0.27425437400388286,0.5403327070940888,0
1159,URBAN,6.363380155096354,1.3939576140554173,0.33505450869019293,0
1160,URBAN,6.985888892039578,1.9009419484844015,0.5810787590399342,0
1161,URBAN,2.385166210239787,1.2179394568788726,0.6404143986110509,0
1162,URBAN,7.709901177511807,0.5561978716264475,0.6484268577807449,0
1163,URBAN,9.707540467417529,2.168008707823256,0.5973115513690056,0
1164,URBAN,6.724167901464465,0.32352328651959933,0.5469557783992278,0
1165,URBAN,5.630064544953723,3.2903390318727186,0.4468255187082914,0
1166,URBAN,5.522572694387074,1.003027718997568,0.3380339439365447,0
1167,URBAN,1.2576829559560534,1.7640686719075398,0.10934461920021496,0
1168,URBAN,7.356770525843268,1.3312568130285716,0.23957355864561125,0
1169,URBAN,5.838464734751044,0.4267683931623242,0.1719069942776248,0
1170,URBAN,3.7390937921689984,0.6350469489163588,0.09692516941560016,0
1171,URBAN,1.7892074449970685,1.0193314570019414,0.24622680371862293,0
1172,URBAN,5.336430344057585,0.8092518904156106,0.2408866124066471,0
1173,URBAN,13.315885243137531,1.680020050587856,0.45786268655979856,0
1174,URBAN,4.461504650166241,1.8093273651844217,0.6080346431175134,0
1175,URBAN,9.996096111233506,0.9348669409087567,0.6879844786995729,0
1176,URBAN,1.2424330762131337,1.0663381741793265,0.5853396455170569,0
1177,URBAN,7.4590056592647835,1.0396832831791967,0.49997042147303633,0
1178,URBAN,3.955478962369579,0.9971134078718004,0.39946757179562975,0
1179,URBAN,2.9357303682414075,0.9761333386981266,0.31369019323812836,0
1180,URBAN,5.449499634837031,0.7092785618985573,0.35728506065696614,0
1181,URBAN,6.29327218784791,0.3390332509590882,0.4023739638239854,0
1182,URBAN,4.973400808547913,0.5949384392846863,0.4759089004759196,0
1183,URBAN,7.576700989649323,0.7676881221958509,0.37090741565639757,0
1184,URBAN,1.8092091953802527,0.1293840666407769,0.35899548121403857,0
1185,URBAN,3.9760849946928882,1.3310653268261647,0.5060901125142014,0
1186,URBAN,6.480096045024979,0.4507135423020834,0.4581913768110047,0
1187,URBAN,6.8698725642157115,1.7608816453506426,0.5469133040656204,0
1188,URBAN,6.723558323275297,0.349506179021894,0.525430483347562,0
1189,URBAN,5.618228950043733,0.8881386234718966,0.6076649864662547,0
1190,URBAN,2.7222339260701376,0.3572265297046757,0.6268545017091603,0
1191,URBAN,3.4879073982090953,1.6489446497207354,0.6990766165394554,0
1192,URBAN,6.963316856024694,1.349951929269742,0.5433524985511579,0
1193,URBAN,2.3631253265836425,0.7579318091925246,0.5712230464074359,0
1194,URBAN,5.3844434472916065,0.9476606644091927,0.6763477208257581,0
1195,URBAN,6.461316999471837,0.6122822577141833,0.5658624126026538,0
1196,URBAN,2.4635263174617275,0.9039561135839729,0.5685544340276322,0
1197,URBAN,2.2558396328699155,1.860019582558823,0.7915438129508426,0
1198,URBAN,8.481692864517983,0.8549215738570083,0.6543078238040826,0
1199,URBAN,4.956333096770504,1.6269726989356692,0.620658631412697,0
1200,URBAN,6.344189271610459,0.9831670442050948,0.5868988539397451,0
1201,URBAN,1.1383256901929704,2.659459886486385,0.534966643915803,0
1202,URBAN,3.181438587649898,0.7229292251539241,0.48882279356003616,0
1203,URBAN,9.945699786203615,0.573156877921316,0.517362678731736,0
1204,URBAN,2.8699010112163617,0.2250361788965005,0.47561106631809186,0
1205,URBAN,5.408691284534884,0.7039268760604918,0.4174834895661309,0
1206,URBAN,6.528728693185955,0.9319108468111343,0.45432171860486414,0
1207,URBAN,9.028486849330022,1.6970664117084298,0.5575120943152965,0
1208,URBAN,3.560266988508997,1.6948242579806685,0.38888628566403083,0
1209,URBAN,10.007102538480238,1.4241702666990093,0.4693284553423892,0
1210,URBAN,8.048611472574818,1.5098790825129897,0.5816538138382581,0
1211,URBAN,6.153414508954478,0.9156171122410024,0.6758073659619451,0
1212,URBAN,7.791304425497713,1.067158012218243,0.6611751406666099,0
1213,URBAN,1.8736456045084293,1.1219788033099864,0.7829561866575993,0
1214,URBAN,8.109428281988592,0.9674560750148593,0.773689342124881,0
1215,URBAN,7.512290740819328,0.7133864786814749,0.6474420206134448,0
1216,URBAN,5.7025499532758595,0.9823980994020923,0.5232045642493407,0
1217,URBAN,7.064409519520569,1.051004521261396,0.598171420968448,0
1218,URBAN,10.05716945443873,0.4983433450685528,0.5760828742059366,0
1219,URBAN,3.10232969744081,0.7659282307143065,0.5230486755776399,0
1220,URBAN,2.640772045737616,0.5646010508666666,0.43383022185613324,0
1221,URBAN,5.191871913879759,0.7412710825263474,0.5260764248443642,0
1222,URBAN,4.8448128781095505,1.0554361589555759,0.5676463220288431,0
1223,URBAN,8.669982115379545,1.1357691960174228,0.6680816702014382,0
1224,URBAN,7.109729100216518,1.1938244344103854,0.5791498356358576,0
1225,URBAN,12.948784122666776,0.9432938992406649,0.6680852847018312,0
1226,URBAN,8.695421808322498,1.1810048186087172,0.49510091117850097,0
1227,URBAN,5.618022978399648,2.165495522850187,0.1936840410917127,0
1228,URBAN,7.634969259228266,0.7877188401400713,0.31466099580957807,0
1229,URBAN,5.046393236710452,1.0811221513560871,0.42884136362554826,0
1230,URBAN,14.342112003624093,1.8012527121058486,0.2649587221544013,0
1231,URBAN,1.891280240305166,0.26712683412696353,0.26039831241187966,0
1232,URBAN,10.928566704622934,1.5029436698202667,0.22254979311044182,0
1233,URBAN,1.3389611982731944,1.2672884545121696,0.4069120434906594,0
1234,URBAN,0.42393482903095725,0.8035799464726204,0.40968605514908685,0
1235,URBAN,13.238948055432846,0.9465076457526643,0.34674016946470215,0
1236,URBAN,10.072678087703162,0.3592794089449715,0.36189011538789967,0
1237,URBAN,14.20451039937117,1.2144052673184331,0.5187092345358914,0
1238,URBAN,2.3406094244159674,0.36287608367181023,0.5436628343612497,0
1239,URBAN,1.3686703623612904,1.2740104415051028,0.4473041137161108,0
1240,URBAN,4.3315130300699884,1.1723253187881293,0.49574698798260736,0
1241,URBAN,2.065468392648371,0.5789604563414182,0.514883702863653,0
1242,URBAN,7.413195919987621,1.2666509707229625,0.6994354445064724,0
1243,URBAN,11.611280292989228,1.0415549070655357,1.0180795420993027,0
1244,URBAN,13.079972454812395,1.1237659085851774,1.0967307401160509,0
1245,URBAN,3.958310340401075,0.15975096026324295,1.3760119002842897,0
1246,URBAN,3.6258954964702514,0.9434381662105056,1.589771895198859,0
1247,URBAN,13.472478194847668,0.2918833454972084,1.889266013100109,0
1248,URBAN,8.995464181776933,0.7294163710655701,2.1847253679548024,0
1249,URBAN,8.113554796499846,1.4088209013646356,2.5634704417692644,0
1250,URBAN,3.890666658454465,1.1333212300767286,2.7968941670347847,0
1251,URBAN,7.8805882521294395,1.3907631652038694,3.1896396367502375,0
1252,URBAN,7.008847444710612,0.8549662185111015,3.2719578128659013,0
1253,URBAN,10.967073497056207,1.4887019576908305,3.605190366142311,0
1254,URBAN,6.379495217323678,0.7335817217688431,3.7728433362699128,0
1255,URBAN,5.485885247420533,1.1869280245678417,3.7147872933375274,0
1256,URBAN,9.313777806638798,0.7182672558677342,3.539834124558426,0
1257,URBAN,2.125034538555694,1.6526348957312151,3.6094899149813173,0
1258,URBAN,1.983540247258405,0.4228524399890867,3.405582863648244,0
1259,URBAN,5.375125554955382,1.9525366724530535,3.2819664754770446,0
1260,URBAN,16.13558901546747,1.5503711551612505,3.156526960424968,0
1261,URBAN,0.665849400931192,1.0460501514850271,2.7941809170991903,0
1262,URBAN,10.577444568971607,1.5717912507947638,2.7167205749155223,0
1263,URBAN,12.699484666249989,0.18923969882028255,2.6250080628723804,0
1264,URBAN,1.9514959006435788,0.26697754380616845,2.695796535085027,0
1265,URBAN,4.674726505881908,3.2279400409110117,2.8293924383188602,0
1266,URBAN,6.809428979671212,0.9932589342336788,2.7519312293188753,0
1267,URBAN,5.632198711700877,0.9149084537684588,2.8472552262995516,0
1268,URBAN,10.495355863599283,0.9016418069059797,2.834660179075251,0
1269,URBAN,6.307437624015277,0.85322420235544,2.5315991621820193,0
1270,URBAN,7.212113393869678,0.5216824286456665,2.354922991869316,0
1271,URBAN,6.9588872477249994,0.49890809544891596,2.196832421798629,0
1272,URBAN,5.435287336700673,0.6612818231427284,2.1415812730055506,0
1273,URBAN,3.194004157241024,1.5882633574564076,1.9588909241806232,0
1274,URBAN,14.997347143440173,0.4900786490948435,2.1565000381110626,0
1275,URBAN,3.8702506422611274,0.36358671426220146,2.3734495603993655,0
1276,URBAN,7.465420679863035,0.6517010461190407,2.5847944348601146,0
1277,URBAN,8.167232480408371,0.6168732234371854,2.538242413152644,0
1278,URBAN,5.786465234014229,0.8878330348360786,2.590516949115351,0
1279,URBAN,3.0734679643147853,1.0969043073840679,2.3790744913288755,0
1280,URBAN,5.3905466327588165,0.2481245519385061,2.2258910007252726,0
1281,URBAN,6.75203470069543,0.4422018362301188,2.086729107954865,0
1282,URBAN,9.736048902500716,1.3841707949754714,1.9128430150230513,0
1283,URBAN,4.491812014915214,1.3664537265504084,2.1652345710147873,0
1284,URBAN,5.817421114303683,0.37718149245157556,2.2933804974055354,0
1285,URBAN,9.430559129216089,0.6411230513096002,2.510551853081511,0
1286,URBAN,15.18962950102815,1.8239996443487068,2.4653949670122475,0
1287,URBAN,13.19664234747771,1.2430448967619658,2.5961448395451336,0
1288,URBAN,5.395380927867211,0.6371747144980499,2.6101270350043615,0
1289,URBAN,1.8577696180576928,0.9164295190717211,2.5753469192462055,0
1290,URBAN,5.066077076615742,1.0339667906381182,2.3856078681128117,0
1291,URBAN,3.5756460971128425,0.3446402661388719,2.2853335380705517,0
1292,URBAN,5.258101561922539,0.7702229181121883,2.2367702000205196,0
1293,URBAN,8.317553581257796,1.1126396665069065,2.3768425756016343,0
1294,URBAN,7.49767460275602,1.2528122242747983,2.533083811568689,0
1295,URBAN,12.446163877588498,0.9893364086547387,2.4872408381570774,0
1296,URBAN,2.8893908267510184,0.5588212679804189,2.446980864277621,0
1297,URBAN,3.498655399096214,0.6765240381514612,2.5110380029504813,0
1298,URBAN,2.383527307917234,1.3680140559165916,2.2572062582271992,0
1299,URBAN,10.314372972255173,0.42156265330734666,2.1660746896462713,0
1300,URBAN,3.548068418383386,2.0637986057924813,2.2956495099846235,0
1301,URBAN,3.5475520579517053,1.042906524492648,2.1027341609356838,0
1302,URBAN,4.13203433035467,0.45099586215891974,2.050987063344853,0
1303,URBAN,6.981998010041081,1.0745003472153216,2.2966907297615777,0
1304,URBAN,6.752604829318247,0.6333896080154108,2.4456764749925015,0
1305,URBAN,8.11311335391155,0.37491192943138363,2.586476332945584,0
1306,URBAN,11.013005147251526,1.4419806922299767,2.6232746507866076,0
1307,URBAN,5.313734398764949,0.23165441497293562,2.572356047821972,0
1308,URBAN,10.826766922349952,1.697420677429701,2.6815204877846854,0
1309,URBAN,1.56013321514409,1.8374954021533478,2.48837647298071,0
1310,URBAN,2.4045469744865655,1.5836090499777795,2.403345264224121,0
1311,URBAN,11.92711627152647,0.19265363364062277,2.2217427592676082,0
1312,URBAN,6.35614421443074,0.4390126660120699,2.1945235556805947,0
1313,URBAN,4.391794290685298,1.6982945831228389,2.0740373099981215,0
1314,URBAN,12.503358652147993,1.4098189668525842,2.3734971587598124,0
1315,URBAN,7.252225110968675,1.4535734717630313,2.536193097083951,0
1316,URBAN,8.306711041225615,0.945567183546298,2.5312827636435444,0
1317,URBAN,5.175810879237467,1.1228788256466646,2.390231154016955,0
1318,URBAN,2.2238216978741394,0.6133381927137752,2.253584642469688,0
1319,URBAN,4.477511233172133,1.0909055458368566,2.148747152964475,0
1320,URBAN,6.333073393030467,0.5149825297439196,1.9250060630095485,0
1321,URBAN,9.62179802986561,0.5897531443759575,1.9520308771616983,0
1322,URBAN,7.247751998081892,0.4741657099716504,2.043683197397296,0
1323,URBAN,7.9258376057903455,1.286399794411407,2.036317299521864,0
1324,URBAN,13.129158159045252,1.0455311530220044,2.2818086162938385,0
1325,URBAN,4.26664100297164,1.2343202555265322,2.2702618296909445,0
1326,URBAN,7.276671203792595,1.7200498064056788,2.1208419434491312,0
1327,URBAN,7.652859680174157,0.5061350431439775,2.140132907992252,0
1328,URBAN,6.591259405515989,1.7706113159763193,1.8476092039776002,0
1329,URBAN,3.57914176898423,0.3456005891802852,1.71171256281955,0
1330,URBAN,3.673148464935007,1.3383802357470402,1.4364323074299032,0
1331,URBAN,6.330747143222083,1.0424614438483042,1.3764196145094902,0
1332,URBAN,6.0701697909784444,1.0977451190875325,1.4563700486698241,0
1333,URBAN,8.07542509967711,0.9135189040217608,1.6278155229555404,0
1334,URBAN,7.990762550262973,0.8776783540417155,1.8067898385519552,0
1335,URBAN,1.1260502276747644,3.0957069612757486,2.3733415936122415,0
1336,URBAN,15.304984665230169,0.9478956955245598,2.3641482300922125,0
1337,URBAN,12.640578405648553,0.6962446301772992,2.2369916094110076,0
1338,URBAN,5.432878587037261,0.791166441961393,2.0179562395330417,0
1339,URBAN,7.866423793360042,0.7906271609286063,1.9994142726160102,0
1340,URBAN,7.6502536250907545,0.752623280930326,1.815449825696357,0
1341,URBAN,9.923492024955701,0.1222648746842653,1.8431277921567717,0
1342,URBAN,4.8284968096905585,0.6044360809974538,2.0625545701972428,0
1343,URBAN,6.9284606871889185,0.8479695630858435,2.268671616675613,0
1344,URBAN,4.82368970137417,0.5969041809351446,2.448068820895205,0
1345,URBAN,1.7041111401372218,0.9115233011527024,2.4716052203306336,0
1346,URBAN,3.7869208084480452,2.9455701001202486,2.16483101986248,0
1347,URBAN,6.912042585652856,0.8307019760862053,2.204414878255174,0
1348,URBAN,4.5672727821260475,1.284213508217502,2.2094248243021273,0
1349,URBAN,10.38057009817817,0.9346695900770642,2.055282553163356,0
1350,URBAN,4.657834975149872,1.0154774672954816,1.9682594634564796,0
1351,URBAN,1.5457165638956019,2.180754779257876,1.7599225971489625,0
1352,URBAN,11.984035478472197,1.2961729787504208,1.79180703640594,0
1353,URBAN,10.09353459441674,0.8957800868097061,2.1058740059081744,0
1354,URBAN,6.78210016595525,0.9403413843281031,2.2246106988013805,0
1355,URBAN,4.260936328255464,1.28998380850354,2.455202831757698,0
1356,URBAN,15.983644540243903,0.5374499501137996,2.487342560832892,0
1357,URBAN,3.735683299595968,0.9829309480468736,2.4556676446712027,0
1358,URBAN,1.1849152059479806,1.4158456696007824,2.1074409252823423,0
1359,URBAN,7.459184164867909,1.0795404764699639,1.8244887309200684,0
1360,URBAN,11.405289253553512,0.614591830195371,1.7921337135462454,0
1361,URBAN,0.31741002109088,0.8121959385257367,1.903024258055611,0
1362,URBAN,6.133553320953515,1.0436162963457183,2.1227794999378964,0
1363,URBAN,6.2203342698071005,0.5836384012972128,2.2573846156782547,0
1364,URBAN,2.795986903329843,0.9195206639122484,2.425565109592152,0
1365,URBAN,4.706868196456526,1.0274011389181337,2.5022958470616388,0
1366,URBAN,3.098430401984951,0.39518868021958464,2.4264022273027517,0
1367,URBAN,7.758124730367289,1.472807638932743,2.123489753864478,0
1368,URBAN,6.300049207667751,1.6074257054812473,2.0256079309783472,0
1369,URBAN,4.082845842621937,1.5754160651469067,1.9308092987446213,0
1370,URBAN,7.588004065710869,0.6908569427977669,1.8771068028264872,0
1371,URBAN,11.238759932201596,1.179482673472273,2.0428474289046576,0
1372,URBAN,5.873421178023842,1.6897452446160686,1.9653366796988756,0
1373,URBAN,3.884922046287498,0.5766030675373319,2.1088894355947345,0
1374,URBAN,4.511156825972562,0.09330623101730424,2.258233202007203,0
1375,URBAN,5.482352499158945,0.7998677655537065,2.304439877856556,0
1376,URBAN,9.145312203480795,2.0351898752122652,2.0302719375381364,0
1377,URBAN,10.694344197290311,0.1878516003841468,1.954326908544188,0
1378,URBAN,8.400323233820606,0.916235670743834,1.7343496416124342,0
1379,URBAN,0.4323471713891418,1.255066883895033,1.6730516612197563,0
1380,URBAN,3.771499962060382,1.5108091677390099,1.5371222101929074,0
1381,URBAN,7.614984550489757,1.4731570272299275,1.812393270582227,0
1382,URBAN,5.913074033524545,0.8433125961309019,2.099599123074936,0
1383,URBAN,8.649886444747848,1.3649591497816933,2.502840235000414,0
1384,URBAN,12.852671869708836,2.491088365590172,2.6467973313850415,0
1385,URBAN,12.23833325592077,0.6078054888362818,2.842505154802971,0
1386,URBAN,10.102923242582655,0.5850857226707508,3.1143848256392217,0
1387,URBAN,1.4691061765344133,1.2561897675206704,3.123990981992878,0
1388,URBAN,8.728801285336733,0.17651009875261928,3.2428665502965224,0
1389,URBAN,2.2458525720298144,0.414808197734427,3.3180919590805713,0
1390,URBAN,3.3389659023636242,1.5142690308799733,3.5248136851036933,0
1391,URBAN,6.17936285665277,0.7673164727794554,3.504331450893858,0
1392,URBAN,4.826706176967738,0.096785287202317,3.4415715476949034,0
1393,URBAN,13.02392473746454,0.86604663277544,3.4068238287725103,0
1394,URBAN,8.612174411324844,0.7841143719119092,3.2715873610901056,0
1395,URBAN,1.7173983891759068,4.037462761326802,2.7171356940489675,0
1396,URBAN,5.6931989560813046,0.6378185642676368,2.764932780900765,0
1397,URBAN,3.866227363275388,1.8083244701400025,2.8086362897966892,0
1398,URBAN,6.361313318037392,1.8253843219000119,2.5640727484829258,0
1399,URBAN,9.03085152628124,0.7494732353953402,2.5546151338857745,0
1400,URBAN,1.0009754427404849,0.7505488987028026,2.557525029527546,0
1401,URBAN,1.0601715028948449,0.3188234000824106,2.547479383052996,0
1402,URBAN,4.176747434904439,1.4133345256757845,2.425174500788531,0
1403,URBAN,4.013264711583373,1.2165259280943848,2.386984276867134,0
1404,URBAN,5.717918743577079,0.43687241425698076,2.2725426311910706,0
1405,URBAN,2.834065915317577,1.2625890164244793,2.03366712913475,0
1406,URBAN,3.507128501203511,0.7082188630727663,1.9203598527139336,0
1407,URBAN,8.870268567620364,0.11441177289381903,1.8865943456272036,0
1408,URBAN,0.8303045980756211,0.12131207823409255,1.83866974288795,0
1409,URBAN,5.874528298700173,1.102029407396662,1.7487811484971698,0
1410,URBAN,4.583451424189392,1.523547096017021,1.5106212215202561,0
1411,URBAN,5.340730393458223,1.2043344125942914,1.3543554781632843,0
1412,URBAN,7.017022079551358,1.150161807314842,1.4765651113924492,0
1413,URBAN,5.700483024632321,0.9529304958488121,1.319422896847013,0
1414,URBAN,3.4086012932625627,0.9530593194376631,1.2471967235471586,0
1415,URBAN,10.07965062361384,0.6799993048694242,1.2283875852179273,0
1416,URBAN,2.8184330122149084,0.998323621579769,1.0453879274604765,0
1417,URBAN,3.65894541346338,2.400488246390204,0.8600606697367765,0
1418,URBAN,7.061377368700559,0.9747632760785152,0.9270335142510486,0
1419,URBAN,9.335578349484079,0.5490332520151914,0.9238105503309116,0
1420,URBAN,6.8913147599431674,0.40320788234055344,0.9253604282223239,0
1421,URBAN,6.353504603833331,0.6262810903933921,0.9017440772089075,0
1422,URBAN,1.5302166677995506,1.4743171916349065,0.87532609635548,0
1423,URBAN,8.558222261000848,0.3015855446936628,0.8054358290529543,0
1424,URBAN,8.180099645744667,0.46437869044962427,0.7073638072571259,0
1425,URBAN,8.046942700700013,0.6788745267769207,0.7193379560221235,0
1426,URBAN,2.9388127321177464,0.9994785233375714,0.7493846497816883,0
1427,URBAN,12.575883035795647,1.2069248604367797,0.7929770422433153,0
1428,URBAN,4.622247666361946,2.294702328458675,0.3836522971995963,0
1429,URBAN,5.531189378500225,1.1379725678872448,0.3850641815657366,0
1430,URBAN,2.946758507115341,0.8260505602555299,0.3864545870502103,0
1431,URBAN,1.3453314005908932,1.4069655838303166,0.3463471562612451,0
1432,URBAN,1.6694405671717878,0.5215455562954296,0.2647325314690217,0
1433,URBAN,3.796937982856809,1.5912881746416392,0.10513989716922702,0
1434,URBAN,3.4722095250246747,0.13048114339858755,0.19307298768868542,0
1435,URBAN,3.2453158657595274,1.4196161062437673,0.4452949606399385,0
1436,URBAN,6.990640444492585,0.29093078684027046,0.5388111910666649,0
1437,URBAN,7.471569412527659,0.41110959655423707,0.6015450826418157,0
1438,URBAN,7.79344602289513,1.583675562196928,0.5387700295855744,0
1439,URBAN,3.156518945275896,0.7769822558166756,0.808811208129735,0
1440,URBAN,5.620911690467725,1.2665602128510023,0.8815803755713995,0
1441,URBAN,9.653508688748389,0.5991773401533904,1.0446543541260664,0
1442,URBAN,2.557315974399475,0.538918362326486,1.0507319371719068,0
1443,URBAN,4.776475562220249,0.3607146408853537,0.9823806516907426,0
1444,URBAN,6.801947095873411,0.191273729862416,0.9077206976797453,0
1445,URBAN,3.9518352862081296,0.07795560725887231,0.8205712750001657,0
1446,URBAN,3.3827510118590745,1.3399512446181052,0.9118212372609997,0
1447,URBAN,4.061731802790913,1.2173266783951457,0.9675435032150927,0
1448,URBAN,10.5222806545825,0.3476227298852824,0.8717507501567284,0
1449,URBAN,4.305878111815821,0.9979997886901257,0.6761441388464061,0
1450,URBAN,8.432905610591382,0.667481094310485,0.636213040257531,0
1451,URBAN,4.165911560920645,1.6889702221304572,0.6035761365154972,0
1452,URBAN,9.308426500586917,0.9306769084644133,0.48127161612833774,0
1453,URBAN,8.491418038013034,1.260929181633533,0.5595814451957789,0
1454,URBAN,4.209201701882986,0.2980241796447697,0.5206563144365844,0
1455,URBAN,9.459989517917654,0.960865793384597,0.3856948598299216,0
1456,URBAN,4.546377420613837,0.41298766630489836,0.38375698368757577,0
1457,URBAN,6.381121496672927,2.1519659733301917,0.5340745117000775,0
1458,URBAN,6.724948523191593,0.46826322572246915,0.45498098349454075,0
1459,URBAN,5.586231857945387,1.5739879663679643,0.2820502601088374,0
1460,URBAN,10.737447263322679,0.6468265495860082,0.31740253955382164,0
1461,URBAN,7.5340939167433865,0.24363111765854395,0.3029788419262633,0
1462,URBAN,4.572570127478071,0.647572933622805,0.2595516986079403,0
1463,URBAN,2.25489943174036,0.31521707066634325,0.19964195448106167,0
1464,URBAN,7.990163444738317,1.697850343122231,0.055957786944544556,0
1465,URBAN,10.017633402714896,1.4425058593705256,0.22781619049690938,0
1466,URBAN,5.42131878707109,0.8209916828582979,0.1625412923055796,0
1467,URBAN,12.828179945063734,1.620666025061953,0.07560097093860321,0
1468,URBAN,7.3885960089096585,1.2169950013388684,0.23195181172281842,0
1469,URBAN,8.714209871103371,0.916681431498169,0.31329281305423895,0
1470,URBAN,3.407815093418639,0.5198774552941211,0.23337213161172332,0
1471,URBAN,2.368675111780075,0.7487746499284462,0.2162762924397808,0
1472,URBAN,0.6532459837659181,1.1197791549868497,0.09349687129914268,0
1473,URBAN,5.554920093527676,1.1433844440378154,0.230319019356285,0
1474,URBAN,2.451624839389278,1.9868432801703275,0.46752276285029176,0
1475,URBAN,9.70660005169324,0.6976852474545231,0.46727828576720537,0
1476,URBAN,6.808126918590201,1.3913632630447816,0.5512487274765209,0
1477,URBAN,5.65736750448177,1.0792089572024228,0.5685202419818796,0
1478,URBAN,3.381197309071969,0.7931358646571077,0.5169342486302148,0
1479,URBAN,7.959605255892093,0.5450345575681331,0.517723880451078,0
1480,URBAN,3.2454142739922376,1.1574678722121758,0.565912940308401,0
1481,URBAN,6.676368510787971,0.65646467136107,0.5467365880977755,0
1482,URBAN,2.9874192299213918,1.2613583759136946,0.487914008930974,0
1483,URBAN,5.584183593880026,1.0070746054951882,0.40486723944113295,0
1484,URBAN,2.606639619543246,0.21435729745905457,0.32905168299980125,0
1485,URBAN,8.82827107606951,0.9991398713625501,0.3713874327369703,0
1486,URBAN,5.5063439216987,1.0570272443537139,0.4637285391630204,0
1487,URBAN,1.6409194593979322,0.15552149245765864,0.3861894639246158,0
1488,URBAN,7.452214543208171,1.0304168539038436,0.3190327400635477,0
1489,URBAN,5.799500542362339,0.8940843985295287,0.19274977282118325,0
1490,URBAN,6.702556766027885,0.8339336754707911,0.19838089263853168,0
1491,URBAN,9.123874713173644,1.1728915964974822,0.3197068159676931,0
1492,URBAN,8.967133148763377,1.211239987608566,0.14721900009095115,0
1493,URBAN,3.2500460552587525,1.0932289043227779,0.10540117445334116,0
1494,URBAN,3.4580134643866662,0.9399761820709504,0.1890669538679419,0
1495,URBAN,3.1620351500325388,1.1397487312133219,0.06669621965796674,0
1496,URBAN,1.2456525597659323,2.0317785506982897,0.2431242338561607,0
1497,URBAN,1.5100529587269191,1.2301993935466848,0.15249301812883329,0
1498,URBAN,15.455751192667714,1.639095736494062,0.25047063802615904,0
1499,URBAN,5.474245486165481,0.30509832830049965,0.2580895072668103,0
1500,URBAN,10.201005231331784,0.5503667286896192,0.1967837122939468,0
1501,URBAN,9.986927137380487,1.8470967633830482,0.4173358638811967,0
1502,URBAN,3.5349497532585046,0.45638404625485546,0.39870962033748003,0
1503,URBAN,2.095575999253971,1.1274253513414019,0.4761915378752454,0
1504,URBAN,5.063538828237501,0.8658791913548046,0.4570598672002837,0
1505,URBAN,5.456266076717411,1.5151235292071072,0.5833521029932578,0
1506,URBAN,0.8563951481267319,0.7605371807809705,0.552294975349453,0
1507,URBAN,6.7302659199171755,2.2542805741620793,0.6598245901368295,0
1508,URBAN,5.524123854712939,0.6562064763001845,0.5706977164854022,0
1509,URBAN,2.798449320515062,1.1273894160442082,0.3573279962396016,0
1510,URBAN,0.17551167631096695,0.10785604526583421,0.29196324530050866,0
1511,URBAN,8.549200971363145,2.6247314641947512,0.4135009116348839,0
1512,URBAN,1.3157847848212234,0.5231890651648258,0.3697069724273777,0
1513,URBAN,7.998991828106565,0.9290045563830717,0.4393519573171153,0
1514,URBAN,9.259159207077206,0.9717036150133216,0.3367299583686191,0
1515,URBAN,7.045433836979931,1.216075044494626,0.21047083356179117,0
1516,URBAN,9.090431089547861,0.42438755019450164,0.19299389497256939,0
1517,URBAN,13.68070547361019,0.5116653580376053,0.18666491187184653,0
1518,URBAN,6.646839713841366,0.3805942451081962,0.19438437487568555,0
1519,URBAN,1.0733007231696883,1.19622948457432,0.2824990928698793,0
1520,URBAN,5.742233378161236,1.1980934913356027,0.16948141239094583,0
1521,URBAN,10.728047780392606,1.505834204102244,0.055831040434055755,0
1522,URBAN,2.296183744092428,0.5939740983049747,0.10480379215016823,0
1523,URBAN,3.5670391279241285,0.30340012947627854,0.125387900765404,0
1524,URBAN,6.410168212247739,1.2570509348070944,0.08516225452319448,0
1525,URBAN,3.637244600466502,0.9446572542184658,0.12807363556421344,0
1526,URBAN,4.844143233380658,0.6636214800335004,0.2010005584816774,0
1527,URBAN,3.040462465081951,0.7695778766737329,0.17305025918458922,0
1528,URBAN,5.033363990103771,1.3726303470630967,0.17094904981412168,0
1529,URBAN,4.32898785447279,0.423313910288251,0.11541555885757417,0
1530,URBAN,8.641104607910862,0.38435021448189455,0.12069745403445271,0
1531,URBAN,9.492631000432068,1.5254025968656686,0.17518807640422102,0
1532,URBAN,5.682741934151125,0.5725275912238198,0.2339084655406235,0
1533,URBAN,9.436526934142087,1.2545791268540392,0.2736494439622037,0
1534,URBAN,5.01607364773199,0.40809899576700653,0.23352630586303672,0
1535,URBAN,11.332236747049045,0.4514749113898687,0.26395761314611327,0
1536,URBAN,6.96100295523196,0.37449472777255466,0.19227641728482683,0
1537,URBAN,10.752289457345439,2.2729265581066773,0.35403151514230785,0
1538,URBAN,2.2089284638888165,1.0093637045991868,0.44311560535607836,0
1539,URBAN,10.442016929830519,2.2630391966431698,0.506750468041665,0
1540,URBAN,6.421487389385404,1.4981291759694808,0.5598045079598256,0
1541,URBAN,9.573542724708153,0.8872161741044428,0.6119912879596974,0
1542,URBAN,6.9007696299579395,0.4426849528944734,0.5197687388212123,0
1543,URBAN,7.995164992199644,0.6640468487601294,0.3873320727831781,0
1544,URBAN,3.5391499662174075,0.7014351438232295,0.37335922005872846,0
1545,URBAN,14.018806470891503,0.4014708659653639,0.36513257526783555,0
1546,URBAN,8.20922444575076,0.5211889849394071,0.2908097280957478,0
1547,URBAN,4.92220766240726,0.0168062316506968,0.24779830391262592,0
1548,URBAN,6.783981156436187,0.592096739212201,0.17863650500782607,0
1549,URBAN,9.742017055530141,0.9905745669966859,0.24665253691435138,0
1550,URBAN,7.887897180151194,0.8049373414133437,0.11383336758033206,0
1551,URBAN,4.036856474829992,0.9225982427292511,0.2027130432668901,0
1552,URBAN,5.3419440920055585,2.482004174905749,0.4098557396150108,0
1553,URBAN,4.600954105535547,0.6707954889419889,0.4068690253536798,0
1554,URBAN,3.5045318306158943,1.3072669694172496,0.4136523297377556,0
1555,URBAN,7.625157370323402,1.3620153211526382,0.44902036718366106,0
1556,URBAN,5.579254152973758,0.8956259063642575,0.5148730221596577,0
1557,URBAN,2.5709767167947932,0.3226603039164474,0.49152822288611564,0
1558,URBAN,10.175991683716717,0.751206914766349,0.3821590999039665,0
1559,URBAN,6.649551727120599,1.0328701650114778,0.46627826542313133,0
1560,URBAN,12.015576782773216,1.556668747810366,0.5420853833862418,0
1561,URBAN,5.232230288255813,0.410993552248058,0.5296859574252695,0
1562,URBAN,7.222507395875222,1.4253139119964553,0.6295902345062353,0
1563,URBAN,3.63679752961278,1.1573549305999766,0.6609753722628467,0
1564,URBAN,3.3031777206623714,1.5888319166459184,0.7705623704551782,0
1565,URBAN,6.061976655219861,0.18874492929196857,0.6832004639442418,0
1566,URBAN,8.706033805865845,0.5015812090813017,0.5396381811024341,0
1567,URBAN,12.614931720960058,0.7812229025392077,0.403971319434554,0
1568,URBAN,9.04296884352034,0.902913384632208,0.45656292190526415,0
1569,URBAN,7.524300444484793,0.7574382540328531,0.31850667733069565,0
1570,URBAN,6.350825973115469,1.897595427981652,0.059033976931003936,0
1571,URBAN,11.982891693162967,0.2955623534720031,0.09158602405425857,0
1572,URBAN,5.853820683346341,0.5025326563047714,0.1507619150709302,0
1573,URBAN,8.451760257105121,1.332833090994273,0.039084551503432874,0
1574,URBAN,4.31210309806539,0.922774103139656,0.1481966270444553,0
1575,URBAN,7.781556054367338,1.3216555290175858,0.06389177537706893,0
1576,URBAN,5.404122453510951,1.024866035370943,0.1840480242346742,0
1577,URBAN,5.103352704315346,1.6262992838721677,0.33742505768631287,0
1578,URBAN,4.7048546590211995,0.5588051045104405,0.22764740992130547,0
1579,URBAN,7.378082205092643,1.2894630545983545,0.36767364502355704,0
1580,URBAN,8.343560980136056,0.2725392213055456,0.3246870413419437,0
1581,URBAN,5.720965423058379,1.4440602733377488,0.47531608441481515,0
1582,URBAN,3.9302277289350562,1.1578837050140054,0.2651968068020053,0
1583,URBAN,0.9942945219486501,1.5444152899137265,0.43056088052125596,0
1584,URBAN,2.973966345025237,1.2179035421085525,0.21966948324127858,0
1585,URBAN,4.169990764595684,0.8294653575030746,0.2944010917408071,0
1586,URBAN,6.700750305297918,1.1725218816108245,0.15005013837514422,0
1587,URBAN,3.467406198637004,1.0987219699034134,0.2622077374301151,0
1588,URBAN,3.1589909536354077,0.9421109162425917,0.11138205923854355,0
1589,URBAN,4.525290451170936,0.2742129907593363,0.11707530654159914,0
1590,URBAN,11.374044145888016,0.5835000798703437,0.038978892941864435,0
1591,URBAN,9.194319623535975,0.6880613599201809,0.087809857182145,0
1592,URBAN,3.694109272727499,0.3357962618855175,0.09067329503751599,0
1593,URBAN,10.503945183614602,1.5834596032542894,0.13808602956100313,0
1594,URBAN,7.075083498301058,0.5089711781906497,0.19079239677535872,0
1595,URBAN,5.757337884681427,0.3700632778296911,0.13089308781379205,0
1596,URBAN,6.461381657516367,0.5945016475228052,0.15474292549854343,0
1597,URBAN,5.181239150515168,0.6132204790784654,0.1757635691324294,0
1598,URBAN,4.729859138994197,0.984621310585736,0.14835289277509245,0
1599,URBAN,8.829258376201516,1.3759137199084588,0.13527917293736047,0
1600,URBAN,3.922342419711678,1.861448261630768,0.13217355948607118,0
1601,URBAN,2.0040750934073706,0.6498995819227847,0.08478169881157972,0
1602,URBAN,3.2346022140908106,1.297030948760823,0.11083600021174225,0
1603,URBAN,4.906939354757814,0.546850480046858,0.17441345038215342,0
1604,URBAN,2.876145071928668,0.4024862692110048,0.11517611891359694,0
1605,URBAN,5.619001819318551,1.1908532176112556,0.22881627030332125,0
1606,URBAN,4.389782053845955,1.292808307131144,0.337646524919817,0
1607,URBAN,5.096223749202429,0.7102688733107128,0.3963025404165508,0
1608,URBAN,4.253313113301459,0.3326064873422295,0.3879531873148002,0
1609,URBAN,9.817996335372944,0.3680474311779914,0.3873201131236891,0
1610,URBAN,8.66897372687817,1.3662587407527889,0.5167392791999161,0
1611,URBAN,3.9026460474596307,0.9658960882508254,0.3662618166289008,0
1612,URBAN,4.481031730185673,1.5325041813269764,0.35927459494274794,0
1613,URBAN,3.0778798493499386,0.635523973071856,0.2771137671720927,0
1614,URBAN,8.349254460362122,0.8874085620743621,0.3265204959955009,0
1615,URBAN,4.099611099322506,1.4792327915928085,0.443340696823552,0
1616,URBAN,3.510201781645519,0.10854789452852433,0.4022684346246135,0
1617,URBAN,9.943915693500296,1.2655365176488986,0.3843804604307942,0
1618,URBAN,4.2967409264364225,1.0808152653286458,0.2037245405416017,0
1619,URBAN,3.2785050392801094,0.43347220015716637,0.14138488144024505,0
1620,URBAN,5.946965014824589,1.4528328954922847,0.17252768391766696,0
1621,URBAN,11.832178834892135,1.1255059479635123,0.10502019135576249,0
1622,URBAN,2.827782485611885,0.924240810059,0.04006998174233238,0
1623,URBAN,3.100594159911054,0.5750252304423993,0.06390501036432199,0
1624,URBAN,2.834986510258959,0.8038337991490769,0.08892267751477093,0
1625,URBAN,13.193935580113425,0.6777460052430004,0.12398579634119902,0
1626,URBAN,0.8505660538320072,1.6689659768569347,0.2979451007976101,0
1627,URBAN,5.2429847900920805,1.046269798936497,0.34239159383115136,0
1628,URBAN,1.3822174802448022,0.4324020054272767,0.2582566321385941,0
1629,URBAN,3.2867456108744593,1.1610703656074617,0.2479537316917586,0
1630,URBAN,6.570113053153495,1.1246264843168676,0.2043467319243534,0
1631,URBAN,1.7183732388994177,1.6944831523417425,0.04424265641655832,0
1632,URBAN,2.410734955447298,0.6137148020565251,0.08974279775762825,0
1633,URBAN,9.414177871714841,0.3904957463939717,0.0661312668837815,0
1634,URBAN,3.0224929897847574,1.98623600183811,0.3242323858572416,0
1635,URBAN,7.442172339572157,1.4537252515458485,0.4817926738005316,0
1636,URBAN,7.26468920572586,1.4759268139331803,0.31720947628642526,0
1637,URBAN,4.730852252711805,1.0873549694609919,0.40106046138291984,0
1638,URBAN,3.7742822217064593,0.4318635728340648,0.35274585331415426,0
1639,URBAN,9.476673754727845,0.6925499806883126,0.22183452408689652,0
1640,URBAN,8.42564976455252,1.4016299145331192,0.3378993605502856,0
1641,URBAN,14.627026508209786,0.3763372731260536,0.34581337775136956,0
1642,URBAN,9.558163263863428,1.573779212358951,0.2638972014287692,0
1643,URBAN,0.7719175040849816,0.8293166574052128,0.33997293992441885,0
1644,URBAN,6.739210379000553,1.035700503678802,0.36150147099509766,0
1645,URBAN,12.988697973553798,2.0119935016370376,0.5790050526888497,0
1646,URBAN,7.446582114513107,1.3794158655426365,0.6891185528337198,0
1647,URBAN,8.044308317817631,1.4754735535515722,0.42772476203991733,0
1648,URBAN,6.80073543590047,0.9630210666845375,0.48845964475920395,0
1649,URBAN,2.5669878799387784,0.8480841785267685,0.3510764510831502,0
1650,URBAN,5.687580547629221,0.6520060045997657,0.3854041168452403,0
1651,URBAN,9.048021836860158,1.2228324696595192,0.2581778672050521,0
1652,URBAN,6.980608420387565,0.31096623165100185,0.2431311817941203,0
1653,URBAN,14.446199002085791,0.9552203536858657,0.33846160461276353,0
1654,URBAN,3.665773848326638,0.7248604919952458,0.36776827790496036,0
1655,URBAN,3.360273080367167,0.8988303686325971,0.33970610891828384,0
1656,URBAN,1.828044502952473,0.8747562762900106,0.2985365356750197,0
1657,URBAN,7.8060826865842525,0.19887415029003896,0.2827588123763348,0
1658,URBAN,4.969737428303628,1.3862817739795876,0.37785871189874604,0
1659,URBAN,6.698997172797697,2.4239457837383878,0.06353167548171418,0
1660,URBAN,1.6841165462222467,1.0090844760316948,0.058583740838574976,0
1661,URBAN,10.204528192295545,1.1296502222241553,0.21323772145721986,0
1662,URBAN,11.643463019822743,0.569979616380609,0.3402964053430208,0
1663,URBAN,11.066273142919124,0.696050552815506,0.34543249740246035,0
1664,URBAN,2.451555253840766,0.5148332062751885,0.46055383386254806,0
1665,URBAN,8.13052566050074,0.5152060854607374,0.5465282472814995,0
1666,URBAN,7.450927071248075,0.547504352800699,0.5415790490584174,0
1667,URBAN,14.8969345158133,1.0747997169463985,0.7351912309797873,0
1668,URBAN,10.638363564349833,1.4703846602322166,0.8765416039716606,0
1669,URBAN,6.919662555522104,1.251336309744132,0.7454503026523589,0
1670,URBAN,6.600097252058486,0.44641809304633634,0.8080434005642891,0
1671,URBAN,4.49347394265035,0.629725012829338,0.7893722645458471,0
1672,URBAN,0.8235770048159473,1.2158955144721324,0.9695193024713095,0
1673,URBAN,3.010094348080412,0.05792828012403613,1.0162889663223675,0
1674,URBAN,1.5872830557738904,0.834546949375432,0.9913153529903539,0
1675,URBAN,6.928918991223702,1.0796582908883956,1.033494503785599,0
1676,URBAN,8.649625054724664,1.0419310759427833,0.9861103931978852,0
1677,URBAN,5.7808860525582535,1.5224906054743341,1.1465025610146353,0
1678,URBAN,4.89669953224179,0.6027860730734352,1.2149330368479285,0
1679,URBAN,9.746277105483117,1.7486429214462949,1.497833994247839,0
1680,URBAN,8.264982597212695,0.9078499005208488,1.5152091649109327,0
1681,URBAN,6.593299363619897,0.7578236379083605,1.527720902358936,0
1682,URBAN,1.3952709793837543,0.07949511228378756,1.5419998762359706,0
1683,URBAN,1.3211703044109084,0.9005160168986535,1.6800915417346405,0
1684,URBAN,4.071693892451112,1.3687948200546969,1.557486788704245,0
1685,URBAN,10.329693985817796,1.2220844935634825,1.424215948351775,0
1686,URBAN,10.25064180956962,0.7354062464641776,1.4868406910354444,0
1687,URBAN,5.500041718719782,0.18037542165293874,1.5089195399814828,0
1688,URBAN,3.4691993486609194,1.8088220547884077,1.7835737371222513,0
1689,URBAN,4.947936308499833,0.6473981928757948,1.8385600628124452,0
1690,URBAN,7.615355204699751,1.2884370753603025,1.78282278251412,0
1691,URBAN,11.436249815880327,0.7593299639946993,1.76027006477642,0
1692,URBAN,8.615983322340274,1.4135285114237135,2.0391797692129,0
1693,URBAN,3.5661267152286324,0.8108429970828734,2.1780905551433856,0
1694,URBAN,9.713646096897468,1.050003209623872,2.2123519319122082,0
1695,URBAN,9.788910062097667,0.8093632291593567,2.2476621105306074,0
1696,URBAN,7.440306174714878,0.4554513013112925,2.42983849564869,0
1697,URBAN,3.536958697134857,1.4320207789616608,2.753579017799213,0
1698,URBAN,11.718701485052824,0.38491787812430334,2.8270528255161285,0
1699,URBAN,9.575084702218392,0.4850917320520474,2.8866849049289756,0
1700,URBAN,3.0027948351140297,2.291340149038798,2.728703803091154,0
1701,URBAN,3.8896227094641693,1.4640376786550011,2.861571041698766,0
1702,URBAN,8.985442858366934,1.2790188104789137,3.133838640232885,0
1703,URBAN,6.386519977418028,1.6909217113596877,3.196814466296351,0
1704,URBAN,11.067054268181932,0.25720213243863804,3.2481927703872633,0
1705,URBAN,2.4090947419484823,0.530993196097013,3.2710157388566397,0
1706,URBAN,6.166435827623154,0.830920313402755,3.4459873431400636,0
1707,URBAN,5.764169282363948,0.6742933654319807,3.427210994028474,0
1708,URBAN,3.214794528616729,0.2971010757288002,3.462180065385731,0
1709,URBAN,14.200304520778738,0.538485416899456,3.4619989360459122,0
1710,URBAN,3.9506697041239347,0.8180000709798971,3.63148742159377,0
1711,URBAN,3.3246040808457225,0.5016134534030869,3.63735089381249,0
1712,URBAN,7.7484488235303814,1.3958062497628108,3.6206829996409247,0
1713,URBAN,4.24517172175284,1.2977484449676315,3.5533569369419133,0
1714,URBAN,7.1272683815862266,0.678703617755316,3.64883508776868,0
1715,URBAN,3.9220564275117002,1.4400175281050027,3.667954727315185,0
1716,URBAN,7.689133283675957,1.1683164964692054,3.664068901748931,0
1717,URBAN,2.245789707516039,0.7152861065897196,3.8391611321142656,0
1718,URBAN,5.044043479856786,1.3856049509996526,4.058326315446768,0
1719,URBAN,9.03977059128548,2.036333637416019,4.164228981598479,0
1720,URBAN,10.774487758002497,0.9946260422818863,4.320153003041228,0
1721,URBAN,1.4855522783189103,1.326781593100862,4.499004708660845,0
1722,URBAN,2.1584758390614804,1.209971365480234,4.4801075382026205,0
1723,URBAN,4.022282374756417,0.5134919927484446,4.41841343528861,0
1724,URBAN,11.930708509468767,0.40575208155478787,4.3709587757460175,0
1725,URBAN,6.396125401786906,1.0114393849218364,4.239835314262125,0
1726,URBAN,5.4373720827265055,0.6599949044715319,4.171842039813012,0
1727,URBAN,5.069380147215915,0.9817825266731693,4.097458367409304,0
1728,URBAN,3.7303147669967043,0.6386205663782635,4.208133483000172,0
1729,URBAN,6.214572874395941,1.1316560729014096,4.340005597156164,0
1730,URBAN,3.2497234579098557,2.5954717478170126,4.339077955123999,0
1731,URBAN,5.825008520849534,2.200772487421564,4.229546467533557,0
1732,URBAN,6.577017718335956,0.9385736912044388,4.36040581142741,0
1733,URBAN,3.3013341745354667,1.202237500853406,4.270109920790031,0
1734,URBAN,7.133441196450165,0.8491588840417159,4.3355833693161445,0
1735,URBAN,2.639840875234727,0.702133306376604,4.294745188199857,0
1736,URBAN,12.561087559407378,0.42990975902020134,4.37101475076017,0
1737,URBAN,9.68475631549602,0.41419011812482837,4.399794682335209,0
1738,URBAN,1.1262809706397623,0.7385094468977393,4.320628249761451,0
1739,URBAN,6.718544628276829,1.3386804287465495,4.3038391776148215,0
1740,URBAN,4.4052286587456,1.3213477072284334,4.246096534259,0
1741,URBAN,5.693008715723178,0.8739425273086935,4.365633811709253,0
1742,URBAN,4.495420854126566,1.6985285223120392,4.343607702327838,0
1743,URBAN,7.29639820014909,0.3156081497582083,4.403253831518315,0
1744,URBAN,1.8468375320125485,0.6003796055912703,4.425108201961165,0
1745,URBAN,5.751362676262452,0.9846975243009037,4.485538443985963,0
1746,URBAN,4.4865870063852915,0.9783394528783527,4.414398256413786,0
1747,URBAN,4.688713232909282,0.6723743683462328,4.4615057321413,0
1748,URBAN,4.461479505510058,1.5232589884402927,4.388804933588619,0
1749,URBAN,8.12272299808661,0.36594670237568583,4.4219452760383415,0
1750,URBAN,5.316982535694711,2.3428739516468644,4.645013057385124,0
1751,URBAN,4.244959991576823,2.682098742667573,4.639939289857658,0
1752,URBAN,10.940033570677157,1.3535602521054104,4.460085962788289,0
1753,URBAN,6.020410091044502,1.3739350089551257,4.645278730543096,0
1754,URBAN,5.175880987658325,0.7685323894767138,4.575367644722463,0
1755,URBAN,4.443074872440878,1.775360262575596,4.440164150457616,0
1756,URBAN,5.968433335965991,0.43769355938881305,4.432340296386336,0
1757,URBAN,4.189319014440574,0.15627706200079527,4.461852287026506,0
1758,URBAN,4.236208601688877,1.0589517298739715,4.612024118089049,0
1759,URBAN,4.172124355136593,0.7877052846986476,4.6910448159633775,0
1760,URBAN,12.196090409134715,0.11618370804150849,4.662205801106087,0
1761,URBAN,13.843543474551662,0.7865223254454895,4.694241164413206,0
1762,URBAN,6.139300373541931,0.6076332422580095,4.725125416806247,0
1763,URBAN,7.235882656642389,1.186936062553811,4.713048157097125,0
1764,URBAN,5.557694939167991,0.3555607557816919,4.667203365534416,0
1765,URBAN,5.246787301552265,1.8449452292865829,4.887116569395444,0
1766,URBAN,4.918991205606712,0.5398872066126859,4.863479130002011,0
1767,URBAN,3.601127938777892,1.7000712278567667,4.782175767606135,0
1768,URBAN,7.224709923099605,1.1473507178904356,4.63802510196948,0
1769,URBAN,8.55221641318303,0.7610742099983013,4.5341890851699915,0
1770,URBAN,5.075225084677193,1.1621179823425667,4.513516945730585,0
1771,URBAN,6.295100153941918,0.7748900453266375,4.417922216579475,0
1772,URBAN,9.5475844818989,1.998598114974663,4.165623118311896,0
1773,URBAN,4.133036986344707,1.624498421593615,4.417089649980393,0
1774,URBAN,2.150422700945808,1.0275720666833703,4.495721630766758,0
1775,URBAN,2.599901823491381,0.935586989483805,4.621048147537598,0
1776,URBAN,10.22053079747018,1.0059469024128744,4.696526934848698,0
1777,URBAN,8.213666990783622,1.5328403928344485,4.483072694360837,0
1778,URBAN,8.97681077395402,0.39131264521796233,4.450483258626959,0
1779,URBAN,7.585258916206778,1.005270382154764,4.528664413789507,0
1780,URBAN,7.004541436029127,1.491537883002641,4.6848083299859935,0
1781,URBAN,1.0066073527408568,0.690336579398695,4.72090579806084,0
1782,URBAN,5.275676200748419,0.5060783041411673,4.7645318124252105,0
1783,URBAN,5.670000890141319,0.43647334395714543,4.725842701513244,0
1784,URBAN,13.710228856192327,1.2226302358933516,4.861348841992998,0
1785,URBAN,4.511850421892445,0.9741459027521219,4.954425050206031,0
1786,URBAN,12.465609293525223,1.003320747065172,4.808183025365583,0
1787,URBAN,6.254477174082602,0.279751667472804,4.742617541236097,0
1788,URBAN,5.862842582317615,0.7235562958096871,4.624377298083754,0
1789,URBAN,10.642347166668927,1.3042610022223624,4.64927867357916,0
1790,URBAN,5.969246995096027,1.834885330187201,4.838557930419787,0
1791,URBAN,3.598085235027061,1.1641725292284342,4.961728255329001,0
1792,URBAN,8.06665827639092,0.8966742257906422,5.036645724779125,0
1793,URBAN,12.80448242363951,0.7510438467593027,4.8959751300181535,0
1794,URBAN,10.727044540801007,1.4048237970053274,5.038657795588931,0
1795,URBAN,6.0330847152990925,1.6690543195505472,5.1867586024721195,0
1796,URBAN,2.9824115088852787,1.4771778156731272,5.196731046925988,0
1797,URBAN,3.660673544134999,0.2951297187740038,5.093793635134145,0
1798,URBAN,2.0205769916645937,1.3827145903771405,4.849583552347465,0
1799,URBAN,2.915832641829057,1.5373001073475274,4.625828970978292,0
1800,URBAN,7.879706648196136,0.5775254446196864,4.6558597098904935,0
1801,URBAN,4.549705923261255,1.4860839475557186,4.777704086091359,0
1802,URBAN,2.6716137750756586,0.8025768067406478,4.663872377754528,0
1803,URBAN,8.925259011871937,0.7201422955287102,4.740904426131439,0
1804,URBAN,4.710606963769151,0.7340116875034692,4.719162330245223,0
1805,URBAN,2.082676367601545,0.8915299023444468,4.72460142528908,0
1806,URBAN,4.9462606131470235,1.4996805240509399,4.730166443888854,0
1807,URBAN,4.605663804553756,1.0379839350289737,4.568754030036159,0
1808,URBAN,6.839231934459586,1.3900307219216665,4.738341639824386,0
1809,URBAN,1.9425419668468242,0.6682041786823537,4.805211966180901,0
1810,URBAN,0.4227633155850132,0.8960165887848018,4.671180267626181,0
1811,URBAN,5.6699183514916776,0.7284625926177353,4.749054933614086,0
1812,URBAN,9.727668212927167,0.9333468931707424,4.84296606201713,0
1813,URBAN,1.7517135784532083,1.3393208816770579,4.855040003908359,0
1814,URBAN,10.55664788971653,1.1875997997857926,4.880861453103866,0
1815,URBAN,1.2269373047875896,0.9757416115877264,4.85411066688566,0
1816,URBAN,6.578294165340165,1.1107472212303406,4.791863318820172,0
1817,URBAN,10.645575739025363,0.9718540911397903,4.852159990258023,0
1818,URBAN,5.0924222662254035,0.4132390581281405,4.836014662255752,0
1819,URBAN,5.02666011956326,0.7436383741141623,4.888209161171022,0
1820,URBAN,9.403417685715201,0.5975021515134991,4.9103989057412,0
1821,URBAN,7.8788667350507655,0.7300265949153749,4.773355204519291,0
1822,URBAN,6.972560570958146,0.9224209371927518,4.823632402992328,0
1823,URBAN,7.389433039499992,1.121954895811264,4.838065312271245,0
1824,URBAN,12.810307247165078,1.2358942836400937,4.640777059930614,0
1825,URBAN,9.193323108416928,0.2580959399154036,4.59075037240734,0
1826,URBAN,9.514544954030082,0.8695767696635985,4.4940140439136185,0
1827,URBAN,0.8911439322173874,0.8275079064581365,4.583036987016952,0
1828,URBAN,10.426322039088756,1.336409411298094,4.731741127343259,0
1829,URBAN,5.763259093766608,1.4099577854576364,4.7795225707711335,0
1830,URBAN,3.4521156090956056,1.0079647844703192,4.769722961629527,0
1831,URBAN,4.452334773069575,1.6981388790282237,4.570119514909614,0
1832,URBAN,9.816620874146162,0.565746191097749,4.603340145351021,0
1833,URBAN,8.868851705746703,0.40632931212272905,4.649192842401129,0
1834,URBAN,1.5506829376507294,0.760830763106697,4.671912136968918,0
1835,URBAN,4.494044881842061,2.9250050434298616,4.887646726206398,0
1836,URBAN,7.528395304255291,0.6403405232150263,4.897325850766829,0
1837,URBAN,7.787021655753468,1.140759624403497,4.939644451294684,0
1838,URBAN,1.0587438204727846,0.6894994452649144,4.834506427891838,0
1839,URBAN,13.573750214538425,0.645307703933866,4.713702340528733,0
1840,URBAN,3.758090947899994,0.5708830039708526,4.762617619737808,0
1841,URBAN,8.708743896245881,0.625896813546196,4.698730520462183,0
1842,URBAN,5.04721724249269,0.8596072068938237,4.778898301501648,0
1843,URBAN,9.078004008874716,1.553840291104987,4.593101017101639,0
1844,URBAN,4.0183442106119776,0.5950124780787867,4.661332840474455,0
1845,URBAN,6.290876873461616,0.7861970405777714,4.639822591202564,0
1846,URBAN,5.850870502446905,1.091236366875449,4.646175756240594,0
1847,URBAN,9.89786633023096,1.1940513569976359,4.652291892212656,0
1848,URBAN,3.200058498830557,0.6133491319435879,4.72073801390066,0
1849,URBAN,1.4775405815473663,1.780629319664731,4.474286919570273,0
1850,URBAN,3.481375200460106,1.474898580755511,4.2842167962978355,0
1851,URBAN,8.077341394012123,0.6790317465185203,4.301186819840805,0
1852,URBAN,5.676579449392791,1.3432288022734131,4.504122036552884,0
1853,URBAN,2.093311130098362,1.1909371264841386,4.651831213543789,0
1854,URBAN,5.889374747551708,0.245030286295003,4.6216115363185315,0
1855,URBAN,3.281847288428102,1.1181835683318362,4.71016585652788,0
1856,URBAN,9.408199924476923,0.9824337334696819,4.570138980397688,0
1857,URBAN,7.0586740593114445,0.9445828421702196,4.671100744129773,0
1858,URBAN,7.176288684589184,0.75181282277257,4.7502163920724145,0
1859,URBAN,3.5800771957476893,0.6862541907774655,4.666241494275744,0
1860,URBAN,5.251206757433019,1.9609864247228719,4.637105348150995,0
1861,URBAN,7.862623860382389,0.08463762276079367,4.614889230849048,0
1862,URBAN,6.731292816798261,1.4674592628990386,4.677308773697499,0
1863,URBAN,8.868720518581641,1.96002513643409,4.5409317068979345,0
1864,URBAN,7.025002627974861,0.5359190329373107,4.510221279648187,0
1865,URBAN,4.281993945957606,1.1608592188042692,4.514895242449233,0
1866,URBAN,8.21125974879936,1.7020509631509966,4.36112906277768,0
1867,URBAN,6.062848330589852,1.3319699982056812,4.3049849618304235,0
1868,URBAN,0.410577660781864,0.8665276216348277,4.215460419752111,0
1869,URBAN,6.483811860813354,0.8025636776325731,4.231361561612743,0
1870,URBAN,10.969782188441458,1.3221056109373373,4.434340048533179,0
1871,URBAN,6.9859640084275485,1.0735721471465134,4.596240759736452,0
1872,URBAN,5.066611090961278,0.5973393507719326,4.678858407472148,0
1873,URBAN,3.362006927916466,1.5568711309623693,4.574743482635488,0
1874,URBAN,4.916431622820386,1.357991251564725,4.7545187966808475,0
1875,URBAN,7.656779153648475,2.684490734615941,5.000228568283639,0
1876,URBAN,2.7312688003276584,1.1797340684259368,5.0306837495452426,0
1877,URBAN,3.55114318607527,1.0059758402555332,5.092320268287911,0
1878,URBAN,2.3299622666511537,0.38017953225129697,4.980911156730991,0
1879,URBAN,11.043605590547214,2.2026060143735515,5.216153274825472,0
1880,URBAN,3.7601375869899223,1.0875320085257931,5.284009507274276,0
1881,URBAN,4.053444029783316,1.795966784870593,5.436241793832208,0
1882,URBAN,2.650682191405546,1.4712026162593985,5.418725477404204,0
1883,URBAN,7.137200134104918,0.2481078127373622,5.280757715323693,0
1884,URBAN,4.092819629907299,1.8687780391737145,4.96688118129068,0
1885,URBAN,9.949480468756448,0.12206884754345233,4.915911428830192,0
1886,URBAN,1.364700338939701,0.3043383212158971,4.849907540453535,0
1887,URBAN,11.781845458801442,1.1298677207306762,4.944945951527168,0
1888,URBAN,7.038099204491611,0.19485777270985813,4.9181477333017405,0
1889,URBAN,6.9055171851616155,0.10111903366226925,4.865205847127633,0
1890,URBAN,0.9863887784153189,1.506676513255113,4.791006515810956,0
1891,URBAN,1.7041320491089673,0.37215484899430945,4.742261016065899,0
1892,URBAN,9.685064565854995,1.076542617527817,4.608421873091086,0
1893,URBAN,9.443755834852935,1.9492991353685831,4.48261549187088,0
1894,URBAN,6.265921349291919,1.2118310161108974,4.329662820157623,0
1895,URBAN,3.559896177335432,1.1181848366606777,4.482299388350276,0
1896,URBAN,3.8463053880697444,1.5661443834736604,4.3445526171105815,0
1897,URBAN,1.869773876099704,0.5275809447132267,4.43080526682052,0
1898,URBAN,4.268797397460283,1.1082375016777357,4.424004037724893,0
1899,URBAN,13.200323950149386,0.3417326471032254,4.424304988101275,0
1900,URBAN,4.8447815034253106,0.318876042195748,4.399751819323521,0
1901,URBAN,8.905002897562458,0.9049394438947983,4.315720273583369,0
1902,URBAN,9.896928500169311,2.053636357426719,4.440234660787639,0
1903,URBAN,7.484172394769328,1.8783372452319815,4.2373517186017935,0
1904,URBAN,8.92259325190319,0.8798281708201039,4.346499836983167,0
1905,URBAN,15.464483194694733,0.43483883580959354,4.38226232272471,0
1906,URBAN,2.7454739998475883,0.8847197063706879,4.303453245399929,0
1907,URBAN,4.537035294471917,1.3347337948024813,4.406793368079014,0
1908,URBAN,10.202988881932598,1.297484416081081,4.329606530568735,0
1909,URBAN,6.5679742916738455,0.983504189336573,4.472232927940295,0
1910,URBAN,4.342938514154992,0.8813070831662644,4.380793750304458,0
1911,URBAN,6.204094692660622,1.3725081823849898,4.236859358961148,0
1912,URBAN,9.776062519217769,1.2666786251487243,4.386951299570597,0
1913,URBAN,6.843415496998919,1.4566422408799422,4.35957642513132,0
1914,URBAN,6.646624216941157,0.855634346804011,4.429614765119654,0
1915,URBAN,5.794336317565189,1.329529725201097,4.288155629840415,0
1916,URBAN,1.9824609371610808,2.3854264265842597,4.016096724329868,0
1917,URBAN,6.738850901877112,0.16231054970118325,4.064769030630851,0
1918,URBAN,3.1743587653182352,0.9450933772615567,4.188993626362562,0
1919,URBAN,2.704061286169662,0.7792372350427124,4.185927442662467,0
1920,URBAN,7.291621714340983,1.330106550001575,4.071052554528722,0
1921,URBAN,7.273877283794759,1.0837409336692292,4.198675531303029,0
1922,URBAN,10.193295807016622,2.1629910760016124,4.231474597384628,0
1923,URBAN,6.321904043779421,0.6500197784667839,4.355703552387172,0
1924,URBAN,12.946252379930906,1.6598501059389361,4.191825590272451,0
1925,URBAN,12.49933805463863,0.9810966923504989,4.172618052797605,0
1926,URBAN,4.552364253650999,0.7646980640229605,4.126105288659236,0
1927,URBAN,0.5512157498502493,1.8645570925120534,4.425135465392233,0
1928,URBAN,16.69342657285278,0.7757946754545548,4.428195433670764,0
1929,URBAN,3.903700837358614,1.4922757765184125,4.586707879810631,0
1930,URBAN,3.149530856644467,1.6317001105319606,4.802488656251578,0
1931,URBAN,5.390545470765949,1.5820358659936264,4.594774919797458,0
1932,URBAN,3.420373429235624,0.663726797773587,4.6298069871081236,0
1933,URBAN,7.790366660676426,0.792937077316171,4.518339048576871,0
1934,URBAN,4.586817716741383,0.2642801284785864,4.543906515362221,0
1935,URBAN,4.183295552930901,0.7992964879050822,4.6455942494678055,0
1936,URBAN,3.657751223151208,0.9728286310070613,4.748159173552478,0
1937,URBAN,4.86965041359663,1.747162061506663,4.62093236859654,0
1938,URBAN,11.903548610124068,0.7006883907218743,4.640692300743395,0
1939,URBAN,6.990829355301002,1.5721889306991281,4.734441436139518,0
1940,URBAN,3.447396300646826,1.5326488633496007,4.870211451446928,0
1941,URBAN,6.779918212833087,1.1579304615656913,4.787970845130685,0
1942,URBAN,8.402656904677992,1.3733325777339267,4.834434074159675,0
1943,URBAN,8.49737439536275,0.5452330440726092,4.866803524663874,0
1944,URBAN,3.302980598805936,0.8489500713997351,4.729904996810358,0
1945,URBAN,2.9265920796144855,1.1309288480438924,4.827421743264322,0
1946,URBAN,21.52435510884454,1.3690162157626542,4.902869735129603,0
1947,URBAN,0.30843417210225327,0.8722127462235382,4.938186337714092,0
1948,URBAN,12.023348035364494,0.9041822931767831,4.9927502639056724,0
1949,URBAN,4.213560044843866,0.21896389111867326,4.96361098360165,0
1950,URBAN,6.732297346774207,0.6761523521436565,4.830079553604403,0
1951,URBAN,2.132494781963671,1.5426006129708276,4.771040672099897,0
1952,URBAN,4.247332523978673,0.9630543395802176,4.845189191059913,0
1953,URBAN,3.468351029086739,0.17529990540355156,4.802556387108508,0
1954,URBAN,5.5480857787214815,1.3092439305724393,4.594149590421616,0
1955,URBAN,4.5616190138712085,0.8180927650094155,4.645245279165675,0
1956,URBAN,9.48526271611633,1.6350106366889818,4.767497297162569,0
1957,URBAN,3.9526180018986796,1.022592485006105,4.646986973865477,0
1958,URBAN,5.403332156565488,1.624355414806591,4.44136294921633,0
1959,URBAN,0.29092224371920083,0.4824768649981534,4.501344682083736,0
1960,URBAN,7.0953366237611455,1.0530225552765224,4.594189131169208,0
1961,URBAN,2.2217231336092462,0.9122771506460767,4.707689535019588,0
1962,URBAN,10.96267180343057,0.3689137784477211,4.741681169533967,0
1963,URBAN,2.929440163717056,0.4620883995513586,4.661125356395969,0
1964,URBAN,5.443720700559623,0.8066248378790974,4.541416104574304,0
1965,URBAN,1.7855206723348562,0.200029026828417,4.544391268613165,0
1966,URBAN,6.0314994586519415,1.5221232455388316,4.471625872029222,0
1967,URBAN,3.579675517750419,1.1638091943816098,4.615382392974688,0
1968,URBAN,2.4501169542094723,0.8782848255654858,4.484343682683085,0
1969,URBAN,8.343962782057863,0.4092258542279193,4.52689029338029,0
1970,URBAN,6.746707306788668,0.4061470588017081,4.550441118040045,0
1971,URBAN,4.240614533795992,0.8204429596380098,4.47852371789272,0
1972,URBAN,8.411384985949368,2.5814960702975087,4.289658614238911,0
1973,URBAN,11.004472980504485,0.747457233637918,4.306650661854851,0
1974,URBAN,2.242210803380821,0.5163477130662696,4.235022317386553,0
1975,URBAN,2.2898469674944817,1.508960745840538,4.289027643760069,0
1976,URBAN,3.328613678115681,1.8395873812483123,4.036850295751546,0
1977,URBAN,2.9989560281937915,0.5904161342869174,4.032864176858917,0
1978,URBAN,6.734611815828321,0.5277098000960763,4.114088645484436,0
1979,URBAN,5.723717685410655,1.1036403655431148,4.2577742323880665,0
1980,URBAN,7.528166484035191,0.8810969446052886,4.330650011841324,0
1981,URBAN,8.884719342441437,2.816554581428797,4.675041269736521,0
1982,URBAN,7.8536098083191215,0.49920853058609255,4.5949689023149505,0
1983,URBAN,5.291404668389417,1.630984480872756,4.743064381272705,0
1984,URBAN,7.957269194647163,1.0309410943084518,4.539298825512248,0
1985,URBAN,11.579986249495168,0.8458567298546862,4.457354514788688,0
1986,URBAN,3.860287070735724,1.7425403303358862,4.536694473420065,0
1987,URBAN,2.030345481495745,1.3127281471558396,4.41597652491552,0
1988,URBAN,0.2019831941202772,0.9286910482464684,4.322879476836706,0
1989,URBAN,11.625737060188984,0.8349173147926507,4.230579278333776,0
1990,URBAN,4.795363802831095,1.2678075006318703,4.308673544109005,0
1991,URBAN,6.856021639986936,1.3716282578709897,4.420065784318817,0
1992,URBAN,5.3285643007425545,1.0412949447850752,4.359538047655759,0
1993,URBAN,5.62835197722695,0.340624485077158,4.319804181989236,0
1994,URBAN,6.0849338321042845,1.2127479241760797,4.217401102342396,0
1995,URBAN,5.183986224776688,1.3641327684117504,3.99269703368976,0
1996,URBAN,6.1964907548733725,1.15653667729986,4.0265737382860545,0
1997,URBAN,7.239300399432295,0.23004716855196294,3.9963990082123013,0
1998,URBAN,7.708002692037557,1.5060282897065327,3.7544126296834306,0
1999,URBAN,6.4152808541259265,1.184578367886428,3.7451868235588126,0
2000,URBAN,9.144071781455242,1.6798793305594701,3.5678953884770275,0
2001,URBAN,6.4620056689169525,0.19056131379246613,3.5325443517545483,0
2002,URBAN,2.7814843485118526,0.08815200701842693,3.5187936362146224,0
2003,URBAN,3.6896890808965384,0.572902459230665,3.4685728512911975,0
2004,URBAN,8.600497908601897,0.7817936725076434,3.563736823137276,0
2005,URBAN,5.587297122785312,1.3662103530104979,3.5169608524359823,0
2006,URBAN,4.277536884428197,0.9385219409799525,3.6101727114704993,0
2007,URBAN,4.220235595583495,0.21529049443691048,3.5766908706548555,0
2008,URBAN,7.596378368506859,1.160612277009801,3.3988252373937815,0
2009,URBAN,7.405937447985579,0.4634113165277345,3.4407630951601953,0
2010,URBAN,1.3413664211071101,2.202215568301864,3.430946382531391,0
2011,URBAN,1.044755397332729,2.122608466890324,3.594852180471679,0
2012,URBAN,2.083317226573451,1.1446862773259034,3.5181305335169193,0
2013,URBAN,5.930871295973536,0.7692725722115102,3.45949872279924,0
2014,URBAN,6.408388410711139,0.20429327305208184,3.4429077523325025,0
2015,URBAN,11.136141599070577,1.8001237827014582,3.2451070567225173,0
2016,URBAN,8.964643465842661,0.6639044825880205,3.265957796022558,0
2017,URBAN,19.581975884332415,0.530795575207268,3.181780716672328,0
2018,URBAN,1.669614652494449,0.7849664338973958,3.233080893026049,0
2019,URBAN,3.059624399877236,1.011546619190609,3.2445036147341506,0
2020,URBAN,5.985320435017096,1.0703993746142346,3.182196655927629,0
2021,URBAN,6.594104191721722,0.9798003637700643,3.105069305269819,0
2022,URBAN,5.46735504887075,0.5622032598393177,3.072244120755603,0
2023,URBAN,2.3171823089248837,0.8534448878399258,3.041016101798128,0
2024,URBAN,3.6162591422503425,1.035082397538372,3.007268408497101,0
2025,URBAN,1.3514835341785887,0.5076509431517442,2.9519474857111816,0
2026,URBAN,9.930061973373043,0.5719313130376965,3.028937249932408,0
2027,URBAN,4.992132829391242,1.7312642341353084,3.212805339428497,0
2028,URBAN,5.609309283172989,0.49856471475380154,3.1518481752102905,0
2029,URBAN,6.492465798192867,1.7513801676135663,3.3364735108402828,0
2030,URBAN,0.9254658746482725,0.3787697549152516,3.271084868259694,0
2031,URBAN,2.2625330417359626,2.004959982307385,3.3510382181774117,0
2032,URBAN,1.612426329744841,1.1129811127875169,3.1692114646684995,0
2033,URBAN,3.3917176685981403,0.5964630487763077,3.111365840791482,0
2034,URBAN,5.7241179762753225,0.34747952531526144,3.098549014976865,0
2035,URBAN,5.879724871486692,1.2886303023566121,3.109219680226957,0
2036,URBAN,7.853556899619588,0.8864533836948382,2.9337626884465657,0
2037,URBAN,5.296001501032525,1.3363466546475788,3.0182553546247326,0
2038,URBAN,10.423277243877457,0.7633781056498071,3.009363843320702,0
2039,URBAN,2.0753697388649006,1.014949339541905,2.813147630874529,0
2040,URBAN,6.761690695192577,1.5847168690540723,2.739783179993496,0
2041,URBAN,1.4167923186889675,1.097613412062995,2.564648377661166,0
2042,URBAN,7.254049681343376,0.6161604386278224,2.517743509786426,0
2043,URBAN,6.785043339541061,0.30721155036651693,2.564088578488304,0
2044,URBAN,5.732126868070046,0.7355243623662925,2.648039081748774,0
2045,URBAN,8.033838050696726,0.4030202327193737,2.61227864416096,0
2046,URBAN,7.200321826403467,0.22752315046461885,2.598514937349192,0
2047,URBAN,10.520306395703296,1.607675969208434,2.813329697045129,0
2048,URBAN,4.076359465456801,0.7518737117179262,2.8153535287042466,0
2049,URBAN,8.548874126225737,0.5070222520383834,2.785907259395235,0
2050,URBAN,10.866228224678204,1.6620514441048877,2.6062620887962824,0
2051,URBAN,7.828135981555933,0.9957673746426584,2.5433367927056674,0
2052,URBAN,3.9140110045977203,0.7946617497480165,2.6353749832754962,0
2053,URBAN,9.73386381739112,0.27901606061876694,2.5888837662608934,0
2054,URBAN,5.760644434649096,1.3727862459900058,2.7161643370095585,0
2055,URBAN,4.133291420173937,1.4138232655028955,2.501472622601414,0
2056,URBAN,5.731952337137096,1.2667266295200534,2.430383858450011,0
2057,URBAN,3.105545978483512,0.7281924745906199,2.3608819771612293,0
2058,URBAN,4.238451133328457,0.7795368397403492,2.4071388014431965,0
2059,URBAN,5.37836090800045,0.46797017254504136,2.4168018576155528,0
2060,URBAN,3.354873867801201,0.7864317047474335,2.4711726198069743,0
2061,URBAN,1.5794626917529673,0.8231567766854015,2.4574688965324634,0
2062,URBAN,7.893328953990436,0.9051581840802434,2.3319327893093034,0
2063,URBAN,2.7094339546089405,0.5085977137539933,2.252194093601446,0
2064,URBAN,5.7454452410338845,0.9575900294866376,2.0818853415730887,0
2065,URBAN,2.097143582527355,0.9322683197775361,2.16436970720376,0
2066,URBAN,5.467690725281656,1.5670742440218306,2.2820388973375336,0
2067,URBAN,7.276719191229257,0.4261332979712778,2.2346804153647026,0
2068,URBAN,5.6411489574176885,1.0771325202955544,2.211217828225136,0
2069,URBAN,3.533199052636573,0.6561728334669231,2.0359866798884587,0
2070,URBAN,5.678209778045617,0.9232367143774894,1.9895194377336158,0
2071,URBAN,3.2426501944558104,0.6988742025661838,1.7517898116035042,0
2072,URBAN,4.985435918756465,1.1530877951711567,1.6751677892449794,0
2073,URBAN,4.00981887389488,1.5842546286716093,1.642069990677426,0
2074,URBAN,3.2260173894797366,1.0423030817009244,1.581822679778708,0
2075,URBAN,2.393108817778016,1.16197803996638,1.9469479591831675,0
2076,URBAN,3.732045789148495,0.4912345017447079,2.192368473577732,0
2077,URBAN,4.822076275468602,1.2889978309128245,2.226393045472634,0
2078,URBAN,6.072028544232308,0.18860596712165936,2.2395923921872862,0
2079,URBAN,7.666229118810283,0.7851757148047902,2.1224542577999808,0
2080,URBAN,2.6735315497204577,0.1498773450329315,2.006854053293782,0
2081,URBAN,4.602644043332377,1.3368297686205204,2.0584079174771084,0
2082,URBAN,2.3695504669627434,0.6025927915789947,2.139344983388082,0
2083,URBAN,9.832944140358835,0.6590778246349436,2.3659106512189814,0
2084,URBAN,7.664874901657925,0.9339574110442445,2.537554640023572,0
2085,URBAN,7.739729372190191,0.723183019170852,2.509054207647197,0
2086,URBAN,6.040484067499916,0.2889308844760201,2.333820051587263,0
2087,URBAN,11.738679454445643,1.7448129533206151,2.1251112057013004,0
2088,URBAN,12.578244904285958,0.7566728793994353,2.145027958594358,0
2089,URBAN,10.292105590692392,0.7828341530013825,2.2673018151963147,0
2090,URBAN,11.011400150744977,1.0908518055844922,2.452730917712627,0
2091,URBAN,6.562740342194229,1.186559522963939,2.4908762527687776,0
2092,URBAN,8.994289130061064,1.6396416850572384,2.2694636975260627,0
2093,URBAN,6.712269464927684,1.0081778907296293,2.2750588675928607,0
2094,URBAN,6.5400513908637015,0.6329004272985933,2.3117454685504804,0
2095,URBAN,10.188966248396383,0.38239677050720133,2.411346943356817,0
2096,URBAN,9.208972632597773,1.1495961244289183,2.3980345478946585,0
2097,URBAN,13.443399849217325,0.4567204933352527,2.429875270925422,0
2098,URBAN,8.52142080236886,2.418595960078867,2.278813907159698,0
2099,URBAN,8.233041933474244,1.3550878783165508,2.27317002141573,0
2100,URBAN,12.223071572369465,1.024631805584818,2.38305480117342,0
2101,URBAN,3.864275773959909,0.11443767408394134,2.4745679521065234,0
2102,URBAN,10.037004715524247,0.8459149766132419,2.480480719919986,0
2103,URBAN,7.538394609541743,0.45425309189207463,2.427728086616544,0
2104,URBAN,0.4455187805014258,0.2697161149987294,2.3052843759031365,0
2105,URBAN,0.659044371054539,1.2812018044412068,2.2430727059972324,0
2106,URBAN,2.366933184077051,1.684941609165647,2.0123762185107616,0
2107,URBAN,9.004667528851106,1.4135364615346715,2.0809847841603117,0
2108,URBAN,8.278285112821784,0.44067864719504113,2.1767218203209193,0
2109,URBAN,2.8078253494211296,0.8716521412840195,2.2721077993258656,0
2110,URBAN,7.8607824308438445,0.6396917334730694,2.1593488305904196,0
2111,URBAN,16.03814787711123,0.7811605869629273,2.1069928990727247,0
2112,URBAN,9.091590734132472,1.1628523501179742,1.9010649992107986,0
2113,URBAN,7.437134243595277,0.4828178682490406,1.800827392479486,0
2114,URBAN,10.703740542231774,0.8214712867203963,1.919458765666128,0
2115,URBAN,8.863221282390457,1.1088302069148201,1.8795184922239105,0
2116,URBAN,6.144153376992762,1.0522729041147916,2.196931124752112,0
2117,URBAN,5.922919115365329,0.9719458801577513,2.274616042271524,0
2118,URBAN,4.717800271025144,1.1996421370825556,2.3681967801321853,0
2119,URBAN,5.820160877439475,1.6424069797248586,2.4036097993534624,0
2120,URBAN,2.140881609371211,1.4754993781457628,2.4612091545279973,0
2121,URBAN,3.6123444446541715,1.6292851599056197,2.914961877127521,0
2122,URBAN,9.86421307967718,1.74782519471287,2.9168613664776855,0
2123,URBAN,4.526638306216063,0.26841022802660547,3.132193418472454,0
2124,URBAN,4.94238961266829,1.399265785463794,3.4219764436542235,0
2125,URBAN,10.635049071323879,2.048663019513067,3.819515896997384,0
2126,URBAN,4.937360604316781,0.7632933450021372,3.8621425395273716,0
2127,URBAN,6.019202225602201,0.9853724449110034,3.805745171037352,0
2128,URBAN,6.075538443772711,0.696530714628113,3.798173062835627,0
2129,URBAN,2.4463632998095903,1.0215836891079844,3.8137936934889316,0
2130,URBAN,3.8595275240066473,0.6023839823290507,3.800815846246431,0
2131,URBAN,2.778508969871853,1.7338327464822483,4.091997065877761,0
2132,URBAN,9.557542214507974,0.7140456680341779,4.08571254727016,0
2133,URBAN,6.60394442451622,0.9217805540153546,4.10202867026807,0
2134,URBAN,3.4289620548055884,1.016971903770031,4.065066916434744,0
2135,URBAN,5.841108648936685,0.485301321445029,4.064244897549386,0
2136,URBAN,9.087167838612638,1.25009042170939,4.270455333821498,0
2137,URBAN,8.10954326797479,0.7097028152504067,4.253186481959392,0
2138,URBAN,8.217677651849923,0.45757013615045067,4.211247456956368,0
2139,URBAN,10.13808456429769,0.8805718370609402,4.294916213101319,0
2140,URBAN,5.196130061886811,0.29448631176037177,4.299397211714392,0
2141,URBAN,9.28508629309241,2.60560040216573,3.9756607317946444,0
2142,URBAN,3.3072184090662455,0.6803564656026633,4.068411754923497,0
2143,URBAN,7.637945569803066,0.22334619332032712,4.0839403380163,0
2144,URBAN,11.841658968298733,1.3714391619561666,4.050188608444265,0
2145,URBAN,12.70585881889843,2.0823676659467503,4.362292035156257,0
2146,URBAN,2.5226847937298236,0.6246601551900419,4.297918741304857,0
2147,URBAN,7.0806005773373695,1.1679043204704442,4.159432330937668,0
2148,URBAN,7.690382694534507,0.6055456626666031,4.21470379587949,0
2149,URBAN,4.030930747326729,0.4453496534757095,4.292609078462771,0
2150,URBAN,12.97484410606305,0.4362112454762107,4.362574713934339,0
2151,URBAN,4.541116335507587,1.5255243365477573,4.4698573570217786,0
2152,URBAN,4.993416753323855,1.2233726923548947,4.302912919838992,0
2153,URBAN,4.934001329246092,0.40448759050378097,4.3650912746282975,0
2154,URBAN,6.143486764759362,0.9265259243801549,4.419599188795836,0
2155,URBAN,5.631018273213658,0.7000673432461051,4.420591221057512,0
2156,URBAN,7.037081291214094,0.6524374588492314,4.377347147353009,0
2157,URBAN,7.410229607926038,0.799479915904449,4.276605169906714,0
2158,URBAN,6.196467280669854,0.35406762900338423,4.2992390410886765,0
2159,URBAN,2.0609198683729337,0.10007523340020433,4.302864927067636,0
2160,URBAN,7.429231399314131,0.3946373573665872,4.3640829000706765,0
2161,URBAN,3.38638405250924,0.5116724149148196,4.355706697369728,0
2162,URBAN,2.674362154163189,1.3558766643842473,4.271755233368966,0
2163,URBAN,1.5304372604463106,1.6702436074318818,4.066969744434168,0
2164,URBAN,5.031078003574341,1.3410266718716843,3.9248257565875027,0
2165,URBAN,4.034420364037431,0.43784857048701165,3.9273745219016742,0
2166,URBAN,8.68285627583642,0.8227439646311782,4.091347529109235,0
2167,URBAN,11.819127477919125,0.7729660464577972,4.1300049799694465,0
2168,URBAN,9.27131382201367,1.3117869587054154,4.150992981509606,0
2169,URBAN,7.427445562357546,0.9634754549683373,4.165133209439169,0
2170,URBAN,6.216307703141651,0.9209677192935489,4.3203525618129595,0
2171,URBAN,5.028378743433166,2.0518932443669664,4.396529675038771,0
2172,URBAN,2.7373345021044844,1.2094744180005987,4.552162023294709,0
2173,URBAN,4.934306773276557,0.8448192679344421,4.555513727060079,0
2174,URBAN,7.3472369997868405,1.800518635496718,4.326866468478059,0
2175,URBAN,0.3134097415255493,0.2518850121773511,4.2992366688158095,0
2176,URBAN,3.2304438722614965,1.4637905465529697,4.117811571674219,0
2177,URBAN,3.761238603956476,0.22994142216498278,4.176414125189599,0
2178,URBAN,2.189586041818896,1.1644020160894735,4.162839316849944,0
2179,URBAN,3.663580575520766,0.6724609533658243,4.103440575187556,0
2180,URBAN,1.1484253401800224,0.760613112941353,4.140041587988644,0
2181,URBAN,7.634367506022136,0.6005382710280199,4.19417166059013,0
2182,URBAN,14.503350821229272,1.4305366453145016,4.379738106201518,0
2183,URBAN,9.399439989668528,0.5213823255033924,4.444174687524558,0
2184,URBAN,13.828453420337251,2.257791459595506,4.273674208423381,0
2185,URBAN,11.372386853445025,0.47695978493923485,4.255626219451774,0
2186,URBAN,8.358335325489263,0.735684117046432,4.316246824850262,0
2187,URBAN,6.573367198359298,1.6473634717547425,4.314194143667435,0
2188,URBAN,5.004056662402603,0.7504307673435004,4.425973021288268,0
2189,URBAN,1.2512372802834995,0.7693844070230713,4.401119591906017,0
2190,URBAN,2.70580029649312,0.9311511198618178,4.515060694717931,0
2191,URBAN,10.862479653316191,0.9940904185074906,4.439130177667798,0
2192,URBAN,5.3910799802584695,0.9269963250066088,4.48348542013632,0
2193,URBAN,6.090980175982225,0.29039399310948477,4.46410820498597,0
2194,URBAN,15.53197603108626,1.255298157843128,4.554086747877885,0
2195,URBAN,9.50361677743594,0.3786742460788112,4.586393828706377,0
2196,URBAN,8.096789159911017,0.6521429404358038,4.642174310469003,0
2197,URBAN,2.6084846126258325,0.5070944273809176,4.6552316845207695,0
2198,URBAN,1.8468705984404064,0.7109826442677318,4.6197145183228105,0
2199,URBAN,4.736567352365688,0.8216500427706769,4.5171374331913725,0
2200,URBAN,4.661132347793953,0.6497051646772581,4.576731015715326,0
2201,URBAN,4.5969622719179055,1.1446403913547631,4.707757817838071,0
2202,URBAN,1.9399225233548143,0.7409116137928552,4.584906314581125,0
2203,URBAN,11.48718822727748,0.3107432143684986,4.59575334437425,0
2204,URBAN,2.604079906756784,0.23308782294738292,4.548502472735598,0
2205,URBAN,6.846792132766561,1.5064805569149948,4.702833374969775,0
2206,URBAN,4.12409167313444,0.7832345332072224,4.616133613818855,0
2207,URBAN,6.849540817016386,0.3125879557250494,4.628107858578463,0
2208,URBAN,5.9592904667136555,0.7206754305183554,4.6098165960350626,0
2209,URBAN,3.2297213880393434,0.881091017919043,4.541265005612348,0
2210,URBAN,2.7522691663045635,0.8901539117299818,4.4057123282310675,0
2211,URBAN,6.337076107966039,1.1787202372042236,4.245168367521797,0
2212,URBAN,6.599259958469206,1.268762393832437,4.38636573222727,0
2213,URBAN,10.064078210571223,0.7084225375984387,4.332686009628824,0
2214,URBAN,9.407617491938275,1.0783073817699333,4.196448596134516,0
2215,URBAN,14.336385408638332,0.3797120650439496,4.267188787342423,0
2216,URBAN,3.395854320784403,2.925548708730522,4.667015290485526,0
2217,URBAN,0.7080368917553181,1.15601567395289,4.740371820485423,0
2218,URBAN,16.02416555816448,0.7543698195981504,4.691048765960113,0
2219,URBAN,5.80742737188825,2.1827405868431873,4.374902237883069,0
2220,URBAN,7.436278870304403,1.1768861601842082,4.507285319745404,0
2221,URBAN,6.205379988343697,0.6811977320726367,4.441976571436955,0
2222,URBAN,1.11978736061499,1.2103347641866793,4.586814821268749,0
2223,URBAN,9.760518809616057,0.5781839023169247,4.541798087054835,0
2224,URBAN,6.845859109888022,0.849107056155081,4.63697857573617,0
2225,URBAN,10.143777469276987,0.5733830901295078,4.681010335727072,0
2226,URBAN,7.3342449227220365,1.0634728606638362,4.620168534114537,0
2227,URBAN,12.597497344802642,1.905388821049554,4.647313975134219,0
2228,URBAN,11.524042397908003,0.6681825675474187,4.676942154364571,0
2229,URBAN,12.407908686644962,2.108469061857582,4.546338826894214,0
2230,URBAN,5.778884118394172,0.7509541757021989,4.4171522338380305,0
2231,URBAN,9.24218065739133,1.3724201878416313,4.226772506752034,0
2232,URBAN,6.337380750989048,1.9473154118771336,4.431145205886073,0
2233,URBAN,12.51109403540188,1.082941874232991,4.493297276705794,0
2234,URBAN,3.100697404173433,1.5717049470027857,4.290574631026566,0
2235,URBAN,5.082849970636787,0.7723315921896129,4.279440957659289,0
2236,URBAN,4.225057127508762,1.166867919982421,4.336942846360909,0
2237,URBAN,5.233736606325983,2.6455519177812388,4.189295678645473,0
2238,URBAN,12.693452750945413,0.6764222378878215,4.217948434039537,0
2239,URBAN,6.910870790441959,0.8622660395982318,4.123417636646075,0
2240,URBAN,3.7881299411846316,1.0951306763301203,3.995354111737743,0
2241,URBAN,5.010252433951359,0.8158261256096625,4.053846223009891,0
2242,URBAN,18.95277352863155,0.8448898434936589,3.996368841892853,0
2243,URBAN,4.4465610058516365,1.0488207813709554,3.958207789400337,0
2244,URBAN,4.364630684751919,3.3498283910225335,3.7151861907279335,0
2245,URBAN,3.21907384138901,0.8222072637873357,3.877212887968719,0
2246,URBAN,6.6955003919039235,0.5024372294363139,3.891132564779503,0
2247,URBAN,2.3635925970525675,0.37377644029294316,3.8941188547585286,0
2248,URBAN,12.099479027260205,0.20191710267010776,3.963486667326602,0
2249,URBAN,13.107868882852983,1.0006121056382922,3.9540595255771276,0
2250,URBAN,6.992024545191352,0.7873264900020884,3.797197038833783,0
2251,URBAN,6.144363818651279,1.202258145922878,3.5608378393608273,0
2252,URBAN,5.703174136412619,0.8705869412803579,3.1778462196947026,0
2253,URBAN,11.429774703642137,0.6727027972220408,2.901759726014965,0
2254,URBAN,5.766132729387963,0.39430841937079336,2.6176141755341855,0
2255,URBAN,1.3282681578505098,0.8584181124587699,2.5582512569621625,0
2256,URBAN,2.0802255421425246,0.35452927143192536,2.5497533674758737,0
2257,URBAN,2.03810115381883,0.4194069389163158,2.59594593530583,0
2258,URBAN,6.746072442668431,0.9480627028642745,2.6835419415819817,0
2259,URBAN,8.314541576537426,1.5960282527167158,2.6716754211036373,0
2260,URBAN,11.317027997797526,0.7393862738220046,2.6878419483016938,0
2261,URBAN,9.24463258933096,1.495589353083511,2.614348463356114,0
2262,URBAN,6.961778934838513,2.298039988990365,2.9420480739073054,0
2263,URBAN,0.18787604820068526,2.3391942830998893,2.5657583573418044,0
2264,URBAN,14.084702579258199,0.30954371775211437,2.4648579700180733,0
2265,URBAN,5.834709463267501,0.5224854891049783,2.3107314460606223,0
2266,URBAN,1.1039822442562994,1.5319498220168095,2.1047679792979883,0
2267,URBAN,6.627613315578851,0.21529023365549363,2.1419686387984544,0
2268,URBAN,2.251111584936476,0.5666099871624444,2.0811286591124065,0
2269,URBAN,0.9113217646784918,1.8851862889121025,2.0218584878614747,0
2270,URBAN,15.798541849733493,1.5321490491074112,1.750336100588614,0
2271,URBAN,5.5049896445647954,0.8324355550884689,1.8926713507754034,0
2272,URBAN,2.4145195979716587,1.4823680341100571,1.9147782228912984,0
2273,URBAN,4.534718905004997,1.5562514459376824,1.9425782704000165,0
2274,URBAN,4.6058605630578695,1.8859326574700688,2.1514805662334138,0
2275,URBAN,5.18568675080434,0.6059921360339073,2.1013854900276128,0
2276,URBAN,3.65859544904669,1.5525567666518219,2.3278605391701297,0
2277,URBAN,5.4757630548996135,1.501240131978547,2.2113376716855,0
2278,URBAN,2.2863751848647507,2.544770296789055,2.252059066803596,0
2279,URBAN,7.082538965112251,0.6046033961962219,2.243429470382102,0
2280,URBAN,2.9037865738957045,1.3866318137834852,2.4657743734153903,0
2281,URBAN,2.9812975487963356,1.4925143683228967,2.6863408450152346,0
2282,URBAN,7.418759896798436,1.0278623422559416,2.463600252405765,0
2283,URBAN,4.090215250753274,0.7324312651859028,2.2043686685423745,0
2284,URBAN,0.7456520818033456,1.1413816829339072,2.1667544285939293,0
2285,URBAN,5.537913430415438,0.8216034808626459,2.107583863014109,0
2286,URBAN,6.160640155263941,0.1320998758893852,2.215829687003107,0
2287,URBAN,13.0886374433608,0.6013403812162209,2.3006066423800027,0
2288,URBAN,4.9651517743836315,0.2250830853466683,2.266893722642639,0
2289,URBAN,1.765920357209708,1.5801814364650377,2.3733384086612554,0
2290,URBAN,6.535423947162087,1.5291892476726352,2.5909104261341307,0
2291,URBAN,2.422458590009206,0.6596628483707243,2.6267046728004857,0
2292,URBAN,8.904474475586555,0.6002139068942877,2.5295662325122352,0
2293,URBAN,4.275084483812347,0.35540666486646977,2.5038406765066084,0
2294,URBAN,7.1508292849156305,0.6824532236696429,2.624287029270684,0
2295,URBAN,6.887073262348169,1.265388869123488,2.709152948241202,0
2296,URBAN,2.640025972434983,1.0619215957127506,2.6525510654313553,0
2297,URBAN,6.737485368331005,0.49685831651103785,2.6522080648913438,0
2298,URBAN,6.344999798865611,1.2033468536870273,2.542094774845732,0
2299,URBAN,3.612897200088106,0.9368444320739733,2.4890300012390316,0
2300,URBAN,9.48440785913027,1.9132848038419366,2.5876169595654437,0
2301,URBAN,4.45628386595544,1.9593748239889806,2.6996120063296076,0
2302,URBAN,2.8130112763154878,1.3357878405566952,2.6447345852619386,0
2303,URBAN,6.829195060041904,1.1538355533871096,2.5477309507983428,0
2304,URBAN,6.7564536976447345,1.6727981533609628,2.18889274024322,0
2305,URBAN,3.653980833602078,0.9465921739191645,1.8393486575944833,0
2306,URBAN,7.059993430230262,0.530404484625673,1.5817022107797205,0
2307,URBAN,3.7866447180421376,1.0444577839473779,1.2878920377770184,0
2308,URBAN,7.427511737271261,1.270085914655186,1.340825952180158,0
2309,URBAN,1.7249817851862759,0.659441022544152,1.1820003795906147,0
2310,URBAN,1.1301955224740685,0.46152448964851767,1.1897201057187057,0
2311,URBAN,4.251552530999735,0.9513874702122788,1.0542455071891097,0
2312,URBAN,2.8234352773268943,0.8363193504383977,1.0976709355813217,0
2313,URBAN,13.79845143188511,1.444634728315238,1.319864410528635,0
2314,URBAN,5.85703743337301,0.5486285761990143,1.416793540760265,0
2315,URBAN,8.286805692622215,1.3643664128434554,1.5695901564072394,0
2316,URBAN,3.7013848418293973,0.17709969033524148,1.544661394787032,0
2317,URBAN,15.879544378179132,0.8042127214903244,1.5241521679654766,0
2318,URBAN,3.529110488788396,0.8688120752589453,1.3915328188310392,0
2319,URBAN,2.748091219743669,2.0028478103697536,1.4643532635573762,0
2320,URBAN,11.13026633790628,0.4893711084364976,1.2305368556887677,0
2321,URBAN,2.6478578363801097,1.6764725759545043,0.9533330618142711,0
2322,URBAN,2.446396207392442,0.6896601224804648,0.8860533400195623,0
2323,URBAN,8.797109299985987,1.0527607108513946,0.8737178427764069,0
2324,URBAN,10.4007808193502,1.0730082036088546,0.7952263879722685,0
2325,URBAN,2.0204641842002706,0.9428027837152896,0.7469144447244723,0
2326,URBAN,6.55222396664799,0.6597542327838442,0.6223603128202164,0
2327,URBAN,8.489950897445503,0.8810309802871009,0.6300996796975885,0
2328,URBAN,2.295767512017036,0.440966911432211,0.6778092284958475,0
2329,URBAN,1.9544372715154787,1.2326722468039215,0.9464277286255125,0
2330,URBAN,12.171704782058377,0.7825045698703322,1.1322058779457995,0
2331,URBAN,7.540872520832048,0.9936982190684412,1.1018391989096377,0
2332,URBAN,10.154954844769591,1.285603907543272,1.1182069894629534,0
2333,URBAN,5.715606567379647,1.4188108092162492,1.077068341985743,0
2334,URBAN,2.188422818204404,0.4122748202216303,1.2396502841073511,0
2335,URBAN,0.35820263517555817,0.20432717790950278,1.3483659690809398,0
2336,URBAN,2.3252248801704125,1.0004584344762806,1.5718629168330922,0
2337,URBAN,5.7676505930575495,0.7919775606019267,1.7472146559959723,0
2338,URBAN,2.621941085896819,2.0143330933425925,2.0603162140778095,0
2339,URBAN,5.605779291750868,2.275063698355531,2.2669889729471744,0
2340,URBAN,6.146060715514255,2.9580655768602857,2.1580012913094007,0
2341,URBAN,5.83133359413317,0.35949147130318515,2.194528324246583,0
2342,URBAN,4.589548000991695,0.5694746365900198,2.2682457176733655,0
2343,URBAN,4.272573757709536,0.7761577120589551,2.166785120998876,0
2344,URBAN,3.282618647608696,0.43411055487156686,2.126899928470522,0
2345,URBAN,10.43867755453616,0.6748569391050566,2.1530486351395517,0
2346,URBAN,12.567470077416383,1.2442480775643563,2.2449839610006435,0
2347,URBAN,10.191519254134157,1.0593902835189744,2.141482216485693,0
2348,URBAN,5.8153460123655725,1.5409972780234442,1.9754338107918594,0
2349,URBAN,10.919178270905203,0.5549996302980166,2.0299043678790607,0
2350,URBAN,6.331010635691795,0.8885542856552445,1.9316733025146073,0
2351,URBAN,8.5297676522958,0.6310381878759794,1.9044548515593513,0
2352,URBAN,12.015147311402657,0.5011371491512178,1.9626098858232917,0
2353,URBAN,7.482340825035559,0.8013942108847956,1.9528281210467104,0
2354,URBAN,5.753254136465661,1.2606037298983424,1.8497819576843286,0
2355,URBAN,1.9528416649113889,1.6531073962107756,1.991583031213164,0
2356,URBAN,8.759359673036093,0.3797387024856421,1.9486715309574787,0
2357,URBAN,5.565284295845104,1.310951492273856,2.1265870971501046,0
2358,URBAN,7.067938174195532,0.895894297319846,1.9885953152869646,0
2359,URBAN,7.9034108196138355,0.8882827768973126,2.0696836754968255,0
2360,URBAN,1.6864316569978528,0.753167285235821,2.1068620468945887,0
2361,URBAN,10.113084483119795,1.347210823287086,1.9462876282548607,0
2362,URBAN,0.5945293871606611,1.3345632390068394,1.8541438214319812,0
2363,URBAN,3.7867053795605092,0.8703848067055227,1.9142374715041692,0
2364,URBAN,3.4195146589084784,1.4326742006356519,2.023165551190717,0
2365,URBAN,4.620980945899484,1.0872375252624265,1.955624073181465,0
2366,URBAN,8.71558166820986,0.6182502875844135,1.807196735125736,0
2367,URBAN,2.706565246083627,0.896453163036452,1.7219055670196732,0
2368,URBAN,9.545364342176152,1.713309169386405,1.8224177813025193,0
2369,URBAN,7.341027683799771,0.347629169151963,1.7413519200065577,0
2370,URBAN,6.077440309339882,0.937776533531267,1.7400614937297678,0
2371,URBAN,7.734619782740813,1.324860533879728,1.5098162815970528,0
2372,URBAN,7.811835011154288,0.9350531669730315,1.344413451087886,0
2373,URBAN,4.890754667688743,1.7480540233804585,1.5246884215954737,0
2374,URBAN,7.178046549037486,1.2145290596478968,1.3949479837281176,0
2375,URBAN,6.702578886774354,0.2954058930807429,1.339088736492783,0
2376,URBAN,6.53238459744715,0.1810463211786213,1.3008879214363385,0
2377,URBAN,5.615159843828468,0.5302124078425933,1.3223997867185395,0
2378,URBAN,4.180242197308185,0.6752189362098606,1.2121279424670992,0
2379,URBAN,2.5943620060118757,1.7338328058166992,0.9698534644479258,0
2380,URBAN,4.501154413235297,0.8939518857207785,0.8776273537320755,0
2381,URBAN,15.953007689974978,0.14659636418733163,0.9204042010623649,0
2382,URBAN,8.879216394750028,1.125677491629294,1.0896995184062102,0
2383,URBAN,4.736590389191994,1.0782012767778246,1.2355964055128081,0
2384,URBAN,2.814627968162129,0.20234453623710352,1.2477990917656236,0
2385,URBAN,11.330417488327523,1.1418487929557966,1.3158654811268187,0
2386,URBAN,6.091295283219512,0.09489807747072349,1.2749673453504327,0
2387,URBAN,11.952147382633855,2.5708080048379216,1.3102647433948784,0
2388,URBAN,2.846996441948849,1.8264900088177687,1.0341947508270963,0
2389,URBAN,3.923159494353791,0.9435557389855789,0.9215188791157463,0
2390,URBAN,8.589146430550153,0.6267500872626558,0.8538283040999995,0
2391,URBAN,3.3445900681349583,0.922322806857951,0.8457710469738373,0
2392,URBAN,8.128761010831834,0.3384498583154281,0.8416430826137885,0
2393,URBAN,7.9303903072496285,0.9109914040180654,0.7354626176811785,0
2394,URBAN,1.5703606995204065,0.9960051905485288,0.8889350236268945,0
2395,URBAN,10.375210910935326,1.3698150651507337,0.985062407129853,0
2396,URBAN,6.826755084904364,0.16006854815866758,0.9913849560817248,0
2397,URBAN,2.106551539786093,1.1744999189422292,1.0996791901900504,0
2398,URBAN,3.268071301732937,1.648051012223798,1.0567629470644069,0
2399,URBAN,5.71264964346571,1.2744605259989137,1.157824600810401,0
2400,URBAN,7.992601944744796,0.574422290832658,1.2103924479295303,0
2401,URBAN,11.793571868786909,0.77938044707391,1.26622791196959,0
2402,URBAN,6.922890195193904,1.489430960836233,1.4604838355965435,0
2403,URBAN,8.773451515900089,1.6183440500569282,1.2923898233915718,0
2404,URBAN,11.690629052026525,0.8372681087441611,1.3189392003684308,0
2405,URBAN,3.712293108521827,0.8505394404780852,1.4056357919251157,0
2406,URBAN,4.042651155587099,1.1895402247902116,1.4871288827022409,0
2407,URBAN,4.347553070739776,0.6025333953276515,1.5086854214747718,0
2408,URBAN,4.414992822915224,1.4055532757850602,1.6781761191161026,0
2409,URBAN,5.165340024139877,0.8204370177687585,1.5450560840008674,0
2410,URBAN,11.69653679102364,0.7838751540426383,1.4862610324217318,0
2411,URBAN,4.672521004196967,1.2829422676045033,1.6163005537705393,0
2412,URBAN,1.209242689023353,1.337786117832527,1.6544468264017125,0
2413,URBAN,3.432676354466599,0.4526240386558617,1.6895058351208598,0
2414,URBAN,7.592688905575792,1.3511479141666203,1.8318848719207133,0
2415,URBAN,2.8000817473726207,0.4682130879625621,1.741257345742965,0
2416,URBAN,2.908811879722444,0.377092455138363,1.7211995066946186,0
2417,URBAN,3.1037686856436775,0.5478043196638144,1.7626883235779551,0
2418,URBAN,1.5476969759331274,1.5784173808185011,1.722990002786673,0
2419,URBAN,6.784058634140751,0.7832869703202044,1.7477222334624922,0
2420,URBAN,4.394754849243442,0.9465412213112069,1.5931388317788109,0
2421,URBAN,8.840854911763179,1.877306489329675,1.4937150054978612,0
2422,URBAN,6.867112891087885,1.1211256938166336,1.6345783864481636,0
2423,URBAN,4.219878044643361,1.26426953804516,1.4599341171983884,0
2424,URBAN,3.3994482283642897,0.8218801331509208,1.4700492169830748,0
2425,URBAN,1.092529404392711,1.2202803304716225,1.6679987829549325,0
2426,URBAN,5.3130302519971755,0.6231145247054184,1.6604854002535248,0
2427,URBAN,4.634547369892146,1.356907550847116,1.8633262222041507,0
2428,URBAN,6.253545272135219,1.6128350288923516,1.7838677083718668,0
2429,URBAN,6.300933854957937,0.8335021262368322,1.7545977966972082,0
2430,URBAN,9.910488950204599,1.1316777702951857,1.8635455981137643,0
2431,URBAN,9.587543757852913,0.2524975202223292,1.8680468098593879,0
2432,URBAN,7.768760609188566,0.8395823732225312,1.9808454050266395,0
2433,URBAN,6.513931607126272,1.1736411157351587,2.071709148722133,0
2434,URBAN,8.976415720715957,1.273195989419032,2.1532787608881137,0
2435,URBAN,3.6274780976032033,0.5264015613226186,2.157782948353956,0
2436,URBAN,8.402092880223176,0.7377714312738387,2.121530903370466,0
2437,URBAN,5.312413669855253,1.4329075636914639,2.3463538349011155,0
2438,URBAN,8.004494838724055,0.9410972325124947,2.2913951600640967,0
2439,URBAN,10.854951723516994,0.4905142088328496,2.3981383743144455,0
2440,URBAN,4.299338247069243,0.9973969946742913,2.5740582128883,0
2441,URBAN,3.139034366658563,0.6222719872491291,2.5696360061013697,0
2442,URBAN,15.994833754379977,0.7495310874075632,2.565272467025899,0
2443,URBAN,10.030399863662947,0.8994434203616535,2.597916473088766,0
2444,URBAN,6.960742503146331,1.8723106531377325,2.3749470345542796,0
2445,URBAN,8.932699256520541,0.6818966495802107,2.497996011815556,0
2446,URBAN,3.4157240942944656,0.25189523869241026,2.554748072990924,0
2447,URBAN,4.606148141165087,0.6100223108892486,2.618847712094945,0
2448,URBAN,5.6917543203187,1.0117075432971168,2.4898592891450955,0
2449,URBAN,1.5079781812964095,0.3758291468143144,2.5189059460639256,0
2450,URBAN,7.764334660417849,0.9697490721617138,2.6592065358246186,0
2451,URBAN,4.0102833787961005,0.7431904752721872,2.755680858704601,0
2452,URBAN,2.508233109849184,0.3830505924913257,2.7246266458739052,0
2453,URBAN,8.236628059056683,0.24279401603962478,2.706255456450796,0
2454,URBAN,8.06761839260218,0.7402236306391052,2.611766504420688,0
2455,URBAN,4.684294730055829,0.86211636126042,2.6940972268839047,0
2456,URBAN,17.212669885601073,0.3390088300790355,2.652801436183165,0
2457,URBAN,2.7501316519828416,0.9500021610273465,2.537820199793748,0
2458,URBAN,7.527067235202098,0.5739388809179694,2.4828625851813384,0
2459,URBAN,3.411396325867374,1.4085749951493969,2.538167419778236,0
2460,URBAN,2.2478731501975466,0.3856046397208686,2.5543844157081317,0
2461,URBAN,2.6597130305547334,0.8449187500837928,2.5305609522600734,0
2462,URBAN,8.468144106923738,1.2055585774895081,2.652940853020649,0
2463,URBAN,4.182071223137727,0.6973952976684221,2.7270698328030396,0
2464,URBAN,17.461932177149862,0.6498722226497117,2.7078027160303373,0
2465,URBAN,10.789262992677166,0.8814268850696635,2.5928311088859752,0
2466,URBAN,10.981071666994126,0.7592033456563265,2.521463044259354,0
2467,URBAN,5.304286920975106,0.7281243321957142,2.4395041570243032,0
2468,URBAN,6.452357625844785,0.14306540940599882,2.446850150051823,0
2469,URBAN,10.197028673408141,1.1879762676018502,2.369820202273277,0
2470,URBAN,12.026064654166158,1.3694436606946088,2.44203180902778,0
2471,URBAN,3.7127722732620403,0.5919946097659046,2.3887628379304244,0
2472,URBAN,7.2190373039105,2.431792590183029,2.650822927243092,0
2473,URBAN,7.954650309196178,1.2327488286943544,2.6651060837427276,0
2474,URBAN,7.3967262459965575,1.9010646224208971,2.6928628721101506,0
2475,URBAN,5.522720109898914,0.6127979323788303,2.7120965369669383,0
2476,URBAN,7.777806754785896,0.5732653780272318,2.7155314649002236,0
2477,URBAN,6.5500080818476665,1.07125525933819,2.6127336392635043,0
2478,URBAN,6.427583075214975,1.3150950819630691,2.7624998748304064,0
2479,URBAN,3.847120827887297,0.23234828541454394,2.7267975525251824,0
2480,URBAN,3.9368049316322664,2.0790488139683974,2.949012524942237,0
2481,URBAN,9.923380466104,0.6975147318663276,2.964931912303801,0
2482,URBAN,13.476883038963459,2.4060250110649313,2.6272435848529354,0
2483,URBAN,5.7887914430538245,1.0608868717469457,2.493558888385243,0
2484,URBAN,5.2564062557979945,0.7817896324969256,2.4213716290498266,0
2485,URBAN,4.077442343711579,0.4066770199426303,2.4801635477244077,0
2486,URBAN,9.288772423996454,1.0670558438138746,2.5007776173661496,0
2487,URBAN,7.140797416644861,2.0993544324101676,2.790641491028157,0
2488,URBAN,10.344385431019424,1.095520429397583,2.7018695214666155,0
2489,URBAN,12.744099416874962,0.3179739870275143,2.6712217013148174,0
2490,URBAN,5.154222495597776,1.3218723611611334,2.518552800509454,0
2491,URBAN,12.534074610113233,0.03603287261247345,2.5345269895156664,0
2492,URBAN,2.750386774324238,1.0966812028305968,2.4452477599063522,0
2493,URBAN,2.462394872634948,0.7503991220896751,2.372489677755365,0
2494,URBAN,4.823066413134585,1.1152385561733817,2.4547658832139567,0
2495,URBAN,6.292074902864728,0.9104107414407067,2.396904170840258,0
2496,URBAN,2.790621324263846,1.3454083945125426,2.6043183273645365,0
2497,URBAN,4.166364984781822,1.0327486744648173,2.735547324980313,0
2498,URBAN,3.1689777606626635,0.9892739103638291,2.8637461843496825,0
2499,URBAN,3.8970097237625603,0.38129203179348237,2.8748000550931567,0
2500,URBAN,5.347390357578792,0.6216740274200183,2.8754128116281525,0
2501,URBAN,11.410052624946582,1.2434596113766816,3.0053524217679337,0
2502,URBAN,8.031563804727968,0.3796790087599739,2.9257492274744856,0
2503,URBAN,9.834427600667926,0.3458761009525346,2.9350414562813714,0
2504,URBAN,16.45846375267806,0.7613030520759907,2.8229080664964887,0
2505,URBAN,6.465628836545207,1.4398352853909249,2.745020197827303,0
2506,URBAN,1.9711577240438836,1.2454711240043104,2.8772260785258297,0
2507,URBAN,6.3063660031045305,0.5387360056860496,2.7901660514170783,0
2508,URBAN,7.9414492703612,1.3421459547228254,2.5934738077570483,0
2509,URBAN,13.576493834383419,0.53750919995471,2.5207872241200513,0
2510,URBAN,3.4822403755726894,1.6899385944651104,2.4155204785814623,0
2511,URBAN,9.57188511730761,1.1808971249551496,2.28495342716088,0
2512,URBAN,6.168955612742048,1.718385307416417,2.0941194350052603,0
2513,URBAN,3.4042834253562497,0.864416529544123,2.2079299517787194,0
2514,URBAN,8.643776388839433,0.8845210161738227,2.1567641877894483,0
2515,URBAN,1.6909184522004979,0.18937025322212703,2.2366786074872214,0
2516,URBAN,10.597491428969379,0.6684761568928987,2.3142637740400964,0
2517,URBAN,10.270961144334233,0.9124449686347956,2.347016741869911,0
2518,URBAN,4.967852579335967,1.292880247932604,2.560478746572756,0
2519,URBAN,2.291315832272033,1.021434737912837,2.51095554531284,0
2520,URBAN,7.201931900299494,0.8087421006390149,2.4727363291533924,0
2521,URBAN,3.5532209938229578,1.219560301889156,2.6204596104415327,0
2522,URBAN,2.5145271865490293,1.7711339250180789,2.8330550386347637,0
2523,URBAN,4.150940678158025,0.41146413446036834,2.7684704463233807,0
2524,URBAN,8.132396174812069,1.114147041903417,2.873493698677517,0
2525,URBAN,6.50982513137978,0.5442239169543996,2.8664586756229324,0
2526,URBAN,7.334621703910522,1.7559088164559196,2.6313134998043797,0
2527,URBAN,3.218268000361128,0.41696064307182584,2.5717245020622688,0
2528,URBAN,5.479350514538372,0.3602058399812655,2.5722102348288645,0
2529,URBAN,2.417782085411813,0.14684300150759208,2.5627416868274375,0
2530,URBAN,8.67528541094108,1.4621002247502657,2.753763961176985,0
2531,URBAN,8.704125534898946,0.9288980931841089,2.7929717697634424,0
2532,URBAN,7.645968901412731,1.870314612080632,2.5374568218085076,0
2533,URBAN,6.117516798463448,1.430314949417828,2.6161731004327176,0
2534,URBAN,3.4856477554260996,0.7153047573115658,2.692654067634155,0
2535,URBAN,6.4969212406765715,1.077733282073753,2.785924835365811,0
2536,URBAN,6.305116413735906,0.2849468289392115,2.742143651051003,0
2537,URBAN,4.021772620081249,0.49684845592963045,2.7974948060715725,0
2538,URBAN,4.507216349489139,1.8497155345948042,3.028768822682818,0
2539,URBAN,9.407776028193402,1.3676075874239144,3.1323550415555843,0
2540,URBAN,6.6622491595382,0.6861274030398409,3.0780000908256278,0
2541,URBAN,7.504115656426489,1.1434314348004597,3.03486198507158,0
2542,URBAN,3.113665487876594,1.4873152936591414,2.792098210693564,0
2543,URBAN,4.440818032656882,0.46801587976545883,2.8130232992913893,0
2544,URBAN,3.8158166880010764,0.10779796814387811,2.800392503517071,0
2545,URBAN,0.3971891709306954,0.730434877161633,2.6815834996497987,0
2546,URBAN,2.4925958996713176,1.0221173942215598,2.5355542631056904,0
2547,URBAN,2.0297146826339043,0.9934673412302499,2.647015225746234,0
2548,URBAN,7.8945636003737185,0.21142755572506272,2.63508782669961,0
2549,URBAN,7.150444628089088,1.4124800035767449,2.490386943850288,0
2550,URBAN,6.8087146102320855,0.49619842881044146,2.4755831061056055,0
2551,URBAN,8.699917207275652,1.370032817528061,2.491691644042446,0
2552,URBAN,11.706296525117192,1.0466782611768601,2.615016696592287,0
2553,URBAN,5.405415496500782,1.345738947562362,2.6611243160114646,0
2554,URBAN,1.1964604833967165,0.4926229462451556,2.7254251886754046,0
2555,URBAN,1.4566006958043773,1.5055171864757604,2.625743575309028,0
2556,URBAN,3.255346789161753,0.9422712757269649,2.641539093445318,0
2557,URBAN,7.556098460219246,0.8223875273359459,2.746126273741874,0
2558,URBAN,3.9360667338545894,1.0669013023868041,2.8414338848202476,0
2559,URBAN,6.493831302528871,1.1115214393086035,2.684717895791211,0
2560,URBAN,7.063869420108113,0.6717182364448812,2.7539010790743204,0
2561,URBAN,7.100587245232928,0.2772608139495092,2.7614206041053393,0
2562,URBAN,3.956928707148803,1.940838359336202,2.5946598972266726,0
2563,URBAN,6.981831024775771,1.4724322864357735,2.780363300867488,0
2564,URBAN,2.901559741599781,1.2907899038610344,2.597807256428123,0
2565,URBAN,9.22512268771094,0.8559573401790177,2.5744731858467484,0
2566,URBAN,2.885856350910388,0.751541645381268,2.482174779538833,0
2567,URBAN,1.8991742837784018,1.3866750942857808,2.6498454126955617,0
2568,URBAN,6.715943929232897,1.3248642155189907,2.783813173715594,0
2569,URBAN,7.434549624409453,0.75291768521329,2.717918810454462,0
2570,URBAN,7.9801334729387765,1.8640436662584274,2.938980023158899,0
2571,URBAN,2.3652146927490745,0.5910510408049375,2.9860782781283715,0
2572,URBAN,7.688060665202639,1.2802119941752554,2.8443032810215687,0
2573,URBAN,4.171670052103694,0.16219075070905048,2.8047075396688825,0
2574,URBAN,3.62524695463893,1.4521455514921895,2.9175733695566586,0
2575,URBAN,11.813718531474434,1.1397215257817164,2.7664546453590004,0
2576,URBAN,13.237443129793249,2.370639563336277,2.4595304645583873,0
2577,URBAN,3.082207291595691,0.6436744829921288,2.401815526976361,0
2578,URBAN,2.9196498976170395,0.6746557780172872,2.485942896690317,0
2579,URBAN,1.2878886430535013,0.9480425976154041,2.5074816812930556,0
2580,URBAN,1.1010143750436898,0.24696661588440993,2.519322487381713,0
2581,URBAN,4.999078117230184,0.8998329959508476,2.4159619259559895,0
2582,URBAN,2.7930008321555087,1.5220877866214453,2.5446174526351344,0
2583,URBAN,6.26097009390825,0.6813807974158379,2.6421654850459775,0
2584,URBAN,12.593901468942219,0.08608611137120814,2.638426332264539,0
2585,URBAN,4.856924119273787,0.8750698005845798,2.7427122342285855,0
2586,URBAN,2.3335805204373297,0.37924339990972,2.7010951167889794,0
2587,URBAN,4.073870103505185,0.6892925704939252,2.6041879299310904,0
2588,URBAN,8.86228510121586,0.6209387903182927,2.5267184510848066,0
2589,URBAN,10.92119319260537,1.019487075509405,2.4062482355980888,0
2590,URBAN,2.0418632963485184,0.6404966053824925,2.346493081104699,0
2591,URBAN,1.0973031417242203,0.6573018530275001,2.4477149272914738,0
2592,URBAN,13.327883004442802,1.7845575617762501,2.639979852388526,0
2593,URBAN,10.743794726037603,0.1906403043183151,2.621296024309932,0
2594,URBAN,0.43122621780407233,0.43680843070973924,2.6672433642053694,0
2595,URBAN,11.57893615090066,2.2769611882688436,2.5819387007647903,0
2596,URBAN,3.7061395260752557,0.6990257544717061,2.584571034398278,0
2597,URBAN,6.783313181671598,1.58037755518796,2.7440654727522857,0
2598,URBAN,4.580097982578353,1.6006492928035658,2.759712962675117,0
2599,URBAN,4.638363871314497,1.2690823183222715,2.5731112694748575,0
2600,URBAN,4.246375685648313,1.3066529948524062,2.6966852876591427,0
2601,URBAN,4.2672284650857115,1.3009928757402867,2.730448373787632,0
2602,URBAN,5.797835207775658,0.5075089420129673,2.774842836430568,0
2603,URBAN,4.1835236280638455,0.12210010229559676,2.7511569606887587,0
2604,URBAN,3.786206521920793,1.2260055295659293,2.882973411615409,0
2605,URBAN,7.280451170132216,0.7554194498788029,2.789055205918903,0
2606,URBAN,5.017661602340587,0.9417506670101259,2.6583266265956147,0
2607,URBAN,5.953415764778487,1.5627092116110792,2.471330304671366,0
2608,URBAN,3.079621012692538,0.667429467666351,2.3951774279912725,0
2609,URBAN,11.23659663415396,1.596972582960938,2.617558409910894,0
2610,URBAN,2.3155202847504506,1.0885279251240434,2.4771208199839343,0
2611,URBAN,13.554653811013205,0.3959802230189912,2.4582827307190893,0
2612,URBAN,4.16574622908243,0.45216972326187443,2.4383908003023627,0
2613,URBAN,5.392460158727144,1.1871470807202693,2.620421438200752,0
2614,URBAN,4.181629322909899,0.6018044436069129,2.5854602513270812,0
2615,URBAN,13.814158094188885,2.2652730959708,2.3355210670417192,0
2616,URBAN,0.5536481780924128,1.1811868208275258,2.4479260643129455,0
2617,URBAN,2.861043011140736,2.98971008292214,2.1646223349702645,0
2618,URBAN,8.291371041669766,0.9086168360268034,2.1484415670287884,0
2619,URBAN,4.270211563601657,1.1645722599785382,2.056054571295446,0
2620,URBAN,6.232337385688876,1.8654137006747589,2.3021028691620007,0
2621,URBAN,6.374181261761018,1.3005981237255873,2.4877800291489804,0
2622,URBAN,4.7457959881520315,0.8289123506768248,2.627519005871747,0
2623,URBAN,5.371914058641259,1.1469729412049463,2.5900261184273,0
2624,URBAN,16.207188377405526,0.5642588629866213,2.52833111206347,0
2625,URBAN,5.8091454023862825,1.3961671303875565,2.609732335577619,0
2626,URBAN,8.989351012103436,0.4228424552499715,2.5831960163278262,0
2627,URBAN,2.8842497125214144,0.3998870452075499,2.60083436117416,0
2628,URBAN,11.861907206612134,1.9568117495049733,2.8428594166596435,0
2629,URBAN,8.803894018651379,0.14168268180263155,2.831364524332265,0
2630,URBAN,2.9753465990141823,1.4578907551309646,2.635047469533208,0
2631,URBAN,3.6633327714995807,0.9401956247415845,2.556235563821809,0
2632,URBAN,8.619802517878778,1.3625204463943508,2.738710722215859,0
2633,URBAN,4.966321664007506,0.6101071070910299,2.7278102839142218,0
2634,URBAN,6.9900838962936,1.188589984765203,2.598389374846687,0
2635,URBAN,10.488594309090361,0.94538595756305,2.523260840678093,0
2636,URBAN,1.2365983831731877,0.7009473376740949,2.6071769329360275,0
2637,URBAN,4.647109960828735,0.607557630286553,2.619189637739565,0
2638,URBAN,4.185014244686196,1.36470149167291,2.5512182320560646,0
2639,URBAN,5.826738483143955,0.825260523579433,2.618283428590431,0
2640,URBAN,6.396506754810054,0.6965245101031757,2.541464959865707,0
2641,URBAN,9.309295137144238,1.245184841326979,2.5029379602435693,0
2642,URBAN,4.954127329689413,0.45751227418087553,2.461184713695009,0
2643,URBAN,5.665746731080066,1.4713073737196918,2.2856173850045787,0
2644,URBAN,3.017166173994233,0.36332276077604975,2.2758709530022445,0
2645,URBAN,10.017003217377312,2.0134831012298857,2.20070406884424,0
2646,URBAN,7.508666974777945,0.2939806996805314,2.250206263836664,0
2647,URBAN,4.622013706153807,1.122423447146492,2.2076207408505435,0
2648,URBAN,1.8318850107313067,1.1839228880503987,2.115717281117485,0
2649,URBAN,5.773137827540291,1.3972475766811636,2.2575548684937528,0
2650,URBAN,5.022803536638706,0.9518366579389286,2.4121636285316517,0
2651,URBAN,7.303910199695368,0.46646710049689216,2.4907755750182137,0
2652,URBAN,9.282553461095716,0.8396829270555244,2.4606567226682965,0
2653,URBAN,14.450644246903634,0.8952073528048171,2.6073367395990137,0
2654,URBAN,0.7270960186971632,0.6386098999291023,2.6418427962321136,0
2655,URBAN,9.589364251963005,1.0730323543966045,2.5926444236638164,0
2656,URBAN,7.258410328594218,0.9497085673369231,2.4764571765633723,0
2657,URBAN,7.524022134531269,0.8680868988234297,2.6090940059146552,0
2658,URBAN,0.779892140092141,1.2324084313040726,2.4584086414331128,0
2659,URBAN,4.87233024693258,0.7974365228959825,2.4222320778403743,0
2660,URBAN,16.541401927776956,1.8885095970374142,2.1885522375300717,0
2661,URBAN,5.408429369458249,0.6443267841673489,2.290247933091582,0
2662,URBAN,7.815946416189691,1.2298192022458376,2.430248082316014,0
2663,URBAN,8.135740589318724,0.9734446320701942,2.483890564255189,0
2664,URBAN,10.119541426016594,1.397536728936465,2.42448659691498,0
2665,URBAN,6.632211259311807,2.180379211772359,2.1901877435522015,0
2666,URBAN,5.363875709696378,0.3038325928983882,2.0813748761446504,0
2667,URBAN,0.9274048241451169,1.383595977560802,1.8045795640528983,0
2668,URBAN,2.9187648712208745,1.3016491770144558,1.4924179327258231,0
2669,URBAN,2.0116255050843304,0.5395727641090489,1.4000164574817073,0
2670,URBAN,9.007935545554709,1.0962471875549658,1.1650839549258338,0
2671,URBAN,3.5589914933652604,1.0467678835887668,1.0446835535480523,0
2672,URBAN,2.651520959800389,2.1833419413073734,1.0148179024276938,0
2673,URBAN,6.480283046462912,0.46591567816342105,0.9306427096627042,0
2674,URBAN,5.467748605167849,0.5481726754593235,0.8470496942018241,0
2675,URBAN,4.729179735645649,0.9692904814570905,0.7698920022300334,0
2676,URBAN,8.29579867027543,1.9687986500600079,0.4427623710431039,0
2677,URBAN,4.271015371529566,0.5816583522310534,0.40989851448390946,0
2678,URBAN,3.935810617098018,0.8199085333725303,0.7022489894756334,0
2679,URBAN,7.817585118698538,1.0654256076950261,0.8847351414409304,0
2680,URBAN,14.598593343572388,0.5481424643445846,1.2974474318559497,0
2681,URBAN,4.554380871837532,1.1877649331768336,1.5110673093721017,0
2682,URBAN,7.263600748792567,0.618404730458484,1.9015540382892016,0
2683,URBAN,3.3746517793770905,0.5343727431643506,2.1049797316018544,0
2684,URBAN,12.501835348498798,0.5964012177461422,2.244803090066496,0
2685,URBAN,3.6993257098376597,2.1062190175825855,2.1400411969485273,0
2686,URBAN,1.3025933257569324,1.753234984988041,2.4515533357959667,0
2687,URBAN,7.44979879788878,1.0101169507616787,2.3196464313520546,0
2688,URBAN,4.269911587507891,1.0946631781327805,2.343153558059214,0
2689,URBAN,14.546543495973559,0.43958406484640106,2.1294001744420186,0
2690,URBAN,8.673330400815466,0.23983169359691556,1.9493315285267878,0
2691,URBAN,17.211654583118417,1.8442426914274777,1.8246872058911165,0
2692,URBAN,3.2104725700781396,0.69156233308562,1.6911596368661794,0
2693,URBAN,3.8254466563644063,0.9540667653791695,1.6358534663880324,0
2694,URBAN,14.286775302036537,2.009236245158898,1.7263600794218512,0
2695,URBAN,12.569254341154902,1.058755683546808,1.8635929573314771,0
2696,URBAN,5.0541851012523304,1.2684866401896022,2.132227497529293,0
2697,URBAN,7.679265435429457,0.9567520138582019,2.238211114070207,0
2698,URBAN,5.895643147192796,1.3006532662163832,2.5248830750992557,0
2699,URBAN,5.123474593965712,0.8951336899230723,2.520844247851794,0
2700,URBAN,6.244234037126659,1.2265054065244445,2.399190584084405,0
2701,URBAN,9.96159658730966,0.6822310313692849,2.174051356436362,0
2702,URBAN,3.279192482185873,0.9378412960961999,2.1080743494465644,0
2703,URBAN,1.8945640884187125,1.687051939245039,1.9019329041546977,0
2704,URBAN,9.69654579893305,1.2734895231718038,1.75107823641611,0
2705,URBAN,8.27558740343009,1.4463591396960858,1.820332486921157,0
2706,URBAN,6.652381428629325,0.8760781714760553,1.8482789303760259,0
2707,URBAN,6.451358654841645,2.196653698158582,2.1910266649293657,0
2708,URBAN,8.279076910988174,0.9533411705581467,2.3809547342363397,0
2709,URBAN,0.45033876495366215,2.9355945063645152,2.287413367839974,0
2710,URBAN,5.2221780725577025,0.500537269964823,2.3009289148030123,0
2711,URBAN,3.209514714186818,0.4011382040061204,2.3092244854584494,0
2712,URBAN,8.758570161790932,1.4761983730070023,2.298064563028194,0
2713,URBAN,8.027147125315764,1.4668828020187878,2.105780957425586,0
2714,URBAN,8.994623556743369,1.1570614378004067,1.8949509151708293,0
2715,URBAN,14.309270828097311,0.7694322100820877,1.6657627957912204,0
2716,URBAN,4.311861665593442,2.377105943137539,1.4353768515874075,0
2717,URBAN,10.615238236586299,1.3960786917799926,1.6242242834641973,0
2718,URBAN,2.8740593707893205,0.8108648037171887,1.811315961413876,0
2719,URBAN,10.395605945982334,1.2164816028378111,1.8688678389340587,0
2720,URBAN,7.200749019356158,1.6787009326050601,2.0055289032559074,0
2721,URBAN,4.188048043466448,0.43796550072084717,2.2298924666462163,0
2722,URBAN,5.2141161115083055,2.1098840888265435,2.4734033657045287,0
2723,URBAN,12.92516847159567,1.0227583577287163,2.563285754897057,0
2724,URBAN,3.5407909322773627,1.136456488946874,2.6059659602181093,0
2725,URBAN,7.237411414449617,0.8697384560496778,2.4797321074777314,0
2726,URBAN,4.555527468874081,0.215982941450018,2.366078869064168,0
2727,URBAN,0.486271109630194,1.1854739754735408,2.1473001374259852,0
2728,URBAN,7.8318308600081545,1.1381857722151227,1.988559721664954,0
2729,URBAN,4.65994548927318,0.5036088922721914,1.9061326832896817,0
2730,URBAN,2.273519686091623,0.5267784838620673,1.9710487808855712,0
2731,URBAN,4.878408088688146,0.7025739066544127,2.0646744163520814,0
2732,URBAN,3.7137168336014565,1.200957851709774,2.324304313153979,0
2733,URBAN,1.5315773421178929,0.313620629767995,2.454857374283118,0
2734,URBAN,2.489918225193651,2.9017627775384667,2.9753237139637982,0
2735,URBAN,5.8904251819249644,0.3832226694109199,2.9680576054653054,0
2736,URBAN,1.915707526101635,0.442847015613424,2.9929122835505946,0
2737,URBAN,4.1437445608252155,0.8068187592359785,2.8067655787578407,0
2738,URBAN,4.715392441508235,0.6385832276547732,2.7213752086247807,0
2739,URBAN,9.208472699209358,0.6476606750715613,2.451543091347301,0
2740,URBAN,6.1804028491975345,1.4576830272389603,2.234824725043966,0
2741,URBAN,4.78510778131298,1.2709146425487508,1.900443083403425,0
2742,URBAN,2.5372788038710308,1.0937636291446202,1.930737862472329,0
2743,URBAN,10.519226253092235,1.1514258525152934,1.8648429509035462,0
2744,URBAN,8.698570789375736,1.4078610775736429,2.192662041343296,0
2745,URBAN,5.157234850713842,1.008780756902074,2.2838979915374917,0
2746,URBAN,14.166159726013264,0.2612348698793362,2.417866707024939,0
2747,URBAN,7.287539525685694,1.5748764375492914,2.479533054176793,0
2748,URBAN,7.212527063294686,0.9654046026039094,2.6233312742635877,0
2749,URBAN,3.814708121938753,1.1711851059130898,2.7139325520636697,0
2750,URBAN,8.145158032212777,0.29953400421309845,2.6190361818444026,0
2751,URBAN,8.504337762253662,2.2844618941506294,2.1284688051903293,0
2752,URBAN,8.734544574757336,1.5470045732792832,1.9441757337995,0
2753,URBAN,4.434974133901529,1.0416420379463636,1.7689966972863198,0
2754,URBAN,4.595000993144079,1.457825395795951,1.7613821649055053,0
2755,URBAN,12.901534374579771,2.141952422277269,1.6161450123671772,0
2756,URBAN,4.545036364546627,1.1191322863377768,1.6474300670045279,0
2757,URBAN,7.640352660487931,0.6461083042163047,1.8566955285932876,0
2758,URBAN,2.9888202245851234,1.1017194595897364,1.931449080920044,0
2759,URBAN,4.148466463947846,1.6437019120177567,2.3237830821375582,0
2760,URBAN,10.718188247123868,0.7202255870593578,2.505223965604184,0
2761,URBAN,3.3745883124158063,1.6123955519810529,2.6833827739589475,0
2762,URBAN,5.789831776087115,0.6301105283320537,2.573135169525367,0
2763,URBAN,8.704037838706538,0.7810837907340197,2.370443968492658,0
2764,URBAN,1.175507923738197,1.682869127882035,2.010894487603689,0
2765,URBAN,8.13942010938101,0.9185317195059303,2.0011949561794657,0
2766,URBAN,3.027338847372661,0.5479948792434663,2.014578946213623,0
2767,URBAN,5.481674915120699,0.6363762803861055,2.1245147322377442,0
2768,URBAN,4.360326618031694,1.0617889499254785,2.379647030786278,0
2769,URBAN,6.8527980508179,0.09582264900883834,2.5192671333266423,0
2770,URBAN,3.5978924645306876,0.610545685432475,2.738159331401313,0
2771,URBAN,5.540797890279558,0.5927336463237372,2.8498273361207946,0
2772,URBAN,7.283888475169312,0.8256699942377422,2.8914134736090893,0
2773,URBAN,7.129949364783983,1.0969836992109123,2.7598711647454572,0
2774,URBAN,5.327858704355654,0.13530592125730567,2.5979704271087596,0
2775,URBAN,2.8877065827504778,0.7863631658182372,2.506222722330809,0
2776,URBAN,7.4536201607163175,0.19272665349270574,2.31516471655646,0
2777,URBAN,9.642067887832306,1.7885924771839736,2.168623706385316,0
2778,URBAN,8.829461131875282,1.0011050219947057,2.248444462579182,0
2779,URBAN,5.594758233274773,1.5424619554009016,2.302152095698491,0
2780,URBAN,5.039472186939488,1.4668535587659837,2.4150106187853893,0
2781,URBAN,5.247606043864572,0.8708590750101464,2.4485591004034157,0
2782,URBAN,7.150820125231101,0.19298352599813096,2.557970603055488,0
2783,URBAN,3.4496350960230764,1.2458019996920924,2.6842168169126257,0
2784,URBAN,3.5153689137799304,1.347288153266695,2.566219139773995,0
2785,URBAN,3.737936803662485,3.114146655596507,2.5386966170587124,0
2786,URBAN,8.344828062617704,1.8596515242488136,2.16359745686934,0
2787,URBAN,7.070671230906293,1.3519266508867362,2.091835504937812,0
2788,URBAN,9.510523386050798,0.24432287051115978,1.9545555693867585,0
2789,URBAN,3.424453857631897,1.630742613541342,2.0810029036179447,0
2790,URBAN,5.121231337744051,1.0364099820214634,2.12506180121998,0
2791,URBAN,1.8385776445375752,0.6480783865828483,2.3249233009289365,0
2792,URBAN,5.218489607887269,1.2225006288132385,2.6216252905823754,0
2793,URBAN,12.478894781966497,0.5464537862259776,2.8090801939023717,0
2794,URBAN,5.380929508175945,0.547217654444204,2.849782645410312,0
2795,URBAN,5.188069601986974,0.8818151479665585,2.7913360996023737,0
2796,URBAN,7.523233740621875,1.2625136537754724,2.716395715093191,0
2797,URBAN,4.7409033766920885,0.5651169685876299,2.5356346454645062,0
2798,URBAN,6.248886250994853,1.1214490268878765,2.2542826694555647,0
2799,URBAN,8.219265736935577,0.7863034869045438,2.179441617340938,0
2800,URBAN,9.143042598977672,0.6407496797236975,2.103678727544997,0
2801,URBAN,4.2105189311962565,1.257824549956263,2.076951574862326,0
2802,URBAN,4.167394772768774,2.01578524743691,1.8464059025735307,0
2803,URBAN,7.033145839480843,0.46999319980455967,2.0433416384966723,0
2804,URBAN,5.916040763114865,1.257770049014147,2.151847908717165,0
2805,URBAN,7.543931484631598,0.9442630651071,2.2541111600958676,0
2806,URBAN,6.00656989300511,2.1616821256109295,2.3978954478414867,0
2807,URBAN,4.260741197033175,0.41704382360611264,2.421435600890452,0
2808,URBAN,9.307423991003683,0.7788468881256523,2.323061140610643,0
2809,URBAN,4.892616137658027,0.6350857231117875,2.168896156433988,0
2810,URBAN,2.9423066625125274,0.919901274060708,2.0711215433950967,0
2811,URBAN,0.5320159579308306,0.3534799392015411,1.896972055121801,0
2812,URBAN,8.129826437388132,0.26996998676212314,1.7761742651082555,0
2813,URBAN,6.319387133965203,0.8375277450485973,1.832698801999198,0
2814,URBAN,7.93624782528529,0.6899237909325968,1.9830608197912611,0
2815,URBAN,2.227889182823903,0.46515389605643115,2.097810477292167,0
2816,URBAN,4.465919356951398,1.2950469914544331,2.338526884157855,0
2817,URBAN,6.316873607689996,1.8273967506683775,2.265974873371346,0
2818,URBAN,5.654357752156103,1.0381219255713636,2.290852148786492,0
2819,URBAN,13.727892827897845,1.0332059014295165,2.2633441561136713,0
2820,URBAN,11.831663887781732,0.4825603151560978,2.3004020637106675,0
2821,URBAN,12.4426346091527,0.6317039740226686,2.1229636144678254,0
2822,URBAN,4.9656293317435685,0.27325906150771284,1.97340929315765,0
2823,URBAN,7.883565304828344,1.213772742258759,1.9682996324436717,0
2824,URBAN,8.889750735248242,0.6774853570090805,1.851597410037155,0
2825,URBAN,4.1555688493495575,0.33737518883108814,1.8321104365614216,0
2826,URBAN,7.14803846284327,0.8238203807559311,1.9057243285403638,0
2827,URBAN,5.271124849265101,1.2405473445160822,1.9391078453670771,0
2828,URBAN,8.803011558116014,1.240677784948561,2.177570166890313,0
2829,URBAN,7.163654344240554,0.6345750816284508,2.3487596637731856,0
2830,URBAN,4.254615004537207,1.1102483360056548,2.2460326174045644,0
2831,URBAN,3.603490002032219,1.5115304054393408,2.326789402802201,0
2832,URBAN,7.567090239418624,0.8883954728467994,2.1347371720593364,0
2833,URBAN,6.297376870022045,1.8864181307225554,1.8070135761526371,0
2834,URBAN,1.7357196332407494,0.7916270243505931,1.635485419900971,0
2835,URBAN,3.791095452164526,1.061077348775013,1.6325108432963629,0
2836,URBAN,4.552520074345677,0.6146422940939654,1.8061075284802,0
2837,URBAN,9.915508735179428,0.7051024797355793,2.0486045583397887,0
2838,URBAN,11.080856692521065,0.15595706008221916,2.2345455371060283,0
2839,URBAN,5.194419768281956,1.5847456738631434,2.589269118951436,0
2840,URBAN,1.7473935165987853,0.762049220447587,2.7854763752770406,0
2841,URBAN,2.5494553802430233,0.7108355529590944,2.953506398139026,0
2842,URBAN,2.1471033907253876,0.5787047307377814,3.0440758765839293,0
2843,URBAN,8.442570719091796,0.9657611681401111,3.1000149447801393,0
2844,URBAN,4.37435949812437,1.2924866541924938,2.806191558022555,0
2845,URBAN,6.398593960766598,0.588128668292765,2.6587029613033484,0
2846,URBAN,9.402916151933182,0.4220099423357977,2.3712695316611923,0
2847,URBAN,3.3418734494018563,0.15076895999961717,2.0914084003383056,0
2848,URBAN,6.117374481601344,0.29863247554767147,1.8332501846663254,0
2849,URBAN,4.7571502030185835,1.6778654189453877,1.6052988354429947,0
2850,URBAN,4.708492404418579,0.5080613281566477,1.4459991215073247,0
2851,URBAN,9.537941014770725,2.167614824910059,1.0624198154663902,0
2852,URBAN,7.352042557321075,2.199625491523724,0.6444059756847654,0
2853,URBAN,2.8183955417653106,1.2224245579304234,0.5702788468043567,0
2854,URBAN,7.696372440037024,0.2542267041022659,0.4867408392368849,0
2855,URBAN,3.2836500767005212,0.8108561800053725,0.32844136253400247,0
2856,URBAN,9.058382162855088,0.6021485741835214,0.3383279178320132,0
2857,URBAN,7.474035910947665,0.6045021416465358,0.35077542995041366,0
2858,URBAN,9.54940217985589,0.6762443098367483,0.33908874366419506,0
2859,URBAN,3.121754206970022,0.9131955903666646,0.33160911527075687,0
2860,URBAN,4.471762020445624,1.192046264870557,0.32484579596722696,0
2861,URBAN,16.366359832899818,0.9008645114979605,0.18673972447143955,0
2862,URBAN,3.6568958994659604,1.291528974848178,0.3193677295260058,0
2863,URBAN,7.546947123332759,0.913784895859548,0.3983417317006783,0
2864,URBAN,6.804565845721377,0.40753180265127026,0.29527980744594595,0
2865,URBAN,4.25087975938096,0.8728019516099572,0.21289342458980426,0
2866,URBAN,1.1025788231051983,0.6563527706316161,0.2673138178420999,0
2867,URBAN,7.3043592050310595,1.2337551274174414,0.395571782456725,0
2868,URBAN,4.574940705938153,1.3067997992158007,0.18922961121945833,0
2869,URBAN,2.378914621411058,0.9331026219226598,0.18625362270812165,0
2870,URBAN,7.699345814868364,0.8410847458083875,0.2675731097721706,0
2871,URBAN,7.732500175564452,0.7190979484537856,0.3268619513998359,0
2872,URBAN,4.030051536052963,0.8889840951555323,0.17034239870850212,0
2873,URBAN,1.6313182668699575,1.1007581444003867,0.19653112270364703,0
2874,URBAN,12.888864296662984,1.840910514631367,0.4081336070383912,0
2875,URBAN,6.731957945284261,0.8672103726872175,0.443494211006162,0
2876,URBAN,2.6770429008608136,0.44927763346577926,0.33204321366255135,0
2877,URBAN,7.416024552393728,0.8298487635553745,0.3743909058051827,0
2878,URBAN,4.86683513431028,1.315176380944829,0.3035483583664842,0
2879,URBAN,5.980661992130744,0.5664394475787887,0.19150854155062003,0
2880,URBAN,2.966054166711475,1.6515971334756954,0.13344175359879584,0
2881,URBAN,5.199768908953755,1.1581553705208807,0.23710711117601066,0
2882,URBAN,4.139767011011012,0.8813318174907608,0.1335283745392416,0
2883,URBAN,2.6643970251268825,0.2693240106491445,0.0817270418076876,0
2884,URBAN,6.357333956025944,1.0585719725384026,0.21113975923221406,0
2885,URBAN,11.259285784799745,1.4128132088932908,0.09999881766448142,0
2886,URBAN,5.307326058535912,1.116797387572005,0.08643707239567112,0
2887,URBAN,2.5912960648808907,1.4239452440314444,0.1354710974747436,0
2888,URBAN,10.400961734993407,2.2582258640826516,0.17909008518376904,0
2889,URBAN,5.6308327685743,1.2529871627323803,0.3292377298537171,0
2890,URBAN,1.139564887297317,0.9690932134915996,0.18539737141959453,0
2891,URBAN,2.9043349098084983,0.7604704825330698,0.24594393614271265,0
2892,URBAN,8.92530870387791,0.2911249690181258,0.2284780114703823,0
2893,URBAN,5.1230137458428135,1.2933822926922778,0.06183924579124601,0
2894,URBAN,2.8392119450000015,0.5025534479877216,0.08803095285878446,0
2895,URBAN,4.04634145360976,2.2305780265927297,0.24311668072466688,0
2896,URBAN,6.007439637358854,1.5210618906145523,0.35590988045892913,0
2897,URBAN,3.1233977866664393,0.8341869562091295,0.43002350782178006,0
2898,URBAN,6.474219364103801,1.0830921041666766,0.30160084557849975,0
2899,URBAN,6.260088840037996,0.8254903476526133,0.2722514852881663,0
2900,URBAN,11.768927103581323,1.9852848320805974,0.46759861770301786,0
2901,URBAN,4.33467607128374,0.20174934458474658,0.45749936557196735,0
2902,URBAN,2.018875876260089,0.9177619723682825,0.45398872454684736,0
2903,URBAN,3.2375637763145817,1.299687549533123,0.6040557492220171,0
2904,URBAN,6.147295464329128,1.2080564490207533,0.7275066158084397,0
2905,URBAN,1.7992874578109912,0.6101781287881803,0.7563101213769379,0
2906,URBAN,10.452156192560938,0.9932237329834768,0.7481943495087956,0
2907,URBAN,1.3332885826042442,0.8819623860517742,0.6396322525985467,0
2908,URBAN,4.620463048694399,1.1419180839361527,0.5342732701405987,0
2909,URBAN,5.741877224390772,1.1528878860412337,0.6785171204256145,0
2910,URBAN,11.242520137800938,2.032685403267705,0.9984298555388537,0
2911,URBAN,6.658375598816789,1.0109546704614034,1.0957072645808663,0
2912,URBAN,10.16126934160626,0.8931966062881617,1.039362191502124,0
2913,URBAN,12.955706621828607,1.371382416771726,1.2331368860162195,0
2914,URBAN,10.772864852284714,1.4976324257283453,1.0332939502921403,0
2915,URBAN,5.0457386389295955,0.6766159989759786,1.0249298614289934,0
2916,URBAN,5.501295967621959,1.5117665669619946,1.2026875430685353,0
2917,URBAN,7.997249612290311,1.2068630508001588,1.30839472227291,0
2918,URBAN,5.732346149547798,0.32231054344076,1.1882034322662027,0
2919,URBAN,7.079195807620989,0.749495138754044,1.1552840050819424,0
2920,URBAN,6.87734417908505,0.3183767262725901,1.091000780900409,0
2921,URBAN,4.522681457227567,0.5982268073195085,1.0619273192957859,0
2922,URBAN,8.619306380129842,0.9954871074442826,0.8199587388199765,0
2923,URBAN,10.460962031750826,0.35915117860654766,0.6943928035842659,0
2924,URBAN,2.6372820519862494,0.9957973754318585,0.7355798891447307,0
2925,URBAN,1.2922395744686637,1.260997686841249,0.8012330804861272,0
2926,URBAN,5.119904553912071,1.5094250043444173,0.8708978386621321,0
2927,URBAN,2.3937066431979983,1.3653606534388136,0.5692852902287638,0
2928,URBAN,5.722433897219542,2.3640344005705938,0.7411611199880996,0
2929,URBAN,5.42881303386474,1.323648762961492,0.7858790181536827,0
2930,URBAN,15.132288471808831,1.6585928011144226,0.7970247733343284,0
2931,URBAN,9.412259681966155,1.4103698134032008,0.8959128608586872,0
2932,URBAN,4.904763082991159,1.1841389925754662,0.8545036733675688,0
2933,URBAN,6.748406698090653,0.8989543317618309,0.9588941937606019,0
2934,URBAN,2.332945124312542,1.1863154931546804,1.0235432031871512,0
2935,URBAN,10.434864412704602,1.0043096162175933,0.9422987058703177,0
2936,URBAN,7.5805902559444895,1.482721656613386,1.196079870331253,0
2937,URBAN,6.196252603040142,1.1112983863987258,1.2713656679190661,0
2938,URBAN,4.066043140636172,1.525619084824562,1.3656060825604286,0
2939,URBAN,8.514636389951852,0.5026958890743959,1.3791262145543075,0
2940,URBAN,11.121814916959792,0.4871150022814681,1.3719754255692798,0
2941,URBAN,7.989223474752324,0.7744603503116646,1.4649922717113046,0
2942,URBAN,12.089890783162188,1.3518554365864226,1.5662675688090928,0
2943,URBAN,2.895284190444736,0.5763268869255047,1.6371967746470397,0
2944,URBAN,9.828975265012229,0.7684073142924153,1.7574504212298645,0
2945,URBAN,4.085452227645387,1.9994504115755396,1.5891197830342765,0
2946,URBAN,8.922973218972869,0.21825322918138787,1.6375008957067714,0
2947,URBAN,5.859279525928578,1.9530898392597724,1.409448645465888,0
2948,URBAN,3.584565846544256,0.9745817574828877,1.4662142523927535,0
2949,URBAN,1.7226350023988506,0.4085470843452368,1.5065568755305183,0
2950,URBAN,5.313782740098502,0.5574295159368401,1.4973409341239732,0
2951,URBAN,0.3622507080732193,0.8164678577278864,1.4514876828160164,0
2952,URBAN,5.907829458837152,1.0615036527351986,1.3679837937276,0
2953,URBAN,0.16856178364434204,0.7896049294797266,1.4603731968079954,0
2954,URBAN,3.935898506203913,1.3082272997063267,1.689427403915245,0
2955,URBAN,6.95139714380805,0.7807282082341267,1.6393330316781793,0
2956,URBAN,1.9180359574735173,1.214180621762494,1.573794818065288,0
2957,URBAN,2.7219461159500318,0.8757386010613697,1.6942431063814194,0
2958,URBAN,5.59350068604286,1.041651305128955,1.839716312411479,0
2959,URBAN,11.540253478622484,0.8757542370917449,1.8936453543713077,0
2960,URBAN,12.12481155860905,0.7697511428422569,1.956660209394927,0
2961,URBAN,6.716271573826769,0.45348472595432204,1.9521107213167672,0
2962,URBAN,3.1010206764592105,1.1795701024290095,2.0206524184696613,0
2963,URBAN,6.630246728546741,0.7494858357900644,2.122637171790759,0
2964,URBAN,2.482432789160793,1.237236915994905,1.9559900129999164,0
2965,URBAN,7.3696505562880175,2.142845786361386,1.9886421534179473,0
2966,URBAN,6.965296930748007,0.5681556703430125,1.9267539916962821,0
2967,URBAN,9.196897047100016,1.0973165792572697,1.8027100416926505,0
2968,URBAN,7.779390972100916,0.5435177176301248,1.7556935403206235,0
2969,URBAN,7.864937957392388,1.0166736455314591,1.6748273556337379,0
2970,URBAN,10.130097933654113,1.2629119234662594,1.7008853019353338,0
2971,URBAN,6.175235955993534,1.3266656131032422,1.9121013864235803,0
2972,URBAN,6.420838053840235,1.6928964120621186,2.088962357915347,0
2973,URBAN,10.821121676759045,1.2780520045889725,2.1057701615427917,0
2974,URBAN,7.7431404297178785,1.2788863061287803,2.263006322344394,0
2975,URBAN,9.44673192918239,0.14855271556254554,2.2398135019238867,0
2976,URBAN,7.378625689094994,2.2085848644303665,1.9429492580949892,0
2977,URBAN,6.286485705484077,0.8726898126728994,2.0271775113014514,0
2978,URBAN,9.683563999060732,0.3874079616283033,2.02519481524939,0
2979,URBAN,10.018783963779356,2.509367153062855,2.1652521217150316,0
2980,URBAN,4.606257624295226,1.18480470649874,2.1710183543785866,0
2981,URBAN,3.6250585163213866,1.4336373382991208,2.039725970824384,0
2982,URBAN,6.166095422704309,1.3550696119001235,2.205086538982583,0
2983,URBAN,5.3311644950657975,0.38785365407811456,2.162148668300027,0
2984,URBAN,6.059297603975299,1.331096076862685,1.9787162847022435,0
2985,URBAN,3.701338103323886,1.1628172637358445,2.1092761501752775,0
2986,URBAN,3.21732406641212,1.0259937373484584,1.9701588253663214,0
2987,URBAN,5.396473354322105,0.78400229981462,2.0857402189175467,0
2988,URBAN,4.748231154580107,1.2612151332983839,2.0606785901672184,0
2989,URBAN,7.267223892450668,0.4816915741256681,2.120491295076463,0
2990,URBAN,9.549712212946641,0.847283813290719,2.183283244648304,0
2991,URBAN,2.10534509870864,2.3921086755125494,1.9531358616681846,0
2992,URBAN,2.45317458424173,0.8412138667164114,1.983758987164241,0
2993,URBAN,5.956892713045447,2.4552770678154743,2.114556045041781,0
2994,URBAN,5.22543825540898,1.9942399813333584,2.0837361278862305,0
2995,URBAN,7.10436236447665,0.5280638795177883,2.0249764764795133,0
2996,URBAN,6.378954245389451,0.5579734580813277,2.0970935231869796,0
2997,URBAN,11.610600415901661,2.4111145652116415,2.0791333237626586,0
2998,URBAN,10.854288646378823,1.9908059585030644,2.233546546038504,0
2999,URBAN,13.207635705380044,1.2438877997178688,2.1844957557455325,0
